0
SECTION
2
HEADER
9
$ACADVER
1
AC1015
9
$DWGCODEPAGE
3
ANSI_1252
9
$INSBASE
10
0
20
0
30
0
9
$EXTMIN
10
0
20
0
30
0
9
$EXTMAX
10
85088
20
59400
30
0
9
$LIMMIN
10
0
20
0
9
$LIMMAX
10
85088
20
59400
9
$ORTHOMODE
70
0
9
$LTSCALE
40
25
9
$TEXTSIZE
40
2.5
9
$TEXTSTYLE
7
STANDARD
9
$CLAYER
8
0
9
$CELTYPE
6
BYLAYER
9
$CECOLOR
62
256
9
$DIMSTYLE
2
STANDARD
9
$INSUNITS
70
4
9
$MEASUREMENT
70
1
9
$PDMODE
70
0
9
$PSLTSCALE
70
1
9
$TILEMODE
70
1
9
$HANDSEED
5
FB2
0
ENDSEC
0
SECTION
2
CLASSES
0
ENDSEC
0
SECTION
2
TABLES
0
TABLE
2
VPORT
5
10F
330
0
100
AcDbSymbolTable
70
1
0
VPORT
5
110
330
10F
100
AcDbSymbolTableRecord
100
AcDbViewportTableRecord
2
*Active
70
0
10
0
20
0
11
1
21
1
12
42544
22
29700
13
0
23
0
14
10
24
10
15
10
25
10
16
0
26
0
36
1
17
0
27
0
37
0
40
65340
41
1.432458
42
50
43
0
44
0
50
0
51
0
71
0
72
1000
73
1
74
3
75
0
76
0
77
0
78
0
281
0
65
1
110
0
120
0
130
0
111
1
121
0
131
0
112
0
122
1
132
0
79
0
146
0
0
ENDTAB
0
TABLE
2
LTYPE
5
111
330
0
100
AcDbSymbolTable
70
8
0
LTYPE
5
112
330
111
100
AcDbSymbolTableRecord
100
AcDbLinetypeTableRecord
2
ByBlock
70
0
3

72
65
73
0
40
0
0
LTYPE
5
113
330
111
100
AcDbSymbolTableRecord
100
AcDbLinetypeTableRecord
2
ByLayer
70
0
3

72
65
73
0
40
0
0
LTYPE
5
114
330
111
100
AcDbSymbolTableRecord
100
AcDbLinetypeTableRecord
2
CONTINUOUS
70
0
3
Solid line
72
65
73
0
40
0
0
LTYPE
5
115
330
111
100
AcDbSymbolTableRecord
100
AcDbLinetypeTableRecord
2
DASHED
70
0
3
Dashed __ __ __
72
65
73
2
40
19.05
49
12.7
74
0
49
-6.35
74
0
0
LTYPE
5
116
330
111
100
AcDbSymbolTableRecord
100
AcDbLinetypeTableRecord
2
HIDDEN
70
0
3
Hidden __ __ __
72
65
73
2
40
9.525
49
6.35
74
0
49
-3.175
74
0
0
LTYPE
5
117
330
111
100
AcDbSymbolTableRecord
100
AcDbLinetypeTableRecord
2
CENTER
70
0
3
Center ____ _ ____ _
72
65
73
4
40
50.8
49
31.75
74
0
49
-6.35
74
0
49
6.35
74
0
49
-6.35
74
0
0
LTYPE
5
118
330
111
100
AcDbSymbolTableRecord
100
AcDbLinetypeTableRecord
2
DASHDOT
70
0
3
Dash dot __ . __ . __
72
65
73
4
40
25.4
49
12.7
74
0
49
-6.35
74
0
49
0
74
0
49
-6.35
74
0
0
LTYPE
5
119
330
111
100
AcDbSymbolTableRecord
100
AcDbLinetypeTableRecord
2
PHANTOM
70
0
3
Phantom ____ _ _ ____
72
65
73
6
40
63.5
49
31.75
74
0
49
-6.35
74
0
49
6.35
74
0
49
-6.35
74
0
49
6.35
74
0
49
-6.35
74
0
0
ENDTAB
0
TABLE
2
LAYER
5
11A
330
0
100
AcDbSymbolTable
70
50
0
LAYER
5
11B
330
11A
100
AcDbSymbolTableRecord
100
AcDbLayerTableRecord
2
0
70
0
62
7
6
CONTINUOUS
370
-3
390
103
0
LAYER
5
11C
330
11A
100
AcDbSymbolTableRecord
100
AcDbLayerTableRecord
2
ST-SHEET-FRAME
70
0
62
7
6
CONTINUOUS
370
50
390
103
0
LAYER
5
11D
330
11A
100
AcDbSymbolTableRecord
100
AcDbLayerTableRecord
2
ST-SHEET-TITLE
70
0
62
7
6
CONTINUOUS
370
25
390
103
0
LAYER
5
11E
330
11A
100
AcDbSymbolTableRecord
100
AcDbLayerTableRecord
2
ST-TEXT
70
0
62
7
6
CONTINUOUS
370
-3
390
103
0
LAYER
5
11F
330
11A
100
AcDbSymbolTableRecord
100
AcDbLayerTableRecord
2
ST-SHEET-TEXT
70
0
62
2
6
CONTINUOUS
370
-3
390
103
0
LAYER
5
120
330
11A
100
AcDbSymbolTableRecord
100
AcDbLayerTableRecord
2
ST-SHEET-NOTES
70
0
62
7
6
CONTINUOUS
370
-3
390
103
0
LAYER
5
121
330
11A
100
AcDbSymbolTableRecord
100
AcDbLayerTableRecord
2
ST-GRID
70
0
62
8
6
CENTER
370
-3
390
103
0
LAYER
5
122
330
11A
100
AcDbSymbolTableRecord
100
AcDbLayerTableRecord
2
ST-GRID-BUBBLE
70
0
62
8
6
CONTINUOUS
370
-3
390
103
0
LAYER
5
123
330
11A
100
AcDbSymbolTableRecord
100
AcDbLayerTableRecord
2
ST-SLAB-EDGE
70
0
62
3
6
CONTINUOUS
370
35
390
103
0
LAYER
5
124
330
11A
100
AcDbSymbolTableRecord
100
AcDbLayerTableRecord
2
ST-COL
70
0
62
7
6
CONTINUOUS
370
35
390
103
0
LAYER
5
125
330
11A
100
AcDbSymbolTableRecord
100
AcDbLayerTableRecord
2
ST-COL-HATCH
70
0
62
7
6
CONTINUOUS
370
-3
390
103
0
LAYER
5
126
330
11A
100
AcDbSymbolTableRecord
100
AcDbLayerTableRecord
2
ST-OPENING
70
0
62
6
6
CONTINUOUS
370
-3
390
103
0
LAYER
5
127
330
11A
100
AcDbSymbolTableRecord
100
AcDbLayerTableRecord
2
ST-OPENING-HATCH
70
0
62
6
6
CONTINUOUS
370
-3
390
103
0
LAYER
5
128
330
11A
100
AcDbSymbolTableRecord
100
AcDbLayerTableRecord
2
ST-VOID
70
0
62
30
6
DASHED
370
-3
390
103
0
LAYER
5
129
330
11A
100
AcDbSymbolTableRecord
100
AcDbLayerTableRecord
2
ST-VOID-HATCH
70
0
62
30
6
CONTINUOUS
370
-3
390
103
0
LAYER
5
12A
330
11A
100
AcDbSymbolTableRecord
100
AcDbLayerTableRecord
2
ST-PT-ZONE
70
0
62
4
6
DASHDOT
370
-3
390
103
0
LAYER
5
12B
330
11A
100
AcDbSymbolTableRecord
100
AcDbLayerTableRecord
2
ST-PT-TENDON
70
0
62
3
6
CONTINUOUS
370
-3
390
103
0
LAYER
5
12C
330
11A
100
AcDbSymbolTableRecord
100
AcDbLayerTableRecord
2
ST-PT-HATCH
70
0
62
4
6
CONTINUOUS
370
-3
390
103
0
LAYER
5
12D
330
11A
100
AcDbSymbolTableRecord
100
AcDbLayerTableRecord
2
ST-RB-BOT
70
0
62
1
6
CONTINUOUS
370
50
390
103
0
LAYER
5
12E
330
11A
100
AcDbSymbolTableRecord
100
AcDbLayerTableRecord
2
ST-RB-TOP
70
0
62
5
6
CONTINUOUS
370
50
390
103
0
LAYER
5
12F
330
11A
100
AcDbSymbolTableRecord
100
AcDbLayerTableRecord
2
ST-RB-UBAR
70
0
62
6
6
CONTINUOUS
370
50
390
103
0
LAYER
5
130
330
11A
100
AcDbSymbolTableRecord
100
AcDbLayerTableRecord
2
ST-RB-TRIM
70
0
62
6
6
CONTINUOUS
370
50
390
103
0
LAYER
5
131
330
11A
100
AcDbSymbolTableRecord
100
AcDbLayerTableRecord
2
ST-RB-RANGE
70
0
62
6
6
CONTINUOUS
370
-3
390
103
0
LAYER
5
132
330
11A
100
AcDbSymbolTableRecord
100
AcDbLayerTableRecord
2
ST-RB-TEXT
70
0
62
7
6
CONTINUOUS
370
-3
390
103
0
LAYER
5
133
330
11A
100
AcDbSymbolTableRecord
100
AcDbLayerTableRecord
2
ST-RB-MESH
70
0
62
4
6
CONTINUOUS
370
-3
390
103
0
LAYER
5
134
330
11A
100
AcDbSymbolTableRecord
100
AcDbLayerTableRecord
2
ST-RB-PUNCH
70
0
62
6
6
CONTINUOUS
370
35
390
103
0
LAYER
5
135
330
11A
100
AcDbSymbolTableRecord
100
AcDbLayerTableRecord
2
ST-RB-TYPE
70
0
62
1
6
CONTINUOUS
370
-3
390
103
0
LAYER
5
136
330
11A
100
AcDbSymbolTableRecord
100
AcDbLayerTableRecord
2
ST-RB
70
0
62
6
6
CONTINUOUS
370
50
390
103
0
LAYER
5
137
330
11A
100
AcDbSymbolTableRecord
100
AcDbLayerTableRecord
2
ST-RB-B1
70
0
62
6
6
CONTINUOUS
370
50
390
103
0
LAYER
5
138
330
11A
100
AcDbSymbolTableRecord
100
AcDbLayerTableRecord
2
ST-RB-B2
70
0
62
6
6
CONTINUOUS
370
50
390
103
0
LAYER
5
139
330
11A
100
AcDbSymbolTableRecord
100
AcDbLayerTableRecord
2
ST-RB-T1
70
0
62
6
6
CONTINUOUS
370
50
390
103
0
LAYER
5
13A
330
11A
100
AcDbSymbolTableRecord
100
AcDbLayerTableRecord
2
ST-RB-T2
70
0
62
6
6
CONTINUOUS
370
50
390
103
0
LAYER
5
13B
330
11A
100
AcDbSymbolTableRecord
100
AcDbLayerTableRecord
2
ST-STAIR
70
0
62
8
6
CONTINUOUS
370
-3
390
103
0
LAYER
5
13C
330
11A
100
AcDbSymbolTableRecord
100
AcDbLayerTableRecord
2
ST-WALL
70
0
62
8
6
CONTINUOUS
370
50
390
103
0
LAYER
5
13D
330
11A
100
AcDbSymbolTableRecord
100
AcDbLayerTableRecord
2
ST-SLAB-THK
70
0
62
3
6
DASHED
370
-3
390
103
0
LAYER
5
13E
330
11A
100
AcDbSymbolTableRecord
100
AcDbLayerTableRecord
2
ST-SLAB-THK-HATCH
70
0
62
8
6
CONTINUOUS
370
-3
390
103
0
LAYER
5
13F
330
11A
100
AcDbSymbolTableRecord
100
AcDbLayerTableRecord
2
ST-PT-ANCHOR
70
0
62
3
6
CONTINUOUS
370
-3
390
103
0
LAYER
5
140
330
11A
100
AcDbSymbolTableRecord
100
AcDbLayerTableRecord
2
ST-BEAM
70
0
62
3
6
CONTINUOUS
370
25
390
103
0
LAYER
5
141
330
11A
100
AcDbSymbolTableRecord
100
AcDbLayerTableRecord
2
ST-SUNKEN
70
0
62
4
6
CONTINUOUS
370
-3
390
103
0
LAYER
5
142
330
11A
100
AcDbSymbolTableRecord
100
AcDbLayerTableRecord
2
ST-SUNKEN-HATCH
70
0
62
8
6
CONTINUOUS
370
-3
390
103
0
LAYER
5
143
330
11A
100
AcDbSymbolTableRecord
100
AcDbLayerTableRecord
2
ST-CALLOUT
70
0
62
3
6
CONTINUOUS
370
-3
390
103
0
LAYER
5
144
330
11A
100
AcDbSymbolTableRecord
100
AcDbLayerTableRecord
2
ST-DIM
70
0
62
8
6
CONTINUOUS
370
-3
390
103
0
LAYER
5
145
330
11A
100
AcDbSymbolTableRecord
100
AcDbLayerTableRecord
2
ST-DETAIL
70
0
62
7
6
CONTINUOUS
370
-3
390
103
0
LAYER
5
146
330
11A
100
AcDbSymbolTableRecord
100
AcDbLayerTableRecord
2
ST-DETAIL-HATCH
70
0
62
8
6
CONTINUOUS
370
-3
390
103
0
LAYER
5
147
330
11A
100
AcDbSymbolTableRecord
100
AcDbLayerTableRecord
2
ST-SHEET-SCHEDULE
70
0
62
7
6
CONTINUOUS
370
-3
390
103
0
LAYER
5
148
330
11A
100
AcDbSymbolTableRecord
100
AcDbLayerTableRecord
2
ST-SHEET-SCHEDULE-TEXT
70
0
62
7
6
CONTINUOUS
370
-3
390
103
0
LAYER
5
149
330
11A
100
AcDbSymbolTableRecord
100
AcDbLayerTableRecord
2
ST-HATCH
70
0
62
8
6
CONTINUOUS
370
-3
390
103
0
LAYER
5
14A
330
11A
100
AcDbSymbolTableRecord
100
AcDbLayerTableRecord
2
ST-PT-CABLE
70
0
62
3
6
CONTINUOUS
370
50
390
103
0
LAYER
5
14B
330
11A
100
AcDbSymbolTableRecord
100
AcDbLayerTableRecord
2
ST-PT-TEXT
70
0
62
3
6
CONTINUOUS
370
-3
390
103
0
LAYER
5
14C
330
11A
100
AcDbSymbolTableRecord
100
AcDbLayerTableRecord
2
ST-XREF
70
0
62
7
6
CONTINUOUS
370
-3
390
103
0
ENDTAB
0
TABLE
2
STYLE
5
14D
330
0
100
AcDbSymbolTable
70
3
0
STYLE
5
14E
330
14D
100
AcDbSymbolTableRecord
100
AcDbTextStyleTableRecord
2
STANDARD
70
0
40
0
41
1
50
0
71
0
42
2.5
3
arial.ttf
4

0
STYLE
5
14F
330
14D
100
AcDbSymbolTableRecord
100
AcDbTextStyleTableRecord
2
ST-REBAR
70
0
40
0
41
1
50
0
71
0
42
2.5
3
romans.shx
4

0
STYLE
5
150
330
14D
100
AcDbSymbolTableRecord
100
AcDbTextStyleTableRecord
2
ST-TITLE
70
0
40
0
41
1
50
0
71
0
42
2.5
3
arial.ttf
4

0
ENDTAB
0
TABLE
2
VIEW
5
151
330
0
100
AcDbSymbolTable
70
0
0
ENDTAB
0
TABLE
2
UCS
5
152
330
0
100
AcDbSymbolTable
70
0
0
ENDTAB
0
TABLE
2
APPID
5
153
330
0
100
AcDbSymbolTable
70
1
0
APPID
5
154
330
153
100
AcDbSymbolTableRecord
100
AcDbRegAppTableRecord
2
ACAD
70
0
0
ENDTAB
0
TABLE
2
DIMSTYLE
5
155
330
0
100
AcDbSymbolTable
70
1
100
AcDbDimStyleTable
0
DIMSTYLE
105
156
330
155
100
AcDbSymbolTableRecord
100
AcDbDimStyleTableRecord
2
STANDARD
70
0
40
1
41
2.5
42
0.625
43
3.75
44
1.25
140
2.5
141
2.5
147
0.625
0
ENDTAB
0
TABLE
2
BLOCK_RECORD
5
107
330
0
100
AcDbSymbolTable
70
3
0
BLOCK_RECORD
5
108
330
107
100
AcDbSymbolTableRecord
100
AcDbBlockTableRecord
2
*Model_Space
340
105
0
BLOCK_RECORD
5
109
330
107
100
AcDbSymbolTableRecord
100
AcDbBlockTableRecord
2
*Paper_Space
340
106
0
BLOCK_RECORD
5
10E
330
107
100
AcDbSymbolTableRecord
100
AcDbBlockTableRecord
2
FRAMING_REBAR_PUNCHING_LINKS_L01
340
0
0
ENDTAB
0
ENDSEC
0
SECTION
2
BLOCKS
0
BLOCK
5
10A
330
108
100
AcDbEntity
8
0
100
AcDbBlockBegin
2
*Model_Space
70
0
10
0
20
0
30
0
3
*Model_Space
1

0
ENDBLK
5
10B
330
108
100
AcDbEntity
8
0
100
AcDbBlockEnd
0
BLOCK
5
10C
330
109
100
AcDbEntity
67
1
8
0
100
AcDbBlockBegin
2
*Paper_Space
70
0
10
0
20
0
30
0
3
*Paper_Space
1

0
ENDBLK
5
10D
330
109
100
AcDbEntity
67
1
8
0
100
AcDbBlockEnd
0
BLOCK
5
157
330
10E
100
AcDbEntity
8
0
100
AcDbBlockBegin
2
FRAMING_REBAR_PUNCHING_LINKS_L01
70
0
10
0
20
0
30
0
3
FRAMING_REBAR_PUNCHING_LINKS_L01
1

0
LWPOLYLINE
5
158
330
10E
100
AcDbEntity
8
ST-SHEET-FRAME
370
13
100
AcDbPolyline
90
4
70
1
43
0
10
0
20
0
10
84100
20
0
10
84100
20
59400
10
0
20
59400
0
LWPOLYLINE
5
159
330
10E
100
AcDbEntity
8
ST-SHEET-FRAME
100
AcDbPolyline
90
4
70
1
43
0
10
2000
20
1000
10
83100
20
1000
10
83100
20
58400
10
2000
20
58400
0
LINE
5
15A
330
10E
100
AcDbEntity
8
ST-SHEET-FRAME
100
AcDbLine
10
42050
20
0
30
0
11
42050
21
600
31
0
0
LINE
5
15B
330
10E
100
AcDbEntity
8
ST-SHEET-FRAME
100
AcDbLine
10
42050
20
59400
30
0
11
42050
21
58800
31
0
0
LINE
5
15C
330
10E
100
AcDbEntity
8
ST-SHEET-FRAME
100
AcDbLine
10
0
20
29700
30
0
11
600
21
29700
31
0
0
LINE
5
15D
330
10E
100
AcDbEntity
8
ST-SHEET-FRAME
100
AcDbLine
10
84100
20
29700
30
0
11
83500
21
29700
31
0
0
LINE
5
15E
330
10E
100
AcDbEntity
8
ST-SHEET-FRAME
370
13
100
AcDbLine
10
2000
20
58400
30
0
11
2000
21
59400
31
0
0
LINE
5
15F
330
10E
100
AcDbEntity
8
ST-SHEET-FRAME
370
13
100
AcDbLine
10
2000
20
0
30
0
11
2000
21
1000
31
0
0
TEXT
5
160
330
10E
100
AcDbEntity
8
ST-SHEET-FRAME
100
AcDbText
10
7068.75
20
58900
30
0
40
250
1
1
7
STANDARD
72
1
11
7068.75
21
58900
31
0
100
AcDbText
73
2
0
TEXT
5
161
330
10E
100
AcDbEntity
8
ST-SHEET-FRAME
100
AcDbText
10
7068.75
20
500
30
0
40
250
1
1
7
STANDARD
72
1
11
7068.75
21
500
31
0
100
AcDbText
73
2
0
LINE
5
162
330
10E
100
AcDbEntity
8
ST-SHEET-FRAME
370
13
100
AcDbLine
10
12137.5
20
58400
30
0
11
12137.5
21
59400
31
0
0
LINE
5
163
330
10E
100
AcDbEntity
8
ST-SHEET-FRAME
370
13
100
AcDbLine
10
12137.5
20
0
30
0
11
12137.5
21
1000
31
0
0
TEXT
5
164
330
10E
100
AcDbEntity
8
ST-SHEET-FRAME
100
AcDbText
10
17206.25
20
58900
30
0
40
250
1
2
7
STANDARD
72
1
11
17206.25
21
58900
31
0
100
AcDbText
73
2
0
TEXT
5
165
330
10E
100
AcDbEntity
8
ST-SHEET-FRAME
100
AcDbText
10
17206.25
20
500
30
0
40
250
1
2
7
STANDARD
72
1
11
17206.25
21
500
31
0
100
AcDbText
73
2
0
LINE
5
166
330
10E
100
AcDbEntity
8
ST-SHEET-FRAME
370
13
100
AcDbLine
10
22275
20
58400
30
0
11
22275
21
59400
31
0
0
LINE
5
167
330
10E
100
AcDbEntity
8
ST-SHEET-FRAME
370
13
100
AcDbLine
10
22275
20
0
30
0
11
22275
21
1000
31
0
0
TEXT
5
168
330
10E
100
AcDbEntity
8
ST-SHEET-FRAME
100
AcDbText
10
27343.75
20
58900
30
0
40
250
1
3
7
STANDARD
72
1
11
27343.75
21
58900
31
0
100
AcDbText
73
2
0
TEXT
5
169
330
10E
100
AcDbEntity
8
ST-SHEET-FRAME
100
AcDbText
10
27343.75
20
500
30
0
40
250
1
3
7
STANDARD
72
1
11
27343.75
21
500
31
0
100
AcDbText
73
2
0
LINE
5
16A
330
10E
100
AcDbEntity
8
ST-SHEET-FRAME
370
13
100
AcDbLine
10
32412.5
20
58400
30
0
11
32412.5
21
59400
31
0
0
LINE
5
16B
330
10E
100
AcDbEntity
8
ST-SHEET-FRAME
370
13
100
AcDbLine
10
32412.5
20
0
30
0
11
32412.5
21
1000
31
0
0
TEXT
5
16C
330
10E
100
AcDbEntity
8
ST-SHEET-FRAME
100
AcDbText
10
37481.25
20
58900
30
0
40
250
1
4
7
STANDARD
72
1
11
37481.25
21
58900
31
0
100
AcDbText
73
2
0
TEXT
5
16D
330
10E
100
AcDbEntity
8
ST-SHEET-FRAME
100
AcDbText
10
37481.25
20
500
30
0
40
250
1
4
7
STANDARD
72
1
11
37481.25
21
500
31
0
100
AcDbText
73
2
0
LINE
5
16E
330
10E
100
AcDbEntity
8
ST-SHEET-FRAME
370
13
100
AcDbLine
10
42550
20
58400
30
0
11
42550
21
59400
31
0
0
LINE
5
16F
330
10E
100
AcDbEntity
8
ST-SHEET-FRAME
370
13
100
AcDbLine
10
42550
20
0
30
0
11
42550
21
1000
31
0
0
TEXT
5
170
330
10E
100
AcDbEntity
8
ST-SHEET-FRAME
100
AcDbText
10
47618.75
20
58900
30
0
40
250
1
5
7
STANDARD
72
1
11
47618.75
21
58900
31
0
100
AcDbText
73
2
0
TEXT
5
171
330
10E
100
AcDbEntity
8
ST-SHEET-FRAME
100
AcDbText
10
47618.75
20
500
30
0
40
250
1
5
7
STANDARD
72
1
11
47618.75
21
500
31
0
100
AcDbText
73
2
0
LINE
5
172
330
10E
100
AcDbEntity
8
ST-SHEET-FRAME
370
13
100
AcDbLine
10
52687.5
20
58400
30
0
11
52687.5
21
59400
31
0
0
LINE
5
173
330
10E
100
AcDbEntity
8
ST-SHEET-FRAME
370
13
100
AcDbLine
10
52687.5
20
0
30
0
11
52687.5
21
1000
31
0
0
TEXT
5
174
330
10E
100
AcDbEntity
8
ST-SHEET-FRAME
100
AcDbText
10
57756.25
20
58900
30
0
40
250
1
6
7
STANDARD
72
1
11
57756.25
21
58900
31
0
100
AcDbText
73
2
0
TEXT
5
175
330
10E
100
AcDbEntity
8
ST-SHEET-FRAME
100
AcDbText
10
57756.25
20
500
30
0
40
250
1
6
7
STANDARD
72
1
11
57756.25
21
500
31
0
100
AcDbText
73
2
0
LINE
5
176
330
10E
100
AcDbEntity
8
ST-SHEET-FRAME
370
13
100
AcDbLine
10
62825
20
58400
30
0
11
62825
21
59400
31
0
0
LINE
5
177
330
10E
100
AcDbEntity
8
ST-SHEET-FRAME
370
13
100
AcDbLine
10
62825
20
0
30
0
11
62825
21
1000
31
0
0
TEXT
5
178
330
10E
100
AcDbEntity
8
ST-SHEET-FRAME
100
AcDbText
10
67893.75
20
58900
30
0
40
250
1
7
7
STANDARD
72
1
11
67893.75
21
58900
31
0
100
AcDbText
73
2
0
TEXT
5
179
330
10E
100
AcDbEntity
8
ST-SHEET-FRAME
100
AcDbText
10
67893.75
20
500
30
0
40
250
1
7
7
STANDARD
72
1
11
67893.75
21
500
31
0
100
AcDbText
73
2
0
LINE
5
17A
330
10E
100
AcDbEntity
8
ST-SHEET-FRAME
370
13
100
AcDbLine
10
72962.5
20
58400
30
0
11
72962.5
21
59400
31
0
0
LINE
5
17B
330
10E
100
AcDbEntity
8
ST-SHEET-FRAME
370
13
100
AcDbLine
10
72962.5
20
0
30
0
11
72962.5
21
1000
31
0
0
TEXT
5
17C
330
10E
100
AcDbEntity
8
ST-SHEET-FRAME
100
AcDbText
10
78031.25
20
58900
30
0
40
250
1
8
7
STANDARD
72
1
11
78031.25
21
58900
31
0
100
AcDbText
73
2
0
TEXT
5
17D
330
10E
100
AcDbEntity
8
ST-SHEET-FRAME
100
AcDbText
10
78031.25
20
500
30
0
40
250
1
8
7
STANDARD
72
1
11
78031.25
21
500
31
0
100
AcDbText
73
2
0
LINE
5
17E
330
10E
100
AcDbEntity
8
ST-SHEET-FRAME
370
13
100
AcDbLine
10
83100
20
58400
30
0
11
83100
21
59400
31
0
0
LINE
5
17F
330
10E
100
AcDbEntity
8
ST-SHEET-FRAME
370
13
100
AcDbLine
10
83100
20
0
30
0
11
83100
21
1000
31
0
0
LINE
5
180
330
10E
100
AcDbEntity
8
ST-SHEET-FRAME
370
13
100
AcDbLine
10
0
20
1000
30
0
11
2000
21
1000
31
0
0
LINE
5
181
330
10E
100
AcDbEntity
8
ST-SHEET-FRAME
370
13
100
AcDbLine
10
83100
20
1000
30
0
11
84100
21
1000
31
0
0
TEXT
5
182
330
10E
100
AcDbEntity
8
ST-SHEET-FRAME
100
AcDbText
10
1000
20
5783.333333
30
0
40
250
1
F
7
STANDARD
72
1
11
1000
21
5783.333333
31
0
100
AcDbText
73
2
0
TEXT
5
183
330
10E
100
AcDbEntity
8
ST-SHEET-FRAME
100
AcDbText
10
83600
20
5783.333333
30
0
40
250
1
F
7
STANDARD
72
1
11
83600
21
5783.333333
31
0
100
AcDbText
73
2
0
LINE
5
184
330
10E
100
AcDbEntity
8
ST-SHEET-FRAME
370
13
100
AcDbLine
10
0
20
10566.666667
30
0
11
2000
21
10566.666667
31
0
0
LINE
5
185
330
10E
100
AcDbEntity
8
ST-SHEET-FRAME
370
13
100
AcDbLine
10
83100
20
10566.666667
30
0
11
84100
21
10566.666667
31
0
0
TEXT
5
186
330
10E
100
AcDbEntity
8
ST-SHEET-FRAME
100
AcDbText
10
1000
20
15350
30
0
40
250
1
E
7
STANDARD
72
1
11
1000
21
15350
31
0
100
AcDbText
73
2
0
TEXT
5
187
330
10E
100
AcDbEntity
8
ST-SHEET-FRAME
100
AcDbText
10
83600
20
15350
30
0
40
250
1
E
7
STANDARD
72
1
11
83600
21
15350
31
0
100
AcDbText
73
2
0
LINE
5
188
330
10E
100
AcDbEntity
8
ST-SHEET-FRAME
370
13
100
AcDbLine
10
0
20
20133.333333
30
0
11
2000
21
20133.333333
31
0
0
LINE
5
189
330
10E
100
AcDbEntity
8
ST-SHEET-FRAME
370
13
100
AcDbLine
10
83100
20
20133.333333
30
0
11
84100
21
20133.333333
31
0
0
TEXT
5
18A
330
10E
100
AcDbEntity
8
ST-SHEET-FRAME
100
AcDbText
10
1000
20
24916.666667
30
0
40
250
1
D
7
STANDARD
72
1
11
1000
21
24916.666667
31
0
100
AcDbText
73
2
0
TEXT
5
18B
330
10E
100
AcDbEntity
8
ST-SHEET-FRAME
100
AcDbText
10
83600
20
24916.666667
30
0
40
250
1
D
7
STANDARD
72
1
11
83600
21
24916.666667
31
0
100
AcDbText
73
2
0
LINE
5
18C
330
10E
100
AcDbEntity
8
ST-SHEET-FRAME
370
13
100
AcDbLine
10
0
20
29700
30
0
11
2000
21
29700
31
0
0
LINE
5
18D
330
10E
100
AcDbEntity
8
ST-SHEET-FRAME
370
13
100
AcDbLine
10
83100
20
29700
30
0
11
84100
21
29700
31
0
0
TEXT
5
18E
330
10E
100
AcDbEntity
8
ST-SHEET-FRAME
100
AcDbText
10
1000
20
34483.333333
30
0
40
250
1
C
7
STANDARD
72
1
11
1000
21
34483.333333
31
0
100
AcDbText
73
2
0
TEXT
5
18F
330
10E
100
AcDbEntity
8
ST-SHEET-FRAME
100
AcDbText
10
83600
20
34483.333333
30
0
40
250
1
C
7
STANDARD
72
1
11
83600
21
34483.333333
31
0
100
AcDbText
73
2
0
LINE
5
190
330
10E
100
AcDbEntity
8
ST-SHEET-FRAME
370
13
100
AcDbLine
10
0
20
39266.666667
30
0
11
2000
21
39266.666667
31
0
0
LINE
5
191
330
10E
100
AcDbEntity
8
ST-SHEET-FRAME
370
13
100
AcDbLine
10
83100
20
39266.666667
30
0
11
84100
21
39266.666667
31
0
0
TEXT
5
192
330
10E
100
AcDbEntity
8
ST-SHEET-FRAME
100
AcDbText
10
1000
20
44050
30
0
40
250
1
B
7
STANDARD
72
1
11
1000
21
44050
31
0
100
AcDbText
73
2
0
TEXT
5
193
330
10E
100
AcDbEntity
8
ST-SHEET-FRAME
100
AcDbText
10
83600
20
44050
30
0
40
250
1
B
7
STANDARD
72
1
11
83600
21
44050
31
0
100
AcDbText
73
2
0
LINE
5
194
330
10E
100
AcDbEntity
8
ST-SHEET-FRAME
370
13
100
AcDbLine
10
0
20
48833.333333
30
0
11
2000
21
48833.333333
31
0
0
LINE
5
195
330
10E
100
AcDbEntity
8
ST-SHEET-FRAME
370
13
100
AcDbLine
10
83100
20
48833.333333
30
0
11
84100
21
48833.333333
31
0
0
TEXT
5
196
330
10E
100
AcDbEntity
8
ST-SHEET-FRAME
100
AcDbText
10
1000
20
53616.666667
30
0
40
250
1
A
7
STANDARD
72
1
11
1000
21
53616.666667
31
0
100
AcDbText
73
2
0
TEXT
5
197
330
10E
100
AcDbEntity
8
ST-SHEET-FRAME
100
AcDbText
10
83600
20
53616.666667
30
0
40
250
1
A
7
STANDARD
72
1
11
83600
21
53616.666667
31
0
100
AcDbText
73
2
0
LINE
5
198
330
10E
100
AcDbEntity
8
ST-SHEET-FRAME
370
13
100
AcDbLine
10
0
20
58400
30
0
11
2000
21
58400
31
0
0
LINE
5
199
330
10E
100
AcDbEntity
8
ST-SHEET-FRAME
370
13
100
AcDbLine
10
83100
20
58400
30
0
11
84100
21
58400
31
0
0
LINE
5
19A
330
10E
100
AcDbEntity
8
ST-SHEET-FRAME
100
AcDbLine
10
64600
20
1000
30
0
11
64600
21
58400
31
0
0
LINE
5
19B
330
10E
100
AcDbEntity
8
ST-SHEET-FRAME
100
AcDbLine
10
2000
20
13500
30
0
11
64600
21
13500
31
0
0
LINE
5
19C
330
10E
100
AcDbEntity
8
ST-SHEET-FRAME
100
AcDbLine
10
64600
20
16000
30
0
11
83100
21
16000
31
0
0
LINE
5
19D
330
10E
100
AcDbEntity
8
ST-SHEET-FRAME
100
AcDbLine
10
64600
20
21200
30
0
11
83100
21
21200
31
0
0
LINE
5
19E
330
10E
100
AcDbEntity
8
ST-SHEET-FRAME
100
AcDbLine
10
64600
20
39800
30
0
11
83100
21
39800
31
0
0
LINE
5
19F
330
10E
100
AcDbEntity
8
ST-SHEET-FRAME
100
AcDbLine
10
64600
20
53800
30
0
11
83100
21
53800
31
0
0
LINE
5
1A0
330
10E
100
AcDbEntity
8
ST-GRID
100
AcDbLine
10
18550
20
20650
30
0
11
18550
21
52650
31
0
0
CIRCLE
5
1A1
330
10E
100
AcDbEntity
8
ST-GRID-BUBBLE
100
AcDbCircle
10
18550
20
53050
30
0
40
400
0
TEXT
5
1A2
330
10E
100
AcDbEntity
8
ST-TEXT
100
AcDbText
10
18550
20
53050
30
0
40
300
1
A
7
STANDARD
72
1
11
18550
21
53050
31
0
100
AcDbText
73
2
0
CIRCLE
5
1A3
330
10E
100
AcDbEntity
8
ST-GRID-BUBBLE
100
AcDbCircle
10
18550
20
20250
30
0
40
400
0
TEXT
5
1A4
330
10E
100
AcDbEntity
8
ST-TEXT
100
AcDbText
10
18550
20
20250
30
0
40
300
1
A
7
STANDARD
72
1
11
18550
21
20250
31
0
100
AcDbText
73
2
0
LINE
5
1A5
330
10E
100
AcDbEntity
8
ST-GRID
100
AcDbLine
10
26050
20
20650
30
0
11
26050
21
52650
31
0
0
CIRCLE
5
1A6
330
10E
100
AcDbEntity
8
ST-GRID-BUBBLE
100
AcDbCircle
10
26050
20
53050
30
0
40
400
0
TEXT
5
1A7
330
10E
100
AcDbEntity
8
ST-TEXT
100
AcDbText
10
26050
20
53050
30
0
40
300
1
B
7
STANDARD
72
1
11
26050
21
53050
31
0
100
AcDbText
73
2
0
CIRCLE
5
1A8
330
10E
100
AcDbEntity
8
ST-GRID-BUBBLE
100
AcDbCircle
10
26050
20
20250
30
0
40
400
0
TEXT
5
1A9
330
10E
100
AcDbEntity
8
ST-TEXT
100
AcDbText
10
26050
20
20250
30
0
40
300
1
B
7
STANDARD
72
1
11
26050
21
20250
31
0
100
AcDbText
73
2
0
LINE
5
1AA
330
10E
100
AcDbEntity
8
ST-GRID
100
AcDbLine
10
33550
20
20650
30
0
11
33550
21
52650
31
0
0
CIRCLE
5
1AB
330
10E
100
AcDbEntity
8
ST-GRID-BUBBLE
100
AcDbCircle
10
33550
20
53050
30
0
40
400
0
TEXT
5
1AC
330
10E
100
AcDbEntity
8
ST-TEXT
100
AcDbText
10
33550
20
53050
30
0
40
300
1
C
7
STANDARD
72
1
11
33550
21
53050
31
0
100
AcDbText
73
2
0
CIRCLE
5
1AD
330
10E
100
AcDbEntity
8
ST-GRID-BUBBLE
100
AcDbCircle
10
33550
20
20250
30
0
40
400
0
TEXT
5
1AE
330
10E
100
AcDbEntity
8
ST-TEXT
100
AcDbText
10
33550
20
20250
30
0
40
300
1
C
7
STANDARD
72
1
11
33550
21
20250
31
0
100
AcDbText
73
2
0
LINE
5
1AF
330
10E
100
AcDbEntity
8
ST-GRID
100
AcDbLine
10
41050
20
20650
30
0
11
41050
21
52650
31
0
0
CIRCLE
5
1B0
330
10E
100
AcDbEntity
8
ST-GRID-BUBBLE
100
AcDbCircle
10
41050
20
53050
30
0
40
400
0
TEXT
5
1B1
330
10E
100
AcDbEntity
8
ST-TEXT
100
AcDbText
10
41050
20
53050
30
0
40
300
1
D
7
STANDARD
72
1
11
41050
21
53050
31
0
100
AcDbText
73
2
0
CIRCLE
5
1B2
330
10E
100
AcDbEntity
8
ST-GRID-BUBBLE
100
AcDbCircle
10
41050
20
20250
30
0
40
400
0
TEXT
5
1B3
330
10E
100
AcDbEntity
8
ST-TEXT
100
AcDbText
10
41050
20
20250
30
0
40
300
1
D
7
STANDARD
72
1
11
41050
21
20250
31
0
100
AcDbText
73
2
0
LINE
5
1B4
330
10E
100
AcDbEntity
8
ST-GRID
100
AcDbLine
10
48550
20
20650
30
0
11
48550
21
52650
31
0
0
CIRCLE
5
1B5
330
10E
100
AcDbEntity
8
ST-GRID-BUBBLE
100
AcDbCircle
10
48550
20
53050
30
0
40
400
0
TEXT
5
1B6
330
10E
100
AcDbEntity
8
ST-TEXT
100
AcDbText
10
48550
20
53050
30
0
40
300
1
E
7
STANDARD
72
1
11
48550
21
53050
31
0
100
AcDbText
73
2
0
CIRCLE
5
1B7
330
10E
100
AcDbEntity
8
ST-GRID-BUBBLE
100
AcDbCircle
10
48550
20
20250
30
0
40
400
0
TEXT
5
1B8
330
10E
100
AcDbEntity
8
ST-TEXT
100
AcDbText
10
48550
20
20250
30
0
40
300
1
E
7
STANDARD
72
1
11
48550
21
20250
31
0
100
AcDbText
73
2
0
LINE
5
1B9
330
10E
100
AcDbEntity
8
ST-GRID
100
AcDbLine
10
14050
20
24650
30
0
11
52550
21
24650
31
0
0
CIRCLE
5
1BA
330
10E
100
AcDbEntity
8
ST-GRID-BUBBLE
100
AcDbCircle
10
13650
20
24650
30
0
40
400
0
TEXT
5
1BB
330
10E
100
AcDbEntity
8
ST-TEXT
100
AcDbText
10
13650
20
24650
30
0
40
300
1
1
7
STANDARD
72
1
11
13650
21
24650
31
0
100
AcDbText
73
2
0
CIRCLE
5
1BC
330
10E
100
AcDbEntity
8
ST-GRID-BUBBLE
100
AcDbCircle
10
52950
20
24650
30
0
40
400
0
TEXT
5
1BD
330
10E
100
AcDbEntity
8
ST-TEXT
100
AcDbText
10
52950
20
24650
30
0
40
300
1
1
7
STANDARD
72
1
11
52950
21
24650
31
0
100
AcDbText
73
2
0
LINE
5
1BE
330
10E
100
AcDbEntity
8
ST-GRID
100
AcDbLine
10
14050
20
32650
30
0
11
52550
21
32650
31
0
0
CIRCLE
5
1BF
330
10E
100
AcDbEntity
8
ST-GRID-BUBBLE
100
AcDbCircle
10
13650
20
32650
30
0
40
400
0
TEXT
5
1C0
330
10E
100
AcDbEntity
8
ST-TEXT
100
AcDbText
10
13650
20
32650
30
0
40
300
1
2
7
STANDARD
72
1
11
13650
21
32650
31
0
100
AcDbText
73
2
0
CIRCLE
5
1C1
330
10E
100
AcDbEntity
8
ST-GRID-BUBBLE
100
AcDbCircle
10
52950
20
32650
30
0
40
400
0
TEXT
5
1C2
330
10E
100
AcDbEntity
8
ST-TEXT
100
AcDbText
10
52950
20
32650
30
0
40
300
1
2
7
STANDARD
72
1
11
52950
21
32650
31
0
100
AcDbText
73
2
0
LINE
5
1C3
330
10E
100
AcDbEntity
8
ST-GRID
100
AcDbLine
10
14050
20
40650
30
0
11
52550
21
40650
31
0
0
CIRCLE
5
1C4
330
10E
100
AcDbEntity
8
ST-GRID-BUBBLE
100
AcDbCircle
10
13650
20
40650
30
0
40
400
0
TEXT
5
1C5
330
10E
100
AcDbEntity
8
ST-TEXT
100
AcDbText
10
13650
20
40650
30
0
40
300
1
3
7
STANDARD
72
1
11
13650
21
40650
31
0
100
AcDbText
73
2
0
CIRCLE
5
1C6
330
10E
100
AcDbEntity
8
ST-GRID-BUBBLE
100
AcDbCircle
10
52950
20
40650
30
0
40
400
0
TEXT
5
1C7
330
10E
100
AcDbEntity
8
ST-TEXT
100
AcDbText
10
52950
20
40650
30
0
40
300
1
3
7
STANDARD
72
1
11
52950
21
40650
31
0
100
AcDbText
73
2
0
LINE
5
1C8
330
10E
100
AcDbEntity
8
ST-GRID
100
AcDbLine
10
14050
20
48650
30
0
11
52550
21
48650
31
0
0
CIRCLE
5
1C9
330
10E
100
AcDbEntity
8
ST-GRID-BUBBLE
100
AcDbCircle
10
13650
20
48650
30
0
40
400
0
TEXT
5
1CA
330
10E
100
AcDbEntity
8
ST-TEXT
100
AcDbText
10
13650
20
48650
30
0
40
300
1
4
7
STANDARD
72
1
11
13650
21
48650
31
0
100
AcDbText
73
2
0
CIRCLE
5
1CB
330
10E
100
AcDbEntity
8
ST-GRID-BUBBLE
100
AcDbCircle
10
52950
20
48650
30
0
40
400
0
TEXT
5
1CC
330
10E
100
AcDbEntity
8
ST-TEXT
100
AcDbText
10
52950
20
48650
30
0
40
300
1
4
7
STANDARD
72
1
11
52950
21
48650
31
0
100
AcDbText
73
2
0
LINE
5
1CD
330
10E
100
AcDbEntity
8
ST-DIM
100
AcDbLine
10
18550
20
18450
30
0
11
18550
21
18000
31
0
0
LINE
5
1CE
330
10E
100
AcDbEntity
8
ST-DIM
100
AcDbLine
10
26050
20
18450
30
0
11
26050
21
18000
31
0
0
LINE
5
1CF
330
10E
100
AcDbEntity
8
ST-DIM
100
AcDbLine
10
18550
20
17850
30
0
11
26050
21
17850
31
0
0
LINE
5
1D0
330
10E
100
AcDbEntity
8
ST-DIM
100
AcDbLine
10
18480
20
17780
30
0
11
18620
21
17920
31
0
0
LINE
5
1D1
330
10E
100
AcDbEntity
8
ST-DIM
100
AcDbLine
10
25980
20
17780
30
0
11
26120
21
17920
31
0
0
TEXT
5
1D2
330
10E
100
AcDbEntity
8
ST-DIM
100
AcDbText
10
22300
20
17922
30
0
40
180
1
7500
7
STANDARD
72
1
11
22300
21
17922
31
0
100
AcDbText
73
0
0
LINE
5
1D3
330
10E
100
AcDbEntity
8
ST-DIM
100
AcDbLine
10
26050
20
18450
30
0
11
26050
21
18000
31
0
0
LINE
5
1D4
330
10E
100
AcDbEntity
8
ST-DIM
100
AcDbLine
10
33550
20
18450
30
0
11
33550
21
18000
31
0
0
LINE
5
1D5
330
10E
100
AcDbEntity
8
ST-DIM
100
AcDbLine
10
26050
20
17850
30
0
11
33550
21
17850
31
0
0
LINE
5
1D6
330
10E
100
AcDbEntity
8
ST-DIM
100
AcDbLine
10
25980
20
17780
30
0
11
26120
21
17920
31
0
0
LINE
5
1D7
330
10E
100
AcDbEntity
8
ST-DIM
100
AcDbLine
10
33480
20
17780
30
0
11
33620
21
17920
31
0
0
TEXT
5
1D8
330
10E
100
AcDbEntity
8
ST-DIM
100
AcDbText
10
29800
20
17922
30
0
40
180
1
7500
7
STANDARD
72
1
11
29800
21
17922
31
0
100
AcDbText
73
0
0
LINE
5
1D9
330
10E
100
AcDbEntity
8
ST-DIM
100
AcDbLine
10
33550
20
18450
30
0
11
33550
21
18000
31
0
0
LINE
5
1DA
330
10E
100
AcDbEntity
8
ST-DIM
100
AcDbLine
10
41050
20
18450
30
0
11
41050
21
18000
31
0
0
LINE
5
1DB
330
10E
100
AcDbEntity
8
ST-DIM
100
AcDbLine
10
33550
20
17850
30
0
11
41050
21
17850
31
0
0
LINE
5
1DC
330
10E
100
AcDbEntity
8
ST-DIM
100
AcDbLine
10
33480
20
17780
30
0
11
33620
21
17920
31
0
0
LINE
5
1DD
330
10E
100
AcDbEntity
8
ST-DIM
100
AcDbLine
10
40980
20
17780
30
0
11
41120
21
17920
31
0
0
TEXT
5
1DE
330
10E
100
AcDbEntity
8
ST-DIM
100
AcDbText
10
37300
20
17922
30
0
40
180
1
7500
7
STANDARD
72
1
11
37300
21
17922
31
0
100
AcDbText
73
0
0
LINE
5
1DF
330
10E
100
AcDbEntity
8
ST-DIM
100
AcDbLine
10
41050
20
18450
30
0
11
41050
21
18000
31
0
0
LINE
5
1E0
330
10E
100
AcDbEntity
8
ST-DIM
100
AcDbLine
10
48550
20
18450
30
0
11
48550
21
18000
31
0
0
LINE
5
1E1
330
10E
100
AcDbEntity
8
ST-DIM
100
AcDbLine
10
41050
20
17850
30
0
11
48550
21
17850
31
0
0
LINE
5
1E2
330
10E
100
AcDbEntity
8
ST-DIM
100
AcDbLine
10
40980
20
17780
30
0
11
41120
21
17920
31
0
0
LINE
5
1E3
330
10E
100
AcDbEntity
8
ST-DIM
100
AcDbLine
10
48480
20
17780
30
0
11
48620
21
17920
31
0
0
TEXT
5
1E4
330
10E
100
AcDbEntity
8
ST-DIM
100
AcDbText
10
44800
20
17922
30
0
40
180
1
7500
7
STANDARD
72
1
11
44800
21
17922
31
0
100
AcDbText
73
0
0
LINE
5
1E5
330
10E
100
AcDbEntity
8
ST-DIM
100
AcDbLine
10
18550
20
18450
30
0
11
18550
21
17400
31
0
0
LINE
5
1E6
330
10E
100
AcDbEntity
8
ST-DIM
100
AcDbLine
10
48550
20
18450
30
0
11
48550
21
17400
31
0
0
LINE
5
1E7
330
10E
100
AcDbEntity
8
ST-DIM
100
AcDbLine
10
18550
20
17250
30
0
11
48550
21
17250
31
0
0
LINE
5
1E8
330
10E
100
AcDbEntity
8
ST-DIM
100
AcDbLine
10
18480
20
17180
30
0
11
18620
21
17320
31
0
0
LINE
5
1E9
330
10E
100
AcDbEntity
8
ST-DIM
100
AcDbLine
10
48480
20
17180
30
0
11
48620
21
17320
31
0
0
TEXT
5
1EA
330
10E
100
AcDbEntity
8
ST-DIM
100
AcDbText
10
33550
20
17322
30
0
40
180
1
30000
7
STANDARD
72
1
11
33550
21
17322
31
0
100
AcDbText
73
0
0
LINE
5
1EB
330
10E
100
AcDbEntity
8
ST-DIM
100
AcDbLine
10
54750
20
24650
30
0
11
55200
21
24650
31
0
0
LINE
5
1EC
330
10E
100
AcDbEntity
8
ST-DIM
100
AcDbLine
10
54750
20
32650
30
0
11
55200
21
32650
31
0
0
LINE
5
1ED
330
10E
100
AcDbEntity
8
ST-DIM
100
AcDbLine
10
55350
20
24650
30
0
11
55350
21
32650
31
0
0
LINE
5
1EE
330
10E
100
AcDbEntity
8
ST-DIM
100
AcDbLine
10
55420
20
24580
30
0
11
55280
21
24720
31
0
0
LINE
5
1EF
330
10E
100
AcDbEntity
8
ST-DIM
100
AcDbLine
10
55420
20
32580
30
0
11
55280
21
32720
31
0
0
TEXT
5
1F0
330
10E
100
AcDbEntity
8
ST-DIM
100
AcDbText
10
55278
20
28650
30
0
40
180
1
8000
50
90
7
STANDARD
72
1
11
55278
21
28650
31
0
100
AcDbText
73
0
0
LINE
5
1F1
330
10E
100
AcDbEntity
8
ST-DIM
100
AcDbLine
10
54750
20
32650
30
0
11
55200
21
32650
31
0
0
LINE
5
1F2
330
10E
100
AcDbEntity
8
ST-DIM
100
AcDbLine
10
54750
20
40650
30
0
11
55200
21
40650
31
0
0
LINE
5
1F3
330
10E
100
AcDbEntity
8
ST-DIM
100
AcDbLine
10
55350
20
32650
30
0
11
55350
21
40650
31
0
0
LINE
5
1F4
330
10E
100
AcDbEntity
8
ST-DIM
100
AcDbLine
10
55420
20
32580
30
0
11
55280
21
32720
31
0
0
LINE
5
1F5
330
10E
100
AcDbEntity
8
ST-DIM
100
AcDbLine
10
55420
20
40580
30
0
11
55280
21
40720
31
0
0
TEXT
5
1F6
330
10E
100
AcDbEntity
8
ST-DIM
100
AcDbText
10
55278
20
36650
30
0
40
180
1
8000
50
90
7
STANDARD
72
1
11
55278
21
36650
31
0
100
AcDbText
73
0
0
LINE
5
1F7
330
10E
100
AcDbEntity
8
ST-DIM
100
AcDbLine
10
54750
20
40650
30
0
11
55200
21
40650
31
0
0
LINE
5
1F8
330
10E
100
AcDbEntity
8
ST-DIM
100
AcDbLine
10
54750
20
48650
30
0
11
55200
21
48650
31
0
0
LINE
5
1F9
330
10E
100
AcDbEntity
8
ST-DIM
100
AcDbLine
10
55350
20
40650
30
0
11
55350
21
48650
31
0
0
LINE
5
1FA
330
10E
100
AcDbEntity
8
ST-DIM
100
AcDbLine
10
55420
20
40580
30
0
11
55280
21
40720
31
0
0
LINE
5
1FB
330
10E
100
AcDbEntity
8
ST-DIM
100
AcDbLine
10
55420
20
48580
30
0
11
55280
21
48720
31
0
0
TEXT
5
1FC
330
10E
100
AcDbEntity
8
ST-DIM
100
AcDbText
10
55278
20
44650
30
0
40
180
1
8000
50
90
7
STANDARD
72
1
11
55278
21
44650
31
0
100
AcDbText
73
0
0
LINE
5
1FD
330
10E
100
AcDbEntity
8
ST-DIM
100
AcDbLine
10
54750
20
24650
30
0
11
55800
21
24650
31
0
0
LINE
5
1FE
330
10E
100
AcDbEntity
8
ST-DIM
100
AcDbLine
10
54750
20
48650
30
0
11
55800
21
48650
31
0
0
LINE
5
1FF
330
10E
100
AcDbEntity
8
ST-DIM
100
AcDbLine
10
55950
20
24650
30
0
11
55950
21
48650
31
0
0
LINE
5
200
330
10E
100
AcDbEntity
8
ST-DIM
100
AcDbLine
10
56020
20
24580
30
0
11
55880
21
24720
31
0
0
LINE
5
201
330
10E
100
AcDbEntity
8
ST-DIM
100
AcDbLine
10
56020
20
48580
30
0
11
55880
21
48720
31
0
0
TEXT
5
202
330
10E
100
AcDbEntity
8
ST-DIM
100
AcDbText
10
55878
20
36650
30
0
40
180
1
24000
50
90
7
STANDARD
72
1
11
55878
21
36650
31
0
100
AcDbText
73
0
0
LWPOLYLINE
5
203
330
10E
100
AcDbEntity
8
ST-SLAB-EDGE
62
3
100
AcDbPolyline
90
6
70
1
43
0
10
17050
20
23650
10
49550
20
23650
10
49550
20
44650
10
44550
20
44650
10
44550
20
49650
10
17050
20
49650
0
LWPOLYLINE
5
204
330
10E
100
AcDbEntity
8
ST-COL
100
AcDbPolyline
90
4
70
1
43
0
10
18250
20
48350
10
18850
20
48350
10
18850
20
48950
10
18250
20
48950
0
HATCH
5
205
330
10E
100
AcDbEntity
8
ST-COL-HATCH
62
7
100
AcDbHatch
10
0
20
0
30
0
210
0
220
0
230
1
2
SOLID
70
1
71
0
91
1
92
3
72
0
73
1
93
4
10
18250
20
48350
10
18850
20
48350
10
18850
20
48950
10
18250
20
48950
97
0
75
1
76
1
47
1
98
0
0
LWPOLYLINE
5
206
330
10E
100
AcDbEntity
8
ST-COL
100
AcDbPolyline
90
4
70
1
43
0
10
25750
20
48350
10
26350
20
48350
10
26350
20
48950
10
25750
20
48950
0
HATCH
5
207
330
10E
100
AcDbEntity
8
ST-COL-HATCH
62
7
100
AcDbHatch
10
0
20
0
30
0
210
0
220
0
230
1
2
SOLID
70
1
71
0
91
1
92
3
72
0
73
1
93
4
10
25750
20
48350
10
26350
20
48350
10
26350
20
48950
10
25750
20
48950
97
0
75
1
76
1
47
1
98
0
0
LWPOLYLINE
5
208
330
10E
100
AcDbEntity
8
ST-COL
100
AcDbPolyline
90
4
70
1
43
0
10
33250
20
48350
10
33850
20
48350
10
33850
20
48950
10
33250
20
48950
0
HATCH
5
209
330
10E
100
AcDbEntity
8
ST-COL-HATCH
62
7
100
AcDbHatch
10
0
20
0
30
0
210
0
220
0
230
1
2
SOLID
70
1
71
0
91
1
92
3
72
0
73
1
93
4
10
33250
20
48350
10
33850
20
48350
10
33850
20
48950
10
33250
20
48950
97
0
75
1
76
1
47
1
98
0
0
LWPOLYLINE
5
20A
330
10E
100
AcDbEntity
8
ST-COL
100
AcDbPolyline
90
4
70
1
43
0
10
40750
20
48350
10
41350
20
48350
10
41350
20
48950
10
40750
20
48950
0
HATCH
5
20B
330
10E
100
AcDbEntity
8
ST-COL-HATCH
62
7
100
AcDbHatch
10
0
20
0
30
0
210
0
220
0
230
1
2
SOLID
70
1
71
0
91
1
92
3
72
0
73
1
93
4
10
40750
20
48350
10
41350
20
48350
10
41350
20
48950
10
40750
20
48950
97
0
75
1
76
1
47
1
98
0
0
LWPOLYLINE
5
20C
330
10E
100
AcDbEntity
8
ST-COL
100
AcDbPolyline
90
4
70
1
43
0
10
18250
20
40350
10
18850
20
40350
10
18850
20
40950
10
18250
20
40950
0
HATCH
5
20D
330
10E
100
AcDbEntity
8
ST-COL-HATCH
62
7
100
AcDbHatch
10
0
20
0
30
0
210
0
220
0
230
1
2
SOLID
70
1
71
0
91
1
92
3
72
0
73
1
93
4
10
18250
20
40350
10
18850
20
40350
10
18850
20
40950
10
18250
20
40950
97
0
75
1
76
1
47
1
98
0
0
LWPOLYLINE
5
20E
330
10E
100
AcDbEntity
8
ST-COL
100
AcDbPolyline
90
4
70
1
43
0
10
25750
20
40350
10
26350
20
40350
10
26350
20
40950
10
25750
20
40950
0
HATCH
5
20F
330
10E
100
AcDbEntity
8
ST-COL-HATCH
62
7
100
AcDbHatch
10
0
20
0
30
0
210
0
220
0
230
1
2
SOLID
70
1
71
0
91
1
92
3
72
0
73
1
93
4
10
25750
20
40350
10
26350
20
40350
10
26350
20
40950
10
25750
20
40950
97
0
75
1
76
1
47
1
98
0
0
LWPOLYLINE
5
210
330
10E
100
AcDbEntity
8
ST-COL
100
AcDbPolyline
90
4
70
1
43
0
10
33250
20
40350
10
33850
20
40350
10
33850
20
40950
10
33250
20
40950
0
HATCH
5
211
330
10E
100
AcDbEntity
8
ST-COL-HATCH
62
7
100
AcDbHatch
10
0
20
0
30
0
210
0
220
0
230
1
2
SOLID
70
1
71
0
91
1
92
3
72
0
73
1
93
4
10
33250
20
40350
10
33850
20
40350
10
33850
20
40950
10
33250
20
40950
97
0
75
1
76
1
47
1
98
0
0
LWPOLYLINE
5
212
330
10E
100
AcDbEntity
8
ST-COL
100
AcDbPolyline
90
4
70
1
43
0
10
40750
20
40350
10
41350
20
40350
10
41350
20
40950
10
40750
20
40950
0
HATCH
5
213
330
10E
100
AcDbEntity
8
ST-COL-HATCH
62
7
100
AcDbHatch
10
0
20
0
30
0
210
0
220
0
230
1
2
SOLID
70
1
71
0
91
1
92
3
72
0
73
1
93
4
10
40750
20
40350
10
41350
20
40350
10
41350
20
40950
10
40750
20
40950
97
0
75
1
76
1
47
1
98
0
0
LWPOLYLINE
5
214
330
10E
100
AcDbEntity
8
ST-COL
100
AcDbPolyline
90
4
70
1
43
0
10
48250
20
40350
10
48850
20
40350
10
48850
20
40950
10
48250
20
40950
0
HATCH
5
215
330
10E
100
AcDbEntity
8
ST-COL-HATCH
62
7
100
AcDbHatch
10
0
20
0
30
0
210
0
220
0
230
1
2
SOLID
70
1
71
0
91
1
92
3
72
0
73
1
93
4
10
48250
20
40350
10
48850
20
40350
10
48850
20
40950
10
48250
20
40950
97
0
75
1
76
1
47
1
98
0
0
LWPOLYLINE
5
216
330
10E
100
AcDbEntity
8
ST-COL
100
AcDbPolyline
90
4
70
1
43
0
10
18250
20
32350
10
18850
20
32350
10
18850
20
32950
10
18250
20
32950
0
HATCH
5
217
330
10E
100
AcDbEntity
8
ST-COL-HATCH
62
7
100
AcDbHatch
10
0
20
0
30
0
210
0
220
0
230
1
2
SOLID
70
1
71
0
91
1
92
3
72
0
73
1
93
4
10
18250
20
32350
10
18850
20
32350
10
18850
20
32950
10
18250
20
32950
97
0
75
1
76
1
47
1
98
0
0
LWPOLYLINE
5
218
330
10E
100
AcDbEntity
8
ST-COL
100
AcDbPolyline
90
4
70
1
43
0
10
25750
20
32350
10
26350
20
32350
10
26350
20
32950
10
25750
20
32950
0
HATCH
5
219
330
10E
100
AcDbEntity
8
ST-COL-HATCH
62
7
100
AcDbHatch
10
0
20
0
30
0
210
0
220
0
230
1
2
SOLID
70
1
71
0
91
1
92
3
72
0
73
1
93
4
10
25750
20
32350
10
26350
20
32350
10
26350
20
32950
10
25750
20
32950
97
0
75
1
76
1
47
1
98
0
0
LWPOLYLINE
5
21A
330
10E
100
AcDbEntity
8
ST-COL
100
AcDbPolyline
90
4
70
1
43
0
10
33250
20
32350
10
33850
20
32350
10
33850
20
32950
10
33250
20
32950
0
HATCH
5
21B
330
10E
100
AcDbEntity
8
ST-COL-HATCH
62
7
100
AcDbHatch
10
0
20
0
30
0
210
0
220
0
230
1
2
SOLID
70
1
71
0
91
1
92
3
72
0
73
1
93
4
10
33250
20
32350
10
33850
20
32350
10
33850
20
32950
10
33250
20
32950
97
0
75
1
76
1
47
1
98
0
0
LWPOLYLINE
5
21C
330
10E
100
AcDbEntity
8
ST-COL
100
AcDbPolyline
90
4
70
1
43
0
10
40750
20
32350
10
41350
20
32350
10
41350
20
32950
10
40750
20
32950
0
HATCH
5
21D
330
10E
100
AcDbEntity
8
ST-COL-HATCH
62
7
100
AcDbHatch
10
0
20
0
30
0
210
0
220
0
230
1
2
SOLID
70
1
71
0
91
1
92
3
72
0
73
1
93
4
10
40750
20
32350
10
41350
20
32350
10
41350
20
32950
10
40750
20
32950
97
0
75
1
76
1
47
1
98
0
0
LWPOLYLINE
5
21E
330
10E
100
AcDbEntity
8
ST-COL
100
AcDbPolyline
90
4
70
1
43
0
10
48250
20
32350
10
48850
20
32350
10
48850
20
32950
10
48250
20
32950
0
HATCH
5
21F
330
10E
100
AcDbEntity
8
ST-COL-HATCH
62
7
100
AcDbHatch
10
0
20
0
30
0
210
0
220
0
230
1
2
SOLID
70
1
71
0
91
1
92
3
72
0
73
1
93
4
10
48250
20
32350
10
48850
20
32350
10
48850
20
32950
10
48250
20
32950
97
0
75
1
76
1
47
1
98
0
0
LWPOLYLINE
5
220
330
10E
100
AcDbEntity
8
ST-COL
100
AcDbPolyline
90
4
70
1
43
0
10
18250
20
24350
10
18850
20
24350
10
18850
20
24950
10
18250
20
24950
0
HATCH
5
221
330
10E
100
AcDbEntity
8
ST-COL-HATCH
62
7
100
AcDbHatch
10
0
20
0
30
0
210
0
220
0
230
1
2
SOLID
70
1
71
0
91
1
92
3
72
0
73
1
93
4
10
18250
20
24350
10
18850
20
24350
10
18850
20
24950
10
18250
20
24950
97
0
75
1
76
1
47
1
98
0
0
LWPOLYLINE
5
222
330
10E
100
AcDbEntity
8
ST-COL
100
AcDbPolyline
90
4
70
1
43
0
10
25750
20
24350
10
26350
20
24350
10
26350
20
24950
10
25750
20
24950
0
HATCH
5
223
330
10E
100
AcDbEntity
8
ST-COL-HATCH
62
7
100
AcDbHatch
10
0
20
0
30
0
210
0
220
0
230
1
2
SOLID
70
1
71
0
91
1
92
3
72
0
73
1
93
4
10
25750
20
24350
10
26350
20
24350
10
26350
20
24950
10
25750
20
24950
97
0
75
1
76
1
47
1
98
0
0
LWPOLYLINE
5
224
330
10E
100
AcDbEntity
8
ST-COL
100
AcDbPolyline
90
4
70
1
43
0
10
33250
20
24350
10
33850
20
24350
10
33850
20
24950
10
33250
20
24950
0
HATCH
5
225
330
10E
100
AcDbEntity
8
ST-COL-HATCH
62
7
100
AcDbHatch
10
0
20
0
30
0
210
0
220
0
230
1
2
SOLID
70
1
71
0
91
1
92
3
72
0
73
1
93
4
10
33250
20
24350
10
33850
20
24350
10
33850
20
24950
10
33250
20
24950
97
0
75
1
76
1
47
1
98
0
0
LWPOLYLINE
5
226
330
10E
100
AcDbEntity
8
ST-COL
100
AcDbPolyline
90
4
70
1
43
0
10
40750
20
24350
10
41350
20
24350
10
41350
20
24950
10
40750
20
24950
0
HATCH
5
227
330
10E
100
AcDbEntity
8
ST-COL-HATCH
62
7
100
AcDbHatch
10
0
20
0
30
0
210
0
220
0
230
1
2
SOLID
70
1
71
0
91
1
92
3
72
0
73
1
93
4
10
40750
20
24350
10
41350
20
24350
10
41350
20
24950
10
40750
20
24950
97
0
75
1
76
1
47
1
98
0
0
LWPOLYLINE
5
228
330
10E
100
AcDbEntity
8
ST-COL
100
AcDbPolyline
90
4
70
1
43
0
10
48250
20
24350
10
48850
20
24350
10
48850
20
24950
10
48250
20
24950
0
HATCH
5
229
330
10E
100
AcDbEntity
8
ST-COL-HATCH
62
7
100
AcDbHatch
10
0
20
0
30
0
210
0
220
0
230
1
2
SOLID
70
1
71
0
91
1
92
3
72
0
73
1
93
4
10
48250
20
24350
10
48850
20
24350
10
48850
20
24950
10
48250
20
24950
97
0
75
1
76
1
47
1
98
0
0
LWPOLYLINE
5
22A
330
10E
100
AcDbEntity
8
ST-OPENING
100
AcDbPolyline
90
4
70
1
43
0
10
28050
20
34150
10
31050
20
34150
10
31050
20
39150
10
28050
20
39150
0
LINE
5
22B
330
10E
100
AcDbEntity
8
ST-OPENING
100
AcDbLine
10
28050
20
34150
30
0
11
31050
21
39150
31
0
0
LINE
5
22C
330
10E
100
AcDbEntity
8
ST-OPENING
100
AcDbLine
10
31050
20
34150
30
0
11
28050
21
39150
31
0
0
LWPOLYLINE
5
22D
330
10E
100
AcDbEntity
8
ST-OPENING
100
AcDbPolyline
90
4
70
1
43
0
10
36050
20
27650
10
37850
20
27650
10
37850
20
29150
10
36050
20
29150
0
LINE
5
22E
330
10E
100
AcDbEntity
8
ST-OPENING
100
AcDbLine
10
36050
20
27650
30
0
11
37850
21
29150
31
0
0
LINE
5
22F
330
10E
100
AcDbEntity
8
ST-OPENING
100
AcDbLine
10
37850
20
27650
30
0
11
36050
21
29150
31
0
0
LWPOLYLINE
5
230
330
10E
100
AcDbEntity
8
ST-VOID
100
AcDbPolyline
90
4
70
1
43
0
10
20550
20
26650
10
24550
20
26650
10
24550
20
29650
10
20550
20
29650
0
HATCH
5
231
330
10E
100
AcDbEntity
8
ST-VOID-HATCH
100
AcDbHatch
10
0
20
0
30
0
210
0
220
0
230
1
2
ANSI37
70
0
71
0
91
1
92
3
72
0
73
1
93
4
10
20550
20
26650
10
24550
20
26650
10
24550
20
29650
10
20550
20
29650
97
0
75
1
76
1
52
0
41
78.740157
77
0
78
2
53
45
43
0
44
0
45
-176.776695
46
176.776695
79
0
53
135
43
0
44
0
45
-176.776695
46
-176.776695
79
0
47
1
98
0
0
LWPOLYLINE
5
232
330
10E
100
AcDbEntity
8
ST-VOID
100
AcDbPolyline
90
4
70
1
43
0
10
35550
20
42650
10
40550
20
42650
10
40550
20
46150
10
35550
20
46150
0
HATCH
5
233
330
10E
100
AcDbEntity
8
ST-VOID-HATCH
100
AcDbHatch
10
0
20
0
30
0
210
0
220
0
230
1
2
ANSI37
70
0
71
0
91
1
92
3
72
0
73
1
93
4
10
35550
20
42650
10
40550
20
42650
10
40550
20
46150
10
35550
20
46150
97
0
75
1
76
1
52
0
41
78.740157
77
0
78
2
53
45
43
0
44
0
45
-176.776695
46
176.776695
79
0
53
135
43
0
44
0
45
-176.776695
46
-176.776695
79
0
47
1
98
0
0
LINE
5
234
330
10E
100
AcDbEntity
8
ST-RB-PUNCH
100
AcDbLine
10
18150
20
48350
30
0
11
18150
21
48950
31
0
0
LINE
5
235
330
10E
100
AcDbEntity
8
ST-RB-PUNCH
100
AcDbLine
10
18110
20
48350
30
0
11
18190
21
48350
31
0
0
LINE
5
236
330
10E
100
AcDbEntity
8
ST-RB-PUNCH
100
AcDbLine
10
18110
20
48450
30
0
11
18190
21
48450
31
0
0
LINE
5
237
330
10E
100
AcDbEntity
8
ST-RB-PUNCH
100
AcDbLine
10
18110
20
48550
30
0
11
18190
21
48550
31
0
0
LINE
5
238
330
10E
100
AcDbEntity
8
ST-RB-PUNCH
100
AcDbLine
10
18110
20
48650
30
0
11
18190
21
48650
31
0
0
LINE
5
239
330
10E
100
AcDbEntity
8
ST-RB-PUNCH
100
AcDbLine
10
18110
20
48750
30
0
11
18190
21
48750
31
0
0
LINE
5
23A
330
10E
100
AcDbEntity
8
ST-RB-PUNCH
100
AcDbLine
10
18110
20
48850
30
0
11
18190
21
48850
31
0
0
LINE
5
23B
330
10E
100
AcDbEntity
8
ST-RB-PUNCH
100
AcDbLine
10
18110
20
48950
30
0
11
18190
21
48950
31
0
0
LINE
5
23C
330
10E
100
AcDbEntity
8
ST-RB-PUNCH
100
AcDbLine
10
18050
20
48350
30
0
11
18050
21
48950
31
0
0
LINE
5
23D
330
10E
100
AcDbEntity
8
ST-RB-PUNCH
100
AcDbLine
10
18010
20
48350
30
0
11
18090
21
48350
31
0
0
LINE
5
23E
330
10E
100
AcDbEntity
8
ST-RB-PUNCH
100
AcDbLine
10
18010
20
48450
30
0
11
18090
21
48450
31
0
0
LINE
5
23F
330
10E
100
AcDbEntity
8
ST-RB-PUNCH
100
AcDbLine
10
18010
20
48550
30
0
11
18090
21
48550
31
0
0
LINE
5
240
330
10E
100
AcDbEntity
8
ST-RB-PUNCH
100
AcDbLine
10
18010
20
48650
30
0
11
18090
21
48650
31
0
0
LINE
5
241
330
10E
100
AcDbEntity
8
ST-RB-PUNCH
100
AcDbLine
10
18010
20
48750
30
0
11
18090
21
48750
31
0
0
LINE
5
242
330
10E
100
AcDbEntity
8
ST-RB-PUNCH
100
AcDbLine
10
18010
20
48850
30
0
11
18090
21
48850
31
0
0
LINE
5
243
330
10E
100
AcDbEntity
8
ST-RB-PUNCH
100
AcDbLine
10
18010
20
48950
30
0
11
18090
21
48950
31
0
0
LINE
5
244
330
10E
100
AcDbEntity
8
ST-RB-PUNCH
100
AcDbLine
10
17950
20
48350
30
0
11
17950
21
48950
31
0
0
LINE
5
245
330
10E
100
AcDbEntity
8
ST-RB-PUNCH
100
AcDbLine
10
17910
20
48350
30
0
11
17990
21
48350
31
0
0
LINE
5
246
330
10E
100
AcDbEntity
8
ST-RB-PUNCH
100
AcDbLine
10
17910
20
48450
30
0
11
17990
21
48450
31
0
0
LINE
5
247
330
10E
100
AcDbEntity
8
ST-RB-PUNCH
100
AcDbLine
10
17910
20
48550
30
0
11
17990
21
48550
31
0
0
LINE
5
248
330
10E
100
AcDbEntity
8
ST-RB-PUNCH
100
AcDbLine
10
17910
20
48650
30
0
11
17990
21
48650
31
0
0
LINE
5
249
330
10E
100
AcDbEntity
8
ST-RB-PUNCH
100
AcDbLine
10
17910
20
48750
30
0
11
17990
21
48750
31
0
0
LINE
5
24A
330
10E
100
AcDbEntity
8
ST-RB-PUNCH
100
AcDbLine
10
17910
20
48850
30
0
11
17990
21
48850
31
0
0
LINE
5
24B
330
10E
100
AcDbEntity
8
ST-RB-PUNCH
100
AcDbLine
10
17910
20
48950
30
0
11
17990
21
48950
31
0
0
LINE
5
24C
330
10E
100
AcDbEntity
8
ST-RB-PUNCH
100
AcDbLine
10
17850
20
48350
30
0
11
17850
21
48950
31
0
0
LINE
5
24D
330
10E
100
AcDbEntity
8
ST-RB-PUNCH
100
AcDbLine
10
17810
20
48350
30
0
11
17890
21
48350
31
0
0
LINE
5
24E
330
10E
100
AcDbEntity
8
ST-RB-PUNCH
100
AcDbLine
10
17810
20
48450
30
0
11
17890
21
48450
31
0
0
LINE
5
24F
330
10E
100
AcDbEntity
8
ST-RB-PUNCH
100
AcDbLine
10
17810
20
48550
30
0
11
17890
21
48550
31
0
0
LINE
5
250
330
10E
100
AcDbEntity
8
ST-RB-PUNCH
100
AcDbLine
10
17810
20
48650
30
0
11
17890
21
48650
31
0
0
LINE
5
251
330
10E
100
AcDbEntity
8
ST-RB-PUNCH
100
AcDbLine
10
17810
20
48750
30
0
11
17890
21
48750
31
0
0
LINE
5
252
330
10E
100
AcDbEntity
8
ST-RB-PUNCH
100
AcDbLine
10
17810
20
48850
30
0
11
17890
21
48850
31
0
0
LINE
5
253
330
10E
100
AcDbEntity
8
ST-RB-PUNCH
100
AcDbLine
10
17810
20
48950
30
0
11
17890
21
48950
31
0
0
LINE
5
254
330
10E
100
AcDbEntity
8
ST-RB-PUNCH
100
AcDbLine
10
17750
20
48350
30
0
11
17750
21
48950
31
0
0
LINE
5
255
330
10E
100
AcDbEntity
8
ST-RB-PUNCH
100
AcDbLine
10
17710
20
48350
30
0
11
17790
21
48350
31
0
0
LINE
5
256
330
10E
100
AcDbEntity
8
ST-RB-PUNCH
100
AcDbLine
10
17710
20
48450
30
0
11
17790
21
48450
31
0
0
LINE
5
257
330
10E
100
AcDbEntity
8
ST-RB-PUNCH
100
AcDbLine
10
17710
20
48550
30
0
11
17790
21
48550
31
0
0
LINE
5
258
330
10E
100
AcDbEntity
8
ST-RB-PUNCH
100
AcDbLine
10
17710
20
48650
30
0
11
17790
21
48650
31
0
0
LINE
5
259
330
10E
100
AcDbEntity
8
ST-RB-PUNCH
100
AcDbLine
10
17710
20
48750
30
0
11
17790
21
48750
31
0
0
LINE
5
25A
330
10E
100
AcDbEntity
8
ST-RB-PUNCH
100
AcDbLine
10
17710
20
48850
30
0
11
17790
21
48850
31
0
0
LINE
5
25B
330
10E
100
AcDbEntity
8
ST-RB-PUNCH
100
AcDbLine
10
17710
20
48950
30
0
11
17790
21
48950
31
0
0
TEXT
5
25C
330
10E
100
AcDbEntity
8
ST-RB-TEXT
100
AcDbText
10
17620
20
48980
30
0
40
160
1
5X7-T10-100
50
90
7
STANDARD
72
0
100
AcDbText
73
0
0
LINE
5
25D
330
10E
100
AcDbEntity
8
ST-RB-PUNCH
100
AcDbLine
10
18950
20
48350
30
0
11
18950
21
48950
31
0
0
LINE
5
25E
330
10E
100
AcDbEntity
8
ST-RB-PUNCH
100
AcDbLine
10
18910
20
48350
30
0
11
18990
21
48350
31
0
0
LINE
5
25F
330
10E
100
AcDbEntity
8
ST-RB-PUNCH
100
AcDbLine
10
18910
20
48450
30
0
11
18990
21
48450
31
0
0
LINE
5
260
330
10E
100
AcDbEntity
8
ST-RB-PUNCH
100
AcDbLine
10
18910
20
48550
30
0
11
18990
21
48550
31
0
0
LINE
5
261
330
10E
100
AcDbEntity
8
ST-RB-PUNCH
100
AcDbLine
10
18910
20
48650
30
0
11
18990
21
48650
31
0
0
LINE
5
262
330
10E
100
AcDbEntity
8
ST-RB-PUNCH
100
AcDbLine
10
18910
20
48750
30
0
11
18990
21
48750
31
0
0
LINE
5
263
330
10E
100
AcDbEntity
8
ST-RB-PUNCH
100
AcDbLine
10
18910
20
48850
30
0
11
18990
21
48850
31
0
0
LINE
5
264
330
10E
100
AcDbEntity
8
ST-RB-PUNCH
100
AcDbLine
10
18910
20
48950
30
0
11
18990
21
48950
31
0
0
LINE
5
265
330
10E
100
AcDbEntity
8
ST-RB-PUNCH
100
AcDbLine
10
19050
20
48350
30
0
11
19050
21
48950
31
0
0
LINE
5
266
330
10E
100
AcDbEntity
8
ST-RB-PUNCH
100
AcDbLine
10
19010
20
48350
30
0
11
19090
21
48350
31
0
0
LINE
5
267
330
10E
100
AcDbEntity
8
ST-RB-PUNCH
100
AcDbLine
10
19010
20
48450
30
0
11
19090
21
48450
31
0
0
LINE
5
268
330
10E
100
AcDbEntity
8
ST-RB-PUNCH
100
AcDbLine
10
19010
20
48550
30
0
11
19090
21
48550
31
0
0
LINE
5
269
330
10E
100
AcDbEntity
8
ST-RB-PUNCH
100
AcDbLine
10
19010
20
48650
30
0
11
19090
21
48650
31
0
0
LINE
5
26A
330
10E
100
AcDbEntity
8
ST-RB-PUNCH
100
AcDbLine
10
19010
20
48750
30
0
11
19090
21
48750
31
0
0
LINE
5
26B
330
10E
100
AcDbEntity
8
ST-RB-PUNCH
100
AcDbLine
10
19010
20
48850
30
0
11
19090
21
48850
31
0
0
LINE
5
26C
330
10E
100
AcDbEntity
8
ST-RB-PUNCH
100
AcDbLine
10
19010
20
48950
30
0
11
19090
21
48950
31
0
0
LINE
5
26D
330
10E
100
AcDbEntity
8
ST-RB-PUNCH
100
AcDbLine
10
19150
20
48350
30
0
11
19150
21
48950
31
0
0
LINE
5
26E
330
10E
100
AcDbEntity
8
ST-RB-PUNCH
100
AcDbLine
10
19110
20
48350
30
0
11
19190
21
48350
31
0
0
LINE
5
26F
330
10E
100
AcDbEntity
8
ST-RB-PUNCH
100
AcDbLine
10
19110
20
48450
30
0
11
19190
21
48450
31
0
0
LINE
5
270
330
10E
100
AcDbEntity
8
ST-RB-PUNCH
100
AcDbLine
10
19110
20
48550
30
0
11
19190
21
48550
31
0
0
LINE
5
271
330
10E
100
AcDbEntity
8
ST-RB-PUNCH
100
AcDbLine
10
19110
20
48650
30
0
11
19190
21
48650
31
0
0
LINE
5
272
330
10E
100
AcDbEntity
8
ST-RB-PUNCH
100
AcDbLine
10
19110
20
48750
30
0
11
19190
21
48750
31
0
0
LINE
5
273
330
10E
100
AcDbEntity
8
ST-RB-PUNCH
100
AcDbLine
10
19110
20
48850
30
0
11
19190
21
48850
31
0
0
LINE
5
274
330
10E
100
AcDbEntity
8
ST-RB-PUNCH
100
AcDbLine
10
19110
20
48950
30
0
11
19190
21
48950
31
0
0
LINE
5
275
330
10E
100
AcDbEntity
8
ST-RB-PUNCH
100
AcDbLine
10
19250
20
48350
30
0
11
19250
21
48950
31
0
0
LINE
5
276
330
10E
100
AcDbEntity
8
ST-RB-PUNCH
100
AcDbLine
10
19210
20
48350
30
0
11
19290
21
48350
31
0
0
LINE
5
277
330
10E
100
AcDbEntity
8
ST-RB-PUNCH
100
AcDbLine
10
19210
20
48450
30
0
11
19290
21
48450
31
0
0
LINE
5
278
330
10E
100
AcDbEntity
8
ST-RB-PUNCH
100
AcDbLine
10
19210
20
48550
30
0
11
19290
21
48550
31
0
0
LINE
5
279
330
10E
100
AcDbEntity
8
ST-RB-PUNCH
100
AcDbLine
10
19210
20
48650
30
0
11
19290
21
48650
31
0
0
LINE
5
27A
330
10E
100
AcDbEntity
8
ST-RB-PUNCH
100
AcDbLine
10
19210
20
48750
30
0
11
19290
21
48750
31
0
0
LINE
5
27B
330
10E
100
AcDbEntity
8
ST-RB-PUNCH
100
AcDbLine
10
19210
20
48850
30
0
11
19290
21
48850
31
0
0
LINE
5
27C
330
10E
100
AcDbEntity
8
ST-RB-PUNCH
100
AcDbLine
10
19210
20
48950
30
0
11
19290
21
48950
31
0
0
LINE
5
27D
330
10E
100
AcDbEntity
8
ST-RB-PUNCH
100
AcDbLine
10
19350
20
48350
30
0
11
19350
21
48950
31
0
0
LINE
5
27E
330
10E
100
AcDbEntity
8
ST-RB-PUNCH
100
AcDbLine
10
19310
20
48350
30
0
11
19390
21
48350
31
0
0
LINE
5
27F
330
10E
100
AcDbEntity
8
ST-RB-PUNCH
100
AcDbLine
10
19310
20
48450
30
0
11
19390
21
48450
31
0
0
LINE
5
280
330
10E
100
AcDbEntity
8
ST-RB-PUNCH
100
AcDbLine
10
19310
20
48550
30
0
11
19390
21
48550
31
0
0
LINE
5
281
330
10E
100
AcDbEntity
8
ST-RB-PUNCH
100
AcDbLine
10
19310
20
48650
30
0
11
19390
21
48650
31
0
0
LINE
5
282
330
10E
100
AcDbEntity
8
ST-RB-PUNCH
100
AcDbLine
10
19310
20
48750
30
0
11
19390
21
48750
31
0
0
LINE
5
283
330
10E
100
AcDbEntity
8
ST-RB-PUNCH
100
AcDbLine
10
19310
20
48850
30
0
11
19390
21
48850
31
0
0
LINE
5
284
330
10E
100
AcDbEntity
8
ST-RB-PUNCH
100
AcDbLine
10
19310
20
48950
30
0
11
19390
21
48950
31
0
0
TEXT
5
285
330
10E
100
AcDbEntity
8
ST-RB-TEXT
100
AcDbText
10
19480
20
48980
30
0
40
160
1
5X7-T10-100
50
90
7
STANDARD
72
0
100
AcDbText
73
0
0
LINE
5
286
330
10E
100
AcDbEntity
8
ST-RB-PUNCH
100
AcDbLine
10
18250
20
48250
30
0
11
18850
21
48250
31
0
0
LINE
5
287
330
10E
100
AcDbEntity
8
ST-RB-PUNCH
100
AcDbLine
10
18250
20
48210
30
0
11
18250
21
48290
31
0
0
LINE
5
288
330
10E
100
AcDbEntity
8
ST-RB-PUNCH
100
AcDbLine
10
18350
20
48210
30
0
11
18350
21
48290
31
0
0
LINE
5
289
330
10E
100
AcDbEntity
8
ST-RB-PUNCH
100
AcDbLine
10
18450
20
48210
30
0
11
18450
21
48290
31
0
0
LINE
5
28A
330
10E
100
AcDbEntity
8
ST-RB-PUNCH
100
AcDbLine
10
18550
20
48210
30
0
11
18550
21
48290
31
0
0
LINE
5
28B
330
10E
100
AcDbEntity
8
ST-RB-PUNCH
100
AcDbLine
10
18650
20
48210
30
0
11
18650
21
48290
31
0
0
LINE
5
28C
330
10E
100
AcDbEntity
8
ST-RB-PUNCH
100
AcDbLine
10
18750
20
48210
30
0
11
18750
21
48290
31
0
0
LINE
5
28D
330
10E
100
AcDbEntity
8
ST-RB-PUNCH
100
AcDbLine
10
18850
20
48210
30
0
11
18850
21
48290
31
0
0
LINE
5
28E
330
10E
100
AcDbEntity
8
ST-RB-PUNCH
100
AcDbLine
10
18250
20
48150
30
0
11
18850
21
48150
31
0
0
LINE
5
28F
330
10E
100
AcDbEntity
8
ST-RB-PUNCH
100
AcDbLine
10
18250
20
48110
30
0
11
18250
21
48190
31
0
0
LINE
5
290
330
10E
100
AcDbEntity
8
ST-RB-PUNCH
100
AcDbLine
10
18350
20
48110
30
0
11
18350
21
48190
31
0
0
LINE
5
291
330
10E
100
AcDbEntity
8
ST-RB-PUNCH
100
AcDbLine
10
18450
20
48110
30
0
11
18450
21
48190
31
0
0
LINE
5
292
330
10E
100
AcDbEntity
8
ST-RB-PUNCH
100
AcDbLine
10
18550
20
48110
30
0
11
18550
21
48190
31
0
0
LINE
5
293
330
10E
100
AcDbEntity
8
ST-RB-PUNCH
100
AcDbLine
10
18650
20
48110
30
0
11
18650
21
48190
31
0
0
LINE
5
294
330
10E
100
AcDbEntity
8
ST-RB-PUNCH
100
AcDbLine
10
18750
20
48110
30
0
11
18750
21
48190
31
0
0
LINE
5
295
330
10E
100
AcDbEntity
8
ST-RB-PUNCH
100
AcDbLine
10
18850
20
48110
30
0
11
18850
21
48190
31
0
0
LINE
5
296
330
10E
100
AcDbEntity
8
ST-RB-PUNCH
100
AcDbLine
10
18250
20
48050
30
0
11
18850
21
48050
31
0
0
LINE
5
297
330
10E
100
AcDbEntity
8
ST-RB-PUNCH
100
AcDbLine
10
18250
20
48010
30
0
11
18250
21
48090
31
0
0
LINE
5
298
330
10E
100
AcDbEntity
8
ST-RB-PUNCH
100
AcDbLine
10
18350
20
48010
30
0
11
18350
21
48090
31
0
0
LINE
5
299
330
10E
100
AcDbEntity
8
ST-RB-PUNCH
100
AcDbLine
10
18450
20
48010
30
0
11
18450
21
48090
31
0
0
LINE
5
29A
330
10E
100
AcDbEntity
8
ST-RB-PUNCH
100
AcDbLine
10
18550
20
48010
30
0
11
18550
21
48090
31
0
0
LINE
5
29B
330
10E
100
AcDbEntity
8
ST-RB-PUNCH
100
AcDbLine
10
18650
20
48010
30
0
11
18650
21
48090
31
0
0
LINE
5
29C
330
10E
100
AcDbEntity
8
ST-RB-PUNCH
100
AcDbLine
10
18750
20
48010
30
0
11
18750
21
48090
31
0
0
LINE
5
29D
330
10E
100
AcDbEntity
8
ST-RB-PUNCH
100
AcDbLine
10
18850
20
48010
30
0
11
18850
21
48090
31
0
0
LINE
5
29E
330
10E
100
AcDbEntity
8
ST-RB-PUNCH
100
AcDbLine
10
18250
20
47950
30
0
11
18850
21
47950
31
0
0
LINE
5
29F
330
10E
100
AcDbEntity
8
ST-RB-PUNCH
100
AcDbLine
10
18250
20
47910
30
0
11
18250
21
47990
31
0
0
LINE
5
2A0
330
10E
100
AcDbEntity
8
ST-RB-PUNCH
100
AcDbLine
10
18350
20
47910
30
0
11
18350
21
47990
31
0
0
LINE
5
2A1
330
10E
100
AcDbEntity
8
ST-RB-PUNCH
100
AcDbLine
10
18450
20
47910
30
0
11
18450
21
47990
31
0
0
LINE
5
2A2
330
10E
100
AcDbEntity
8
ST-RB-PUNCH
100
AcDbLine
10
18550
20
47910
30
0
11
18550
21
47990
31
0
0
LINE
5
2A3
330
10E
100
AcDbEntity
8
ST-RB-PUNCH
100
AcDbLine
10
18650
20
47910
30
0
11
18650
21
47990
31
0
0
LINE
5
2A4
330
10E
100
AcDbEntity
8
ST-RB-PUNCH
100
AcDbLine
10
18750
20
47910
30
0
11
18750
21
47990
31
0
0
LINE
5
2A5
330
10E
100
AcDbEntity
8
ST-RB-PUNCH
100
AcDbLine
10
18850
20
47910
30
0
11
18850
21
47990
31
0
0
LINE
5
2A6
330
10E
100
AcDbEntity
8
ST-RB-PUNCH
100
AcDbLine
10
18250
20
47850
30
0
11
18850
21
47850
31
0
0
LINE
5
2A7
330
10E
100
AcDbEntity
8
ST-RB-PUNCH
100
AcDbLine
10
18250
20
47810
30
0
11
18250
21
47890
31
0
0
LINE
5
2A8
330
10E
100
AcDbEntity
8
ST-RB-PUNCH
100
AcDbLine
10
18350
20
47810
30
0
11
18350
21
47890
31
0
0
LINE
5
2A9
330
10E
100
AcDbEntity
8
ST-RB-PUNCH
100
AcDbLine
10
18450
20
47810
30
0
11
18450
21
47890
31
0
0
LINE
5
2AA
330
10E
100
AcDbEntity
8
ST-RB-PUNCH
100
AcDbLine
10
18550
20
47810
30
0
11
18550
21
47890
31
0
0
LINE
5
2AB
330
10E
100
AcDbEntity
8
ST-RB-PUNCH
100
AcDbLine
10
18650
20
47810
30
0
11
18650
21
47890
31
0
0
LINE
5
2AC
330
10E
100
AcDbEntity
8
ST-RB-PUNCH
100
AcDbLine
10
18750
20
47810
30
0
11
18750
21
47890
31
0
0
LINE
5
2AD
330
10E
100
AcDbEntity
8
ST-RB-PUNCH
100
AcDbLine
10
18850
20
47810
30
0
11
18850
21
47890
31
0
0
TEXT
5
2AE
330
10E
100
AcDbEntity
8
ST-RB-TEXT
100
AcDbText
10
18880
20
47750
30
0
40
160
1
5X7-T10-100
7
STANDARD
72
0
100
AcDbText
73
0
0
LINE
5
2AF
330
10E
100
AcDbEntity
8
ST-RB-PUNCH
100
AcDbLine
10
18250
20
49050
30
0
11
18850
21
49050
31
0
0
LINE
5
2B0
330
10E
100
AcDbEntity
8
ST-RB-PUNCH
100
AcDbLine
10
18250
20
49010
30
0
11
18250
21
49090
31
0
0
LINE
5
2B1
330
10E
100
AcDbEntity
8
ST-RB-PUNCH
100
AcDbLine
10
18350
20
49010
30
0
11
18350
21
49090
31
0
0
LINE
5
2B2
330
10E
100
AcDbEntity
8
ST-RB-PUNCH
100
AcDbLine
10
18450
20
49010
30
0
11
18450
21
49090
31
0
0
LINE
5
2B3
330
10E
100
AcDbEntity
8
ST-RB-PUNCH
100
AcDbLine
10
18550
20
49010
30
0
11
18550
21
49090
31
0
0
LINE
5
2B4
330
10E
100
AcDbEntity
8
ST-RB-PUNCH
100
AcDbLine
10
18650
20
49010
30
0
11
18650
21
49090
31
0
0
LINE
5
2B5
330
10E
100
AcDbEntity
8
ST-RB-PUNCH
100
AcDbLine
10
18750
20
49010
30
0
11
18750
21
49090
31
0
0
LINE
5
2B6
330
10E
100
AcDbEntity
8
ST-RB-PUNCH
100
AcDbLine
10
18850
20
49010
30
0
11
18850
21
49090
31
0
0
LINE
5
2B7
330
10E
100
AcDbEntity
8
ST-RB-PUNCH
100
AcDbLine
10
18250
20
49150
30
0
11
18850
21
49150
31
0
0
LINE
5
2B8
330
10E
100
AcDbEntity
8
ST-RB-PUNCH
100
AcDbLine
10
18250
20
49110
30
0
11
18250
21
49190
31
0
0
LINE
5
2B9
330
10E
100
AcDbEntity
8
ST-RB-PUNCH
100
AcDbLine
10
18350
20
49110
30
0
11
18350
21
49190
31
0
0
LINE
5
2BA
330
10E
100
AcDbEntity
8
ST-RB-PUNCH
100
AcDbLine
10
18450
20
49110
30
0
11
18450
21
49190
31
0
0
LINE
5
2BB
330
10E
100
AcDbEntity
8
ST-RB-PUNCH
100
AcDbLine
10
18550
20
49110
30
0
11
18550
21
49190
31
0
0
LINE
5
2BC
330
10E
100
AcDbEntity
8
ST-RB-PUNCH
100
AcDbLine
10
18650
20
49110
30
0
11
18650
21
49190
31
0
0
LINE
5
2BD
330
10E
100
AcDbEntity
8
ST-RB-PUNCH
100
AcDbLine
10
18750
20
49110
30
0
11
18750
21
49190
31
0
0
LINE
5
2BE
330
10E
100
AcDbEntity
8
ST-RB-PUNCH
100
AcDbLine
10
18850
20
49110
30
0
11
18850
21
49190
31
0
0
LINE
5
2BF
330
10E
100
AcDbEntity
8
ST-RB-PUNCH
100
AcDbLine
10
18250
20
49250
30
0
11
18850
21
49250
31
0
0
LINE
5
2C0
330
10E
100
AcDbEntity
8
ST-RB-PUNCH
100
AcDbLine
10
18250
20
49210
30
0
11
18250
21
49290
31
0
0
LINE
5
2C1
330
10E
100
AcDbEntity
8
ST-RB-PUNCH
100
AcDbLine
10
18350
20
49210
30
0
11
18350
21
49290
31
0
0
LINE
5
2C2
330
10E
100
AcDbEntity
8
ST-RB-PUNCH
100
AcDbLine
10
18450
20
49210
30
0
11
18450
21
49290
31
0
0
LINE
5
2C3
330
10E
100
AcDbEntity
8
ST-RB-PUNCH
100
AcDbLine
10
18550
20
49210
30
0
11
18550
21
49290
31
0
0
LINE
5
2C4
330
10E
100
AcDbEntity
8
ST-RB-PUNCH
100
AcDbLine
10
18650
20
49210
30
0
11
18650
21
49290
31
0
0
LINE
5
2C5
330
10E
100
AcDbEntity
8
ST-RB-PUNCH
100
AcDbLine
10
18750
20
49210
30
0
11
18750
21
49290
31
0
0
LINE
5
2C6
330
10E
100
AcDbEntity
8
ST-RB-PUNCH
100
AcDbLine
10
18850
20
49210
30
0
11
18850
21
49290
31
0
0
LINE
5
2C7
330
10E
100
AcDbEntity
8
ST-RB-PUNCH
100
AcDbLine
10
18250
20
49350
30
0
11
18850
21
49350
31
0
0
LINE
5
2C8
330
10E
100
AcDbEntity
8
ST-RB-PUNCH
100
AcDbLine
10
18250
20
49310
30
0
11
18250
21
49390
31
0
0
LINE
5
2C9
330
10E
100
AcDbEntity
8
ST-RB-PUNCH
100
AcDbLine
10
18350
20
49310
30
0
11
18350
21
49390
31
0
0
LINE
5
2CA
330
10E
100
AcDbEntity
8
ST-RB-PUNCH
100
AcDbLine
10
18450
20
49310
30
0
11
18450
21
49390
31
0
0
LINE
5
2CB
330
10E
100
AcDbEntity
8
ST-RB-PUNCH
100
AcDbLine
10
18550
20
49310
30
0
11
18550
21
49390
31
0
0
LINE
5
2CC
330
10E
100
AcDbEntity
8
ST-RB-PUNCH
100
AcDbLine
10
18650
20
49310
30
0
11
18650
21
49390
31
0
0
LINE
5
2CD
330
10E
100
AcDbEntity
8
ST-RB-PUNCH
100
AcDbLine
10
18750
20
49310
30
0
11
18750
21
49390
31
0
0
LINE
5
2CE
330
10E
100
AcDbEntity
8
ST-RB-PUNCH
100
AcDbLine
10
18850
20
49310
30
0
11
18850
21
49390
31
0
0
LINE
5
2CF
330
10E
100
AcDbEntity
8
ST-RB-PUNCH
100
AcDbLine
10
18250
20
49450
30
0
11
18850
21
49450
31
0
0
LINE
5
2D0
330
10E
100
AcDbEntity
8
ST-RB-PUNCH
100
AcDbLine
10
18250
20
49410
30
0
11
18250
21
49490
31
0
0
LINE
5
2D1
330
10E
100
AcDbEntity
8
ST-RB-PUNCH
100
AcDbLine
10
18350
20
49410
30
0
11
18350
21
49490
31
0
0
LINE
5
2D2
330
10E
100
AcDbEntity
8
ST-RB-PUNCH
100
AcDbLine
10
18450
20
49410
30
0
11
18450
21
49490
31
0
0
LINE
5
2D3
330
10E
100
AcDbEntity
8
ST-RB-PUNCH
100
AcDbLine
10
18550
20
49410
30
0
11
18550
21
49490
31
0
0
LINE
5
2D4
330
10E
100
AcDbEntity
8
ST-RB-PUNCH
100
AcDbLine
10
18650
20
49410
30
0
11
18650
21
49490
31
0
0
LINE
5
2D5
330
10E
100
AcDbEntity
8
ST-RB-PUNCH
100
AcDbLine
10
18750
20
49410
30
0
11
18750
21
49490
31
0
0
LINE
5
2D6
330
10E
100
AcDbEntity
8
ST-RB-PUNCH
100
AcDbLine
10
18850
20
49410
30
0
11
18850
21
49490
31
0
0
TEXT
5
2D7
330
10E
100
AcDbEntity
8
ST-RB-TEXT
100
AcDbText
10
18880
20
49550
30
0
40
160
1
5X7-T10-100
7
STANDARD
72
0
100
AcDbText
73
0
0
TEXT
5
2D8
330
10E
100
AcDbEntity
8
ST-RB-TYPE
100
AcDbText
10
18100
20
49100
30
0
40
250
1
PS1
7
STANDARD
72
2
11
18100
21
49100
31
0
100
AcDbText
73
0
0
LINE
5
2D9
330
10E
100
AcDbEntity
8
ST-RB-PUNCH
100
AcDbLine
10
25650
20
48350
30
0
11
25650
21
48950
31
0
0
LINE
5
2DA
330
10E
100
AcDbEntity
8
ST-RB-PUNCH
100
AcDbLine
10
25610
20
48350
30
0
11
25690
21
48350
31
0
0
LINE
5
2DB
330
10E
100
AcDbEntity
8
ST-RB-PUNCH
100
AcDbLine
10
25610
20
48450
30
0
11
25690
21
48450
31
0
0
LINE
5
2DC
330
10E
100
AcDbEntity
8
ST-RB-PUNCH
100
AcDbLine
10
25610
20
48550
30
0
11
25690
21
48550
31
0
0
LINE
5
2DD
330
10E
100
AcDbEntity
8
ST-RB-PUNCH
100
AcDbLine
10
25610
20
48650
30
0
11
25690
21
48650
31
0
0
LINE
5
2DE
330
10E
100
AcDbEntity
8
ST-RB-PUNCH
100
AcDbLine
10
25610
20
48750
30
0
11
25690
21
48750
31
0
0
LINE
5
2DF
330
10E
100
AcDbEntity
8
ST-RB-PUNCH
100
AcDbLine
10
25610
20
48850
30
0
11
25690
21
48850
31
0
0
LINE
5
2E0
330
10E
100
AcDbEntity
8
ST-RB-PUNCH
100
AcDbLine
10
25610
20
48950
30
0
11
25690
21
48950
31
0
0
LINE
5
2E1
330
10E
100
AcDbEntity
8
ST-RB-PUNCH
100
AcDbLine
10
25550
20
48350
30
0
11
25550
21
48950
31
0
0
LINE
5
2E2
330
10E
100
AcDbEntity
8
ST-RB-PUNCH
100
AcDbLine
10
25510
20
48350
30
0
11
25590
21
48350
31
0
0
LINE
5
2E3
330
10E
100
AcDbEntity
8
ST-RB-PUNCH
100
AcDbLine
10
25510
20
48450
30
0
11
25590
21
48450
31
0
0
LINE
5
2E4
330
10E
100
AcDbEntity
8
ST-RB-PUNCH
100
AcDbLine
10
25510
20
48550
30
0
11
25590
21
48550
31
0
0
LINE
5
2E5
330
10E
100
AcDbEntity
8
ST-RB-PUNCH
100
AcDbLine
10
25510
20
48650
30
0
11
25590
21
48650
31
0
0
LINE
5
2E6
330
10E
100
AcDbEntity
8
ST-RB-PUNCH
100
AcDbLine
10
25510
20
48750
30
0
11
25590
21
48750
31
0
0
LINE
5
2E7
330
10E
100
AcDbEntity
8
ST-RB-PUNCH
100
AcDbLine
10
25510
20
48850
30
0
11
25590
21
48850
31
0
0
LINE
5
2E8
330
10E
100
AcDbEntity
8
ST-RB-PUNCH
100
AcDbLine
10
25510
20
48950
30
0
11
25590
21
48950
31
0
0
LINE
5
2E9
330
10E
100
AcDbEntity
8
ST-RB-PUNCH
100
AcDbLine
10
25450
20
48350
30
0
11
25450
21
48950
31
0
0
LINE
5
2EA
330
10E
100
AcDbEntity
8
ST-RB-PUNCH
100
AcDbLine
10
25410
20
48350
30
0
11
25490
21
48350
31
0
0
LINE
5
2EB
330
10E
100
AcDbEntity
8
ST-RB-PUNCH
100
AcDbLine
10
25410
20
48450
30
0
11
25490
21
48450
31
0
0
LINE
5
2EC
330
10E
100
AcDbEntity
8
ST-RB-PUNCH
100
AcDbLine
10
25410
20
48550
30
0
11
25490
21
48550
31
0
0
LINE
5
2ED
330
10E
100
AcDbEntity
8
ST-RB-PUNCH
100
AcDbLine
10
25410
20
48650
30
0
11
25490
21
48650
31
0
0
LINE
5
2EE
330
10E
100
AcDbEntity
8
ST-RB-PUNCH
100
AcDbLine
10
25410
20
48750
30
0
11
25490
21
48750
31
0
0
LINE
5
2EF
330
10E
100
AcDbEntity
8
ST-RB-PUNCH
100
AcDbLine
10
25410
20
48850
30
0
11
25490
21
48850
31
0
0
LINE
5
2F0
330
10E
100
AcDbEntity
8
ST-RB-PUNCH
100
AcDbLine
10
25410
20
48950
30
0
11
25490
21
48950
31
0
0
LINE
5
2F1
330
10E
100
AcDbEntity
8
ST-RB-PUNCH
100
AcDbLine
10
25350
20
48350
30
0
11
25350
21
48950
31
0
0
LINE
5
2F2
330
10E
100
AcDbEntity
8
ST-RB-PUNCH
100
AcDbLine
10
25310
20
48350
30
0
11
25390
21
48350
31
0
0
LINE
5
2F3
330
10E
100
AcDbEntity
8
ST-RB-PUNCH
100
AcDbLine
10
25310
20
48450
30
0
11
25390
21
48450
31
0
0
LINE
5
2F4
330
10E
100
AcDbEntity
8
ST-RB-PUNCH
100
AcDbLine
10
25310
20
48550
30
0
11
25390
21
48550
31
0
0
LINE
5
2F5
330
10E
100
AcDbEntity
8
ST-RB-PUNCH
100
AcDbLine
10
25310
20
48650
30
0
11
25390
21
48650
31
0
0
LINE
5
2F6
330
10E
100
AcDbEntity
8
ST-RB-PUNCH
100
AcDbLine
10
25310
20
48750
30
0
11
25390
21
48750
31
0
0
LINE
5
2F7
330
10E
100
AcDbEntity
8
ST-RB-PUNCH
100
AcDbLine
10
25310
20
48850
30
0
11
25390
21
48850
31
0
0
LINE
5
2F8
330
10E
100
AcDbEntity
8
ST-RB-PUNCH
100
AcDbLine
10
25310
20
48950
30
0
11
25390
21
48950
31
0
0
LINE
5
2F9
330
10E
100
AcDbEntity
8
ST-RB-PUNCH
100
AcDbLine
10
25250
20
48350
30
0
11
25250
21
48950
31
0
0
LINE
5
2FA
330
10E
100
AcDbEntity
8
ST-RB-PUNCH
100
AcDbLine
10
25210
20
48350
30
0
11
25290
21
48350
31
0
0
LINE
5
2FB
330
10E
100
AcDbEntity
8
ST-RB-PUNCH
100
AcDbLine
10
25210
20
48450
30
0
11
25290
21
48450
31
0
0
LINE
5
2FC
330
10E
100
AcDbEntity
8
ST-RB-PUNCH
100
AcDbLine
10
25210
20
48550
30
0
11
25290
21
48550
31
0
0
LINE
5
2FD
330
10E
100
AcDbEntity
8
ST-RB-PUNCH
100
AcDbLine
10
25210
20
48650
30
0
11
25290
21
48650
31
0
0
LINE
5
2FE
330
10E
100
AcDbEntity
8
ST-RB-PUNCH
100
AcDbLine
10
25210
20
48750
30
0
11
25290
21
48750
31
0
0
LINE
5
2FF
330
10E
100
AcDbEntity
8
ST-RB-PUNCH
100
AcDbLine
10
25210
20
48850
30
0
11
25290
21
48850
31
0
0
LINE
5
300
330
10E
100
AcDbEntity
8
ST-RB-PUNCH
100
AcDbLine
10
25210
20
48950
30
0
11
25290
21
48950
31
0
0
TEXT
5
301
330
10E
100
AcDbEntity
8
ST-RB-TEXT
100
AcDbText
10
25120
20
48980
30
0
40
160
1
5X7-T10-100
50
90
7
STANDARD
72
0
100
AcDbText
73
0
0
LINE
5
302
330
10E
100
AcDbEntity
8
ST-RB-PUNCH
100
AcDbLine
10
26450
20
48350
30
0
11
26450
21
48950
31
0
0
LINE
5
303
330
10E
100
AcDbEntity
8
ST-RB-PUNCH
100
AcDbLine
10
26410
20
48350
30
0
11
26490
21
48350
31
0
0
LINE
5
304
330
10E
100
AcDbEntity
8
ST-RB-PUNCH
100
AcDbLine
10
26410
20
48450
30
0
11
26490
21
48450
31
0
0
LINE
5
305
330
10E
100
AcDbEntity
8
ST-RB-PUNCH
100
AcDbLine
10
26410
20
48550
30
0
11
26490
21
48550
31
0
0
LINE
5
306
330
10E
100
AcDbEntity
8
ST-RB-PUNCH
100
AcDbLine
10
26410
20
48650
30
0
11
26490
21
48650
31
0
0
LINE
5
307
330
10E
100
AcDbEntity
8
ST-RB-PUNCH
100
AcDbLine
10
26410
20
48750
30
0
11
26490
21
48750
31
0
0
LINE
5
308
330
10E
100
AcDbEntity
8
ST-RB-PUNCH
100
AcDbLine
10
26410
20
48850
30
0
11
26490
21
48850
31
0
0
LINE
5
309
330
10E
100
AcDbEntity
8
ST-RB-PUNCH
100
AcDbLine
10
26410
20
48950
30
0
11
26490
21
48950
31
0
0
LINE
5
30A
330
10E
100
AcDbEntity
8
ST-RB-PUNCH
100
AcDbLine
10
26550
20
48350
30
0
11
26550
21
48950
31
0
0
LINE
5
30B
330
10E
100
AcDbEntity
8
ST-RB-PUNCH
100
AcDbLine
10
26510
20
48350
30
0
11
26590
21
48350
31
0
0
LINE
5
30C
330
10E
100
AcDbEntity
8
ST-RB-PUNCH
100
AcDbLine
10
26510
20
48450
30
0
11
26590
21
48450
31
0
0
LINE
5
30D
330
10E
100
AcDbEntity
8
ST-RB-PUNCH
100
AcDbLine
10
26510
20
48550
30
0
11
26590
21
48550
31
0
0
LINE
5
30E
330
10E
100
AcDbEntity
8
ST-RB-PUNCH
100
AcDbLine
10
26510
20
48650
30
0
11
26590
21
48650
31
0
0
LINE
5
30F
330
10E
100
AcDbEntity
8
ST-RB-PUNCH
100
AcDbLine
10
26510
20
48750
30
0
11
26590
21
48750
31
0
0
LINE
5
310
330
10E
100
AcDbEntity
8
ST-RB-PUNCH
100
AcDbLine
10
26510
20
48850
30
0
11
26590
21
48850
31
0
0
LINE
5
311
330
10E
100
AcDbEntity
8
ST-RB-PUNCH
100
AcDbLine
10
26510
20
48950
30
0
11
26590
21
48950
31
0
0
LINE
5
312
330
10E
100
AcDbEntity
8
ST-RB-PUNCH
100
AcDbLine
10
26650
20
48350
30
0
11
26650
21
48950
31
0
0
LINE
5
313
330
10E
100
AcDbEntity
8
ST-RB-PUNCH
100
AcDbLine
10
26610
20
48350
30
0
11
26690
21
48350
31
0
0
LINE
5
314
330
10E
100
AcDbEntity
8
ST-RB-PUNCH
100
AcDbLine
10
26610
20
48450
30
0
11
26690
21
48450
31
0
0
LINE
5
315
330
10E
100
AcDbEntity
8
ST-RB-PUNCH
100
AcDbLine
10
26610
20
48550
30
0
11
26690
21
48550
31
0
0
LINE
5
316
330
10E
100
AcDbEntity
8
ST-RB-PUNCH
100
AcDbLine
10
26610
20
48650
30
0
11
26690
21
48650
31
0
0
LINE
5
317
330
10E
100
AcDbEntity
8
ST-RB-PUNCH
100
AcDbLine
10
26610
20
48750
30
0
11
26690
21
48750
31
0
0
LINE
5
318
330
10E
100
AcDbEntity
8
ST-RB-PUNCH
100
AcDbLine
10
26610
20
48850
30
0
11
26690
21
48850
31
0
0
LINE
5
319
330
10E
100
AcDbEntity
8
ST-RB-PUNCH
100
AcDbLine
10
26610
20
48950
30
0
11
26690
21
48950
31
0
0
LINE
5
31A
330
10E
100
AcDbEntity
8
ST-RB-PUNCH
100
AcDbLine
10
26750
20
48350
30
0
11
26750
21
48950
31
0
0
LINE
5
31B
330
10E
100
AcDbEntity
8
ST-RB-PUNCH
100
AcDbLine
10
26710
20
48350
30
0
11
26790
21
48350
31
0
0
LINE
5
31C
330
10E
100
AcDbEntity
8
ST-RB-PUNCH
100
AcDbLine
10
26710
20
48450
30
0
11
26790
21
48450
31
0
0
LINE
5
31D
330
10E
100
AcDbEntity
8
ST-RB-PUNCH
100
AcDbLine
10
26710
20
48550
30
0
11
26790
21
48550
31
0
0
LINE
5
31E
330
10E
100
AcDbEntity
8
ST-RB-PUNCH
100
AcDbLine
10
26710
20
48650
30
0
11
26790
21
48650
31
0
0
LINE
5
31F
330
10E
100
AcDbEntity
8
ST-RB-PUNCH
100
AcDbLine
10
26710
20
48750
30
0
11
26790
21
48750
31
0
0
LINE
5
320
330
10E
100
AcDbEntity
8
ST-RB-PUNCH
100
AcDbLine
10
26710
20
48850
30
0
11
26790
21
48850
31
0
0
LINE
5
321
330
10E
100
AcDbEntity
8
ST-RB-PUNCH
100
AcDbLine
10
26710
20
48950
30
0
11
26790
21
48950
31
0
0
LINE
5
322
330
10E
100
AcDbEntity
8
ST-RB-PUNCH
100
AcDbLine
10
26850
20
48350
30
0
11
26850
21
48950
31
0
0
LINE
5
323
330
10E
100
AcDbEntity
8
ST-RB-PUNCH
100
AcDbLine
10
26810
20
48350
30
0
11
26890
21
48350
31
0
0
LINE
5
324
330
10E
100
AcDbEntity
8
ST-RB-PUNCH
100
AcDbLine
10
26810
20
48450
30
0
11
26890
21
48450
31
0
0
LINE
5
325
330
10E
100
AcDbEntity
8
ST-RB-PUNCH
100
AcDbLine
10
26810
20
48550
30
0
11
26890
21
48550
31
0
0
LINE
5
326
330
10E
100
AcDbEntity
8
ST-RB-PUNCH
100
AcDbLine
10
26810
20
48650
30
0
11
26890
21
48650
31
0
0
LINE
5
327
330
10E
100
AcDbEntity
8
ST-RB-PUNCH
100
AcDbLine
10
26810
20
48750
30
0
11
26890
21
48750
31
0
0
LINE
5
328
330
10E
100
AcDbEntity
8
ST-RB-PUNCH
100
AcDbLine
10
26810
20
48850
30
0
11
26890
21
48850
31
0
0
LINE
5
329
330
10E
100
AcDbEntity
8
ST-RB-PUNCH
100
AcDbLine
10
26810
20
48950
30
0
11
26890
21
48950
31
0
0
TEXT
5
32A
330
10E
100
AcDbEntity
8
ST-RB-TEXT
100
AcDbText
10
26980
20
48980
30
0
40
160
1
5X7-T10-100
50
90
7
STANDARD
72
0
100
AcDbText
73
0
0
LINE
5
32B
330
10E
100
AcDbEntity
8
ST-RB-PUNCH
100
AcDbLine
10
25750
20
48250
30
0
11
26350
21
48250
31
0
0
LINE
5
32C
330
10E
100
AcDbEntity
8
ST-RB-PUNCH
100
AcDbLine
10
25750
20
48210
30
0
11
25750
21
48290
31
0
0
LINE
5
32D
330
10E
100
AcDbEntity
8
ST-RB-PUNCH
100
AcDbLine
10
25850
20
48210
30
0
11
25850
21
48290
31
0
0
LINE
5
32E
330
10E
100
AcDbEntity
8
ST-RB-PUNCH
100
AcDbLine
10
25950
20
48210
30
0
11
25950
21
48290
31
0
0
LINE
5
32F
330
10E
100
AcDbEntity
8
ST-RB-PUNCH
100
AcDbLine
10
26050
20
48210
30
0
11
26050
21
48290
31
0
0
LINE
5
330
330
10E
100
AcDbEntity
8
ST-RB-PUNCH
100
AcDbLine
10
26150
20
48210
30
0
11
26150
21
48290
31
0
0
LINE
5
331
330
10E
100
AcDbEntity
8
ST-RB-PUNCH
100
AcDbLine
10
26250
20
48210
30
0
11
26250
21
48290
31
0
0
LINE
5
332
330
10E
100
AcDbEntity
8
ST-RB-PUNCH
100
AcDbLine
10
26350
20
48210
30
0
11
26350
21
48290
31
0
0
LINE
5
333
330
10E
100
AcDbEntity
8
ST-RB-PUNCH
100
AcDbLine
10
25750
20
48150
30
0
11
26350
21
48150
31
0
0
LINE
5
334
330
10E
100
AcDbEntity
8
ST-RB-PUNCH
100
AcDbLine
10
25750
20
48110
30
0
11
25750
21
48190
31
0
0
LINE
5
335
330
10E
100
AcDbEntity
8
ST-RB-PUNCH
100
AcDbLine
10
25850
20
48110
30
0
11
25850
21
48190
31
0
0
LINE
5
336
330
10E
100
AcDbEntity
8
ST-RB-PUNCH
100
AcDbLine
10
25950
20
48110
30
0
11
25950
21
48190
31
0
0
LINE
5
337
330
10E
100
AcDbEntity
8
ST-RB-PUNCH
100
AcDbLine
10
26050
20
48110
30
0
11
26050
21
48190
31
0
0
LINE
5
338
330
10E
100
AcDbEntity
8
ST-RB-PUNCH
100
AcDbLine
10
26150
20
48110
30
0
11
26150
21
48190
31
0
0
LINE
5
339
330
10E
100
AcDbEntity
8
ST-RB-PUNCH
100
AcDbLine
10
26250
20
48110
30
0
11
26250
21
48190
31
0
0
LINE
5
33A
330
10E
100
AcDbEntity
8
ST-RB-PUNCH
100
AcDbLine
10
26350
20
48110
30
0
11
26350
21
48190
31
0
0
LINE
5
33B
330
10E
100
AcDbEntity
8
ST-RB-PUNCH
100
AcDbLine
10
25750
20
48050
30
0
11
26350
21
48050
31
0
0
LINE
5
33C
330
10E
100
AcDbEntity
8
ST-RB-PUNCH
100
AcDbLine
10
25750
20
48010
30
0
11
25750
21
48090
31
0
0
LINE
5
33D
330
10E
100
AcDbEntity
8
ST-RB-PUNCH
100
AcDbLine
10
25850
20
48010
30
0
11
25850
21
48090
31
0
0
LINE
5
33E
330
10E
100
AcDbEntity
8
ST-RB-PUNCH
100
AcDbLine
10
25950
20
48010
30
0
11
25950
21
48090
31
0
0
LINE
5
33F
330
10E
100
AcDbEntity
8
ST-RB-PUNCH
100
AcDbLine
10
26050
20
48010
30
0
11
26050
21
48090
31
0
0
LINE
5
340
330
10E
100
AcDbEntity
8
ST-RB-PUNCH
100
AcDbLine
10
26150
20
48010
30
0
11
26150
21
48090
31
0
0
LINE
5
341
330
10E
100
AcDbEntity
8
ST-RB-PUNCH
100
AcDbLine
10
26250
20
48010
30
0
11
26250
21
48090
31
0
0
LINE
5
342
330
10E
100
AcDbEntity
8
ST-RB-PUNCH
100
AcDbLine
10
26350
20
48010
30
0
11
26350
21
48090
31
0
0
LINE
5
343
330
10E
100
AcDbEntity
8
ST-RB-PUNCH
100
AcDbLine
10
25750
20
47950
30
0
11
26350
21
47950
31
0
0
LINE
5
344
330
10E
100
AcDbEntity
8
ST-RB-PUNCH
100
AcDbLine
10
25750
20
47910
30
0
11
25750
21
47990
31
0
0
LINE
5
345
330
10E
100
AcDbEntity
8
ST-RB-PUNCH
100
AcDbLine
10
25850
20
47910
30
0
11
25850
21
47990
31
0
0
LINE
5
346
330
10E
100
AcDbEntity
8
ST-RB-PUNCH
100
AcDbLine
10
25950
20
47910
30
0
11
25950
21
47990
31
0
0
LINE
5
347
330
10E
100
AcDbEntity
8
ST-RB-PUNCH
100
AcDbLine
10
26050
20
47910
30
0
11
26050
21
47990
31
0
0
LINE
5
348
330
10E
100
AcDbEntity
8
ST-RB-PUNCH
100
AcDbLine
10
26150
20
47910
30
0
11
26150
21
47990
31
0
0
LINE
5
349
330
10E
100
AcDbEntity
8
ST-RB-PUNCH
100
AcDbLine
10
26250
20
47910
30
0
11
26250
21
47990
31
0
0
LINE
5
34A
330
10E
100
AcDbEntity
8
ST-RB-PUNCH
100
AcDbLine
10
26350
20
47910
30
0
11
26350
21
47990
31
0
0
LINE
5
34B
330
10E
100
AcDbEntity
8
ST-RB-PUNCH
100
AcDbLine
10
25750
20
47850
30
0
11
26350
21
47850
31
0
0
LINE
5
34C
330
10E
100
AcDbEntity
8
ST-RB-PUNCH
100
AcDbLine
10
25750
20
47810
30
0
11
25750
21
47890
31
0
0
LINE
5
34D
330
10E
100
AcDbEntity
8
ST-RB-PUNCH
100
AcDbLine
10
25850
20
47810
30
0
11
25850
21
47890
31
0
0
LINE
5
34E
330
10E
100
AcDbEntity
8
ST-RB-PUNCH
100
AcDbLine
10
25950
20
47810
30
0
11
25950
21
47890
31
0
0
LINE
5
34F
330
10E
100
AcDbEntity
8
ST-RB-PUNCH
100
AcDbLine
10
26050
20
47810
30
0
11
26050
21
47890
31
0
0
LINE
5
350
330
10E
100
AcDbEntity
8
ST-RB-PUNCH
100
AcDbLine
10
26150
20
47810
30
0
11
26150
21
47890
31
0
0
LINE
5
351
330
10E
100
AcDbEntity
8
ST-RB-PUNCH
100
AcDbLine
10
26250
20
47810
30
0
11
26250
21
47890
31
0
0
LINE
5
352
330
10E
100
AcDbEntity
8
ST-RB-PUNCH
100
AcDbLine
10
26350
20
47810
30
0
11
26350
21
47890
31
0
0
TEXT
5
353
330
10E
100
AcDbEntity
8
ST-RB-TEXT
100
AcDbText
10
26380
20
47750
30
0
40
160
1
5X7-T10-100
7
STANDARD
72
0
100
AcDbText
73
0
0
LINE
5
354
330
10E
100
AcDbEntity
8
ST-RB-PUNCH
100
AcDbLine
10
25750
20
49050
30
0
11
26350
21
49050
31
0
0
LINE
5
355
330
10E
100
AcDbEntity
8
ST-RB-PUNCH
100
AcDbLine
10
25750
20
49010
30
0
11
25750
21
49090
31
0
0
LINE
5
356
330
10E
100
AcDbEntity
8
ST-RB-PUNCH
100
AcDbLine
10
25850
20
49010
30
0
11
25850
21
49090
31
0
0
LINE
5
357
330
10E
100
AcDbEntity
8
ST-RB-PUNCH
100
AcDbLine
10
25950
20
49010
30
0
11
25950
21
49090
31
0
0
LINE
5
358
330
10E
100
AcDbEntity
8
ST-RB-PUNCH
100
AcDbLine
10
26050
20
49010
30
0
11
26050
21
49090
31
0
0
LINE
5
359
330
10E
100
AcDbEntity
8
ST-RB-PUNCH
100
AcDbLine
10
26150
20
49010
30
0
11
26150
21
49090
31
0
0
LINE
5
35A
330
10E
100
AcDbEntity
8
ST-RB-PUNCH
100
AcDbLine
10
26250
20
49010
30
0
11
26250
21
49090
31
0
0
LINE
5
35B
330
10E
100
AcDbEntity
8
ST-RB-PUNCH
100
AcDbLine
10
26350
20
49010
30
0
11
26350
21
49090
31
0
0
LINE
5
35C
330
10E
100
AcDbEntity
8
ST-RB-PUNCH
100
AcDbLine
10
25750
20
49150
30
0
11
26350
21
49150
31
0
0
LINE
5
35D
330
10E
100
AcDbEntity
8
ST-RB-PUNCH
100
AcDbLine
10
25750
20
49110
30
0
11
25750
21
49190
31
0
0
LINE
5
35E
330
10E
100
AcDbEntity
8
ST-RB-PUNCH
100
AcDbLine
10
25850
20
49110
30
0
11
25850
21
49190
31
0
0
LINE
5
35F
330
10E
100
AcDbEntity
8
ST-RB-PUNCH
100
AcDbLine
10
25950
20
49110
30
0
11
25950
21
49190
31
0
0
LINE
5
360
330
10E
100
AcDbEntity
8
ST-RB-PUNCH
100
AcDbLine
10
26050
20
49110
30
0
11
26050
21
49190
31
0
0
LINE
5
361
330
10E
100
AcDbEntity
8
ST-RB-PUNCH
100
AcDbLine
10
26150
20
49110
30
0
11
26150
21
49190
31
0
0
LINE
5
362
330
10E
100
AcDbEntity
8
ST-RB-PUNCH
100
AcDbLine
10
26250
20
49110
30
0
11
26250
21
49190
31
0
0
LINE
5
363
330
10E
100
AcDbEntity
8
ST-RB-PUNCH
100
AcDbLine
10
26350
20
49110
30
0
11
26350
21
49190
31
0
0
LINE
5
364
330
10E
100
AcDbEntity
8
ST-RB-PUNCH
100
AcDbLine
10
25750
20
49250
30
0
11
26350
21
49250
31
0
0
LINE
5
365
330
10E
100
AcDbEntity
8
ST-RB-PUNCH
100
AcDbLine
10
25750
20
49210
30
0
11
25750
21
49290
31
0
0
LINE
5
366
330
10E
100
AcDbEntity
8
ST-RB-PUNCH
100
AcDbLine
10
25850
20
49210
30
0
11
25850
21
49290
31
0
0
LINE
5
367
330
10E
100
AcDbEntity
8
ST-RB-PUNCH
100
AcDbLine
10
25950
20
49210
30
0
11
25950
21
49290
31
0
0
LINE
5
368
330
10E
100
AcDbEntity
8
ST-RB-PUNCH
100
AcDbLine
10
26050
20
49210
30
0
11
26050
21
49290
31
0
0
LINE
5
369
330
10E
100
AcDbEntity
8
ST-RB-PUNCH
100
AcDbLine
10
26150
20
49210
30
0
11
26150
21
49290
31
0
0
LINE
5
36A
330
10E
100
AcDbEntity
8
ST-RB-PUNCH
100
AcDbLine
10
26250
20
49210
30
0
11
26250
21
49290
31
0
0
LINE
5
36B
330
10E
100
AcDbEntity
8
ST-RB-PUNCH
100
AcDbLine
10
26350
20
49210
30
0
11
26350
21
49290
31
0
0
LINE
5
36C
330
10E
100
AcDbEntity
8
ST-RB-PUNCH
100
AcDbLine
10
25750
20
49350
30
0
11
26350
21
49350
31
0
0
LINE
5
36D
330
10E
100
AcDbEntity
8
ST-RB-PUNCH
100
AcDbLine
10
25750
20
49310
30
0
11
25750
21
49390
31
0
0
LINE
5
36E
330
10E
100
AcDbEntity
8
ST-RB-PUNCH
100
AcDbLine
10
25850
20
49310
30
0
11
25850
21
49390
31
0
0
LINE
5
36F
330
10E
100
AcDbEntity
8
ST-RB-PUNCH
100
AcDbLine
10
25950
20
49310
30
0
11
25950
21
49390
31
0
0
LINE
5
370
330
10E
100
AcDbEntity
8
ST-RB-PUNCH
100
AcDbLine
10
26050
20
49310
30
0
11
26050
21
49390
31
0
0
LINE
5
371
330
10E
100
AcDbEntity
8
ST-RB-PUNCH
100
AcDbLine
10
26150
20
49310
30
0
11
26150
21
49390
31
0
0
LINE
5
372
330
10E
100
AcDbEntity
8
ST-RB-PUNCH
100
AcDbLine
10
26250
20
49310
30
0
11
26250
21
49390
31
0
0
LINE
5
373
330
10E
100
AcDbEntity
8
ST-RB-PUNCH
100
AcDbLine
10
26350
20
49310
30
0
11
26350
21
49390
31
0
0
LINE
5
374
330
10E
100
AcDbEntity
8
ST-RB-PUNCH
100
AcDbLine
10
25750
20
49450
30
0
11
26350
21
49450
31
0
0
LINE
5
375
330
10E
100
AcDbEntity
8
ST-RB-PUNCH
100
AcDbLine
10
25750
20
49410
30
0
11
25750
21
49490
31
0
0
LINE
5
376
330
10E
100
AcDbEntity
8
ST-RB-PUNCH
100
AcDbLine
10
25850
20
49410
30
0
11
25850
21
49490
31
0
0
LINE
5
377
330
10E
100
AcDbEntity
8
ST-RB-PUNCH
100
AcDbLine
10
25950
20
49410
30
0
11
25950
21
49490
31
0
0
LINE
5
378
330
10E
100
AcDbEntity
8
ST-RB-PUNCH
100
AcDbLine
10
26050
20
49410
30
0
11
26050
21
49490
31
0
0
LINE
5
379
330
10E
100
AcDbEntity
8
ST-RB-PUNCH
100
AcDbLine
10
26150
20
49410
30
0
11
26150
21
49490
31
0
0
LINE
5
37A
330
10E
100
AcDbEntity
8
ST-RB-PUNCH
100
AcDbLine
10
26250
20
49410
30
0
11
26250
21
49490
31
0
0
LINE
5
37B
330
10E
100
AcDbEntity
8
ST-RB-PUNCH
100
AcDbLine
10
26350
20
49410
30
0
11
26350
21
49490
31
0
0
TEXT
5
37C
330
10E
100
AcDbEntity
8
ST-RB-TEXT
100
AcDbText
10
26380
20
49550
30
0
40
160
1
5X7-T10-100
7
STANDARD
72
0
100
AcDbText
73
0
0
TEXT
5
37D
330
10E
100
AcDbEntity
8
ST-RB-TYPE
100
AcDbText
10
25600
20
49100
30
0
40
250
1
PS1
7
STANDARD
72
2
11
25600
21
49100
31
0
100
AcDbText
73
0
0
LINE
5
37E
330
10E
100
AcDbEntity
8
ST-RB-PUNCH
100
AcDbLine
10
33150
20
48350
30
0
11
33150
21
48950
31
0
0
LINE
5
37F
330
10E
100
AcDbEntity
8
ST-RB-PUNCH
100
AcDbLine
10
33110
20
48350
30
0
11
33190
21
48350
31
0
0
LINE
5
380
330
10E
100
AcDbEntity
8
ST-RB-PUNCH
100
AcDbLine
10
33110
20
48450
30
0
11
33190
21
48450
31
0
0
LINE
5
381
330
10E
100
AcDbEntity
8
ST-RB-PUNCH
100
AcDbLine
10
33110
20
48550
30
0
11
33190
21
48550
31
0
0
LINE
5
382
330
10E
100
AcDbEntity
8
ST-RB-PUNCH
100
AcDbLine
10
33110
20
48650
30
0
11
33190
21
48650
31
0
0
LINE
5
383
330
10E
100
AcDbEntity
8
ST-RB-PUNCH
100
AcDbLine
10
33110
20
48750
30
0
11
33190
21
48750
31
0
0
LINE
5
384
330
10E
100
AcDbEntity
8
ST-RB-PUNCH
100
AcDbLine
10
33110
20
48850
30
0
11
33190
21
48850
31
0
0
LINE
5
385
330
10E
100
AcDbEntity
8
ST-RB-PUNCH
100
AcDbLine
10
33110
20
48950
30
0
11
33190
21
48950
31
0
0
LINE
5
386
330
10E
100
AcDbEntity
8
ST-RB-PUNCH
100
AcDbLine
10
33050
20
48350
30
0
11
33050
21
48950
31
0
0
LINE
5
387
330
10E
100
AcDbEntity
8
ST-RB-PUNCH
100
AcDbLine
10
33010
20
48350
30
0
11
33090
21
48350
31
0
0
LINE
5
388
330
10E
100
AcDbEntity
8
ST-RB-PUNCH
100
AcDbLine
10
33010
20
48450
30
0
11
33090
21
48450
31
0
0
LINE
5
389
330
10E
100
AcDbEntity
8
ST-RB-PUNCH
100
AcDbLine
10
33010
20
48550
30
0
11
33090
21
48550
31
0
0
LINE
5
38A
330
10E
100
AcDbEntity
8
ST-RB-PUNCH
100
AcDbLine
10
33010
20
48650
30
0
11
33090
21
48650
31
0
0
LINE
5
38B
330
10E
100
AcDbEntity
8
ST-RB-PUNCH
100
AcDbLine
10
33010
20
48750
30
0
11
33090
21
48750
31
0
0
LINE
5
38C
330
10E
100
AcDbEntity
8
ST-RB-PUNCH
100
AcDbLine
10
33010
20
48850
30
0
11
33090
21
48850
31
0
0
LINE
5
38D
330
10E
100
AcDbEntity
8
ST-RB-PUNCH
100
AcDbLine
10
33010
20
48950
30
0
11
33090
21
48950
31
0
0
LINE
5
38E
330
10E
100
AcDbEntity
8
ST-RB-PUNCH
100
AcDbLine
10
32950
20
48350
30
0
11
32950
21
48950
31
0
0
LINE
5
38F
330
10E
100
AcDbEntity
8
ST-RB-PUNCH
100
AcDbLine
10
32910
20
48350
30
0
11
32990
21
48350
31
0
0
LINE
5
390
330
10E
100
AcDbEntity
8
ST-RB-PUNCH
100
AcDbLine
10
32910
20
48450
30
0
11
32990
21
48450
31
0
0
LINE
5
391
330
10E
100
AcDbEntity
8
ST-RB-PUNCH
100
AcDbLine
10
32910
20
48550
30
0
11
32990
21
48550
31
0
0
LINE
5
392
330
10E
100
AcDbEntity
8
ST-RB-PUNCH
100
AcDbLine
10
32910
20
48650
30
0
11
32990
21
48650
31
0
0
LINE
5
393
330
10E
100
AcDbEntity
8
ST-RB-PUNCH
100
AcDbLine
10
32910
20
48750
30
0
11
32990
21
48750
31
0
0
LINE
5
394
330
10E
100
AcDbEntity
8
ST-RB-PUNCH
100
AcDbLine
10
32910
20
48850
30
0
11
32990
21
48850
31
0
0
LINE
5
395
330
10E
100
AcDbEntity
8
ST-RB-PUNCH
100
AcDbLine
10
32910
20
48950
30
0
11
32990
21
48950
31
0
0
LINE
5
396
330
10E
100
AcDbEntity
8
ST-RB-PUNCH
100
AcDbLine
10
32850
20
48350
30
0
11
32850
21
48950
31
0
0
LINE
5
397
330
10E
100
AcDbEntity
8
ST-RB-PUNCH
100
AcDbLine
10
32810
20
48350
30
0
11
32890
21
48350
31
0
0
LINE
5
398
330
10E
100
AcDbEntity
8
ST-RB-PUNCH
100
AcDbLine
10
32810
20
48450
30
0
11
32890
21
48450
31
0
0
LINE
5
399
330
10E
100
AcDbEntity
8
ST-RB-PUNCH
100
AcDbLine
10
32810
20
48550
30
0
11
32890
21
48550
31
0
0
LINE
5
39A
330
10E
100
AcDbEntity
8
ST-RB-PUNCH
100
AcDbLine
10
32810
20
48650
30
0
11
32890
21
48650
31
0
0
LINE
5
39B
330
10E
100
AcDbEntity
8
ST-RB-PUNCH
100
AcDbLine
10
32810
20
48750
30
0
11
32890
21
48750
31
0
0
LINE
5
39C
330
10E
100
AcDbEntity
8
ST-RB-PUNCH
100
AcDbLine
10
32810
20
48850
30
0
11
32890
21
48850
31
0
0
LINE
5
39D
330
10E
100
AcDbEntity
8
ST-RB-PUNCH
100
AcDbLine
10
32810
20
48950
30
0
11
32890
21
48950
31
0
0
LINE
5
39E
330
10E
100
AcDbEntity
8
ST-RB-PUNCH
100
AcDbLine
10
32750
20
48350
30
0
11
32750
21
48950
31
0
0
LINE
5
39F
330
10E
100
AcDbEntity
8
ST-RB-PUNCH
100
AcDbLine
10
32710
20
48350
30
0
11
32790
21
48350
31
0
0
LINE
5
3A0
330
10E
100
AcDbEntity
8
ST-RB-PUNCH
100
AcDbLine
10
32710
20
48450
30
0
11
32790
21
48450
31
0
0
LINE
5
3A1
330
10E
100
AcDbEntity
8
ST-RB-PUNCH
100
AcDbLine
10
32710
20
48550
30
0
11
32790
21
48550
31
0
0
LINE
5
3A2
330
10E
100
AcDbEntity
8
ST-RB-PUNCH
100
AcDbLine
10
32710
20
48650
30
0
11
32790
21
48650
31
0
0
LINE
5
3A3
330
10E
100
AcDbEntity
8
ST-RB-PUNCH
100
AcDbLine
10
32710
20
48750
30
0
11
32790
21
48750
31
0
0
LINE
5
3A4
330
10E
100
AcDbEntity
8
ST-RB-PUNCH
100
AcDbLine
10
32710
20
48850
30
0
11
32790
21
48850
31
0
0
LINE
5
3A5
330
10E
100
AcDbEntity
8
ST-RB-PUNCH
100
AcDbLine
10
32710
20
48950
30
0
11
32790
21
48950
31
0
0
TEXT
5
3A6
330
10E
100
AcDbEntity
8
ST-RB-TEXT
100
AcDbText
10
32620
20
48980
30
0
40
160
1
5X7-T10-100
50
90
7
STANDARD
72
0
100
AcDbText
73
0
0
LINE
5
3A7
330
10E
100
AcDbEntity
8
ST-RB-PUNCH
100
AcDbLine
10
33950
20
48350
30
0
11
33950
21
48950
31
0
0
LINE
5
3A8
330
10E
100
AcDbEntity
8
ST-RB-PUNCH
100
AcDbLine
10
33910
20
48350
30
0
11
33990
21
48350
31
0
0
LINE
5
3A9
330
10E
100
AcDbEntity
8
ST-RB-PUNCH
100
AcDbLine
10
33910
20
48450
30
0
11
33990
21
48450
31
0
0
LINE
5
3AA
330
10E
100
AcDbEntity
8
ST-RB-PUNCH
100
AcDbLine
10
33910
20
48550
30
0
11
33990
21
48550
31
0
0
LINE
5
3AB
330
10E
100
AcDbEntity
8
ST-RB-PUNCH
100
AcDbLine
10
33910
20
48650
30
0
11
33990
21
48650
31
0
0
LINE
5
3AC
330
10E
100
AcDbEntity
8
ST-RB-PUNCH
100
AcDbLine
10
33910
20
48750
30
0
11
33990
21
48750
31
0
0
LINE
5
3AD
330
10E
100
AcDbEntity
8
ST-RB-PUNCH
100
AcDbLine
10
33910
20
48850
30
0
11
33990
21
48850
31
0
0
LINE
5
3AE
330
10E
100
AcDbEntity
8
ST-RB-PUNCH
100
AcDbLine
10
33910
20
48950
30
0
11
33990
21
48950
31
0
0
LINE
5
3AF
330
10E
100
AcDbEntity
8
ST-RB-PUNCH
100
AcDbLine
10
34050
20
48350
30
0
11
34050
21
48950
31
0
0
LINE
5
3B0
330
10E
100
AcDbEntity
8
ST-RB-PUNCH
100
AcDbLine
10
34010
20
48350
30
0
11
34090
21
48350
31
0
0
LINE
5
3B1
330
10E
100
AcDbEntity
8
ST-RB-PUNCH
100
AcDbLine
10
34010
20
48450
30
0
11
34090
21
48450
31
0
0
LINE
5
3B2
330
10E
100
AcDbEntity
8
ST-RB-PUNCH
100
AcDbLine
10
34010
20
48550
30
0
11
34090
21
48550
31
0
0
LINE
5
3B3
330
10E
100
AcDbEntity
8
ST-RB-PUNCH
100
AcDbLine
10
34010
20
48650
30
0
11
34090
21
48650
31
0
0
LINE
5
3B4
330
10E
100
AcDbEntity
8
ST-RB-PUNCH
100
AcDbLine
10
34010
20
48750
30
0
11
34090
21
48750
31
0
0
LINE
5
3B5
330
10E
100
AcDbEntity
8
ST-RB-PUNCH
100
AcDbLine
10
34010
20
48850
30
0
11
34090
21
48850
31
0
0
LINE
5
3B6
330
10E
100
AcDbEntity
8
ST-RB-PUNCH
100
AcDbLine
10
34010
20
48950
30
0
11
34090
21
48950
31
0
0
LINE
5
3B7
330
10E
100
AcDbEntity
8
ST-RB-PUNCH
100
AcDbLine
10
34150
20
48350
30
0
11
34150
21
48950
31
0
0
LINE
5
3B8
330
10E
100
AcDbEntity
8
ST-RB-PUNCH
100
AcDbLine
10
34110
20
48350
30
0
11
34190
21
48350
31
0
0
LINE
5
3B9
330
10E
100
AcDbEntity
8
ST-RB-PUNCH
100
AcDbLine
10
34110
20
48450
30
0
11
34190
21
48450
31
0
0
LINE
5
3BA
330
10E
100
AcDbEntity
8
ST-RB-PUNCH
100
AcDbLine
10
34110
20
48550
30
0
11
34190
21
48550
31
0
0
LINE
5
3BB
330
10E
100
AcDbEntity
8
ST-RB-PUNCH
100
AcDbLine
10
34110
20
48650
30
0
11
34190
21
48650
31
0
0
LINE
5
3BC
330
10E
100
AcDbEntity
8
ST-RB-PUNCH
100
AcDbLine
10
34110
20
48750
30
0
11
34190
21
48750
31
0
0
LINE
5
3BD
330
10E
100
AcDbEntity
8
ST-RB-PUNCH
100
AcDbLine
10
34110
20
48850
30
0
11
34190
21
48850
31
0
0
LINE
5
3BE
330
10E
100
AcDbEntity
8
ST-RB-PUNCH
100
AcDbLine
10
34110
20
48950
30
0
11
34190
21
48950
31
0
0
LINE
5
3BF
330
10E
100
AcDbEntity
8
ST-RB-PUNCH
100
AcDbLine
10
34250
20
48350
30
0
11
34250
21
48950
31
0
0
LINE
5
3C0
330
10E
100
AcDbEntity
8
ST-RB-PUNCH
100
AcDbLine
10
34210
20
48350
30
0
11
34290
21
48350
31
0
0
LINE
5
3C1
330
10E
100
AcDbEntity
8
ST-RB-PUNCH
100
AcDbLine
10
34210
20
48450
30
0
11
34290
21
48450
31
0
0
LINE
5
3C2
330
10E
100
AcDbEntity
8
ST-RB-PUNCH
100
AcDbLine
10
34210
20
48550
30
0
11
34290
21
48550
31
0
0
LINE
5
3C3
330
10E
100
AcDbEntity
8
ST-RB-PUNCH
100
AcDbLine
10
34210
20
48650
30
0
11
34290
21
48650
31
0
0
LINE
5
3C4
330
10E
100
AcDbEntity
8
ST-RB-PUNCH
100
AcDbLine
10
34210
20
48750
30
0
11
34290
21
48750
31
0
0
LINE
5
3C5
330
10E
100
AcDbEntity
8
ST-RB-PUNCH
100
AcDbLine
10
34210
20
48850
30
0
11
34290
21
48850
31
0
0
LINE
5
3C6
330
10E
100
AcDbEntity
8
ST-RB-PUNCH
100
AcDbLine
10
34210
20
48950
30
0
11
34290
21
48950
31
0
0
LINE
5
3C7
330
10E
100
AcDbEntity
8
ST-RB-PUNCH
100
AcDbLine
10
34350
20
48350
30
0
11
34350
21
48950
31
0
0
LINE
5
3C8
330
10E
100
AcDbEntity
8
ST-RB-PUNCH
100
AcDbLine
10
34310
20
48350
30
0
11
34390
21
48350
31
0
0
LINE
5
3C9
330
10E
100
AcDbEntity
8
ST-RB-PUNCH
100
AcDbLine
10
34310
20
48450
30
0
11
34390
21
48450
31
0
0
LINE
5
3CA
330
10E
100
AcDbEntity
8
ST-RB-PUNCH
100
AcDbLine
10
34310
20
48550
30
0
11
34390
21
48550
31
0
0
LINE
5
3CB
330
10E
100
AcDbEntity
8
ST-RB-PUNCH
100
AcDbLine
10
34310
20
48650
30
0
11
34390
21
48650
31
0
0
LINE
5
3CC
330
10E
100
AcDbEntity
8
ST-RB-PUNCH
100
AcDbLine
10
34310
20
48750
30
0
11
34390
21
48750
31
0
0
LINE
5
3CD
330
10E
100
AcDbEntity
8
ST-RB-PUNCH
100
AcDbLine
10
34310
20
48850
30
0
11
34390
21
48850
31
0
0
LINE
5
3CE
330
10E
100
AcDbEntity
8
ST-RB-PUNCH
100
AcDbLine
10
34310
20
48950
30
0
11
34390
21
48950
31
0
0
TEXT
5
3CF
330
10E
100
AcDbEntity
8
ST-RB-TEXT
100
AcDbText
10
34480
20
48980
30
0
40
160
1
5X7-T10-100
50
90
7
STANDARD
72
0
100
AcDbText
73
0
0
LINE
5
3D0
330
10E
100
AcDbEntity
8
ST-RB-PUNCH
100
AcDbLine
10
33250
20
48250
30
0
11
33850
21
48250
31
0
0
LINE
5
3D1
330
10E
100
AcDbEntity
8
ST-RB-PUNCH
100
AcDbLine
10
33250
20
48210
30
0
11
33250
21
48290
31
0
0
LINE
5
3D2
330
10E
100
AcDbEntity
8
ST-RB-PUNCH
100
AcDbLine
10
33350
20
48210
30
0
11
33350
21
48290
31
0
0
LINE
5
3D3
330
10E
100
AcDbEntity
8
ST-RB-PUNCH
100
AcDbLine
10
33450
20
48210
30
0
11
33450
21
48290
31
0
0
LINE
5
3D4
330
10E
100
AcDbEntity
8
ST-RB-PUNCH
100
AcDbLine
10
33550
20
48210
30
0
11
33550
21
48290
31
0
0
LINE
5
3D5
330
10E
100
AcDbEntity
8
ST-RB-PUNCH
100
AcDbLine
10
33650
20
48210
30
0
11
33650
21
48290
31
0
0
LINE
5
3D6
330
10E
100
AcDbEntity
8
ST-RB-PUNCH
100
AcDbLine
10
33750
20
48210
30
0
11
33750
21
48290
31
0
0
LINE
5
3D7
330
10E
100
AcDbEntity
8
ST-RB-PUNCH
100
AcDbLine
10
33850
20
48210
30
0
11
33850
21
48290
31
0
0
LINE
5
3D8
330
10E
100
AcDbEntity
8
ST-RB-PUNCH
100
AcDbLine
10
33250
20
48150
30
0
11
33850
21
48150
31
0
0
LINE
5
3D9
330
10E
100
AcDbEntity
8
ST-RB-PUNCH
100
AcDbLine
10
33250
20
48110
30
0
11
33250
21
48190
31
0
0
LINE
5
3DA
330
10E
100
AcDbEntity
8
ST-RB-PUNCH
100
AcDbLine
10
33350
20
48110
30
0
11
33350
21
48190
31
0
0
LINE
5
3DB
330
10E
100
AcDbEntity
8
ST-RB-PUNCH
100
AcDbLine
10
33450
20
48110
30
0
11
33450
21
48190
31
0
0
LINE
5
3DC
330
10E
100
AcDbEntity
8
ST-RB-PUNCH
100
AcDbLine
10
33550
20
48110
30
0
11
33550
21
48190
31
0
0
LINE
5
3DD
330
10E
100
AcDbEntity
8
ST-RB-PUNCH
100
AcDbLine
10
33650
20
48110
30
0
11
33650
21
48190
31
0
0
LINE
5
3DE
330
10E
100
AcDbEntity
8
ST-RB-PUNCH
100
AcDbLine
10
33750
20
48110
30
0
11
33750
21
48190
31
0
0
LINE
5
3DF
330
10E
100
AcDbEntity
8
ST-RB-PUNCH
100
AcDbLine
10
33850
20
48110
30
0
11
33850
21
48190
31
0
0
LINE
5
3E0
330
10E
100
AcDbEntity
8
ST-RB-PUNCH
100
AcDbLine
10
33250
20
48050
30
0
11
33850
21
48050
31
0
0
LINE
5
3E1
330
10E
100
AcDbEntity
8
ST-RB-PUNCH
100
AcDbLine
10
33250
20
48010
30
0
11
33250
21
48090
31
0
0
LINE
5
3E2
330
10E
100
AcDbEntity
8
ST-RB-PUNCH
100
AcDbLine
10
33350
20
48010
30
0
11
33350
21
48090
31
0
0
LINE
5
3E3
330
10E
100
AcDbEntity
8
ST-RB-PUNCH
100
AcDbLine
10
33450
20
48010
30
0
11
33450
21
48090
31
0
0
LINE
5
3E4
330
10E
100
AcDbEntity
8
ST-RB-PUNCH
100
AcDbLine
10
33550
20
48010
30
0
11
33550
21
48090
31
0
0
LINE
5
3E5
330
10E
100
AcDbEntity
8
ST-RB-PUNCH
100
AcDbLine
10
33650
20
48010
30
0
11
33650
21
48090
31
0
0
LINE
5
3E6
330
10E
100
AcDbEntity
8
ST-RB-PUNCH
100
AcDbLine
10
33750
20
48010
30
0
11
33750
21
48090
31
0
0
LINE
5
3E7
330
10E
100
AcDbEntity
8
ST-RB-PUNCH
100
AcDbLine
10
33850
20
48010
30
0
11
33850
21
48090
31
0
0
LINE
5
3E8
330
10E
100
AcDbEntity
8
ST-RB-PUNCH
100
AcDbLine
10
33250
20
47950
30
0
11
33850
21
47950
31
0
0
LINE
5
3E9
330
10E
100
AcDbEntity
8
ST-RB-PUNCH
100
AcDbLine
10
33250
20
47910
30
0
11
33250
21
47990
31
0
0
LINE
5
3EA
330
10E
100
AcDbEntity
8
ST-RB-PUNCH
100
AcDbLine
10
33350
20
47910
30
0
11
33350
21
47990
31
0
0
LINE
5
3EB
330
10E
100
AcDbEntity
8
ST-RB-PUNCH
100
AcDbLine
10
33450
20
47910
30
0
11
33450
21
47990
31
0
0
LINE
5
3EC
330
10E
100
AcDbEntity
8
ST-RB-PUNCH
100
AcDbLine
10
33550
20
47910
30
0
11
33550
21
47990
31
0
0
LINE
5
3ED
330
10E
100
AcDbEntity
8
ST-RB-PUNCH
100
AcDbLine
10
33650
20
47910
30
0
11
33650
21
47990
31
0
0
LINE
5
3EE
330
10E
100
AcDbEntity
8
ST-RB-PUNCH
100
AcDbLine
10
33750
20
47910
30
0
11
33750
21
47990
31
0
0
LINE
5
3EF
330
10E
100
AcDbEntity
8
ST-RB-PUNCH
100
AcDbLine
10
33850
20
47910
30
0
11
33850
21
47990
31
0
0
LINE
5
3F0
330
10E
100
AcDbEntity
8
ST-RB-PUNCH
100
AcDbLine
10
33250
20
47850
30
0
11
33850
21
47850
31
0
0
LINE
5
3F1
330
10E
100
AcDbEntity
8
ST-RB-PUNCH
100
AcDbLine
10
33250
20
47810
30
0
11
33250
21
47890
31
0
0
LINE
5
3F2
330
10E
100
AcDbEntity
8
ST-RB-PUNCH
100
AcDbLine
10
33350
20
47810
30
0
11
33350
21
47890
31
0
0
LINE
5
3F3
330
10E
100
AcDbEntity
8
ST-RB-PUNCH
100
AcDbLine
10
33450
20
47810
30
0
11
33450
21
47890
31
0
0
LINE
5
3F4
330
10E
100
AcDbEntity
8
ST-RB-PUNCH
100
AcDbLine
10
33550
20
47810
30
0
11
33550
21
47890
31
0
0
LINE
5
3F5
330
10E
100
AcDbEntity
8
ST-RB-PUNCH
100
AcDbLine
10
33650
20
47810
30
0
11
33650
21
47890
31
0
0
LINE
5
3F6
330
10E
100
AcDbEntity
8
ST-RB-PUNCH
100
AcDbLine
10
33750
20
47810
30
0
11
33750
21
47890
31
0
0
LINE
5
3F7
330
10E
100
AcDbEntity
8
ST-RB-PUNCH
100
AcDbLine
10
33850
20
47810
30
0
11
33850
21
47890
31
0
0
TEXT
5
3F8
330
10E
100
AcDbEntity
8
ST-RB-TEXT
100
AcDbText
10
33880
20
47750
30
0
40
160
1
5X7-T10-100
7
STANDARD
72
0
100
AcDbText
73
0
0
LINE
5
3F9
330
10E
100
AcDbEntity
8
ST-RB-PUNCH
100
AcDbLine
10
33250
20
49050
30
0
11
33850
21
49050
31
0
0
LINE
5
3FA
330
10E
100
AcDbEntity
8
ST-RB-PUNCH
100
AcDbLine
10
33250
20
49010
30
0
11
33250
21
49090
31
0
0
LINE
5
3FB
330
10E
100
AcDbEntity
8
ST-RB-PUNCH
100
AcDbLine
10
33350
20
49010
30
0
11
33350
21
49090
31
0
0
LINE
5
3FC
330
10E
100
AcDbEntity
8
ST-RB-PUNCH
100
AcDbLine
10
33450
20
49010
30
0
11
33450
21
49090
31
0
0
LINE
5
3FD
330
10E
100
AcDbEntity
8
ST-RB-PUNCH
100
AcDbLine
10
33550
20
49010
30
0
11
33550
21
49090
31
0
0
LINE
5
3FE
330
10E
100
AcDbEntity
8
ST-RB-PUNCH
100
AcDbLine
10
33650
20
49010
30
0
11
33650
21
49090
31
0
0
LINE
5
3FF
330
10E
100
AcDbEntity
8
ST-RB-PUNCH
100
AcDbLine
10
33750
20
49010
30
0
11
33750
21
49090
31
0
0
LINE
5
400
330
10E
100
AcDbEntity
8
ST-RB-PUNCH
100
AcDbLine
10
33850
20
49010
30
0
11
33850
21
49090
31
0
0
LINE
5
401
330
10E
100
AcDbEntity
8
ST-RB-PUNCH
100
AcDbLine
10
33250
20
49150
30
0
11
33850
21
49150
31
0
0
LINE
5
402
330
10E
100
AcDbEntity
8
ST-RB-PUNCH
100
AcDbLine
10
33250
20
49110
30
0
11
33250
21
49190
31
0
0
LINE
5
403
330
10E
100
AcDbEntity
8
ST-RB-PUNCH
100
AcDbLine
10
33350
20
49110
30
0
11
33350
21
49190
31
0
0
LINE
5
404
330
10E
100
AcDbEntity
8
ST-RB-PUNCH
100
AcDbLine
10
33450
20
49110
30
0
11
33450
21
49190
31
0
0
LINE
5
405
330
10E
100
AcDbEntity
8
ST-RB-PUNCH
100
AcDbLine
10
33550
20
49110
30
0
11
33550
21
49190
31
0
0
LINE
5
406
330
10E
100
AcDbEntity
8
ST-RB-PUNCH
100
AcDbLine
10
33650
20
49110
30
0
11
33650
21
49190
31
0
0
LINE
5
407
330
10E
100
AcDbEntity
8
ST-RB-PUNCH
100
AcDbLine
10
33750
20
49110
30
0
11
33750
21
49190
31
0
0
LINE
5
408
330
10E
100
AcDbEntity
8
ST-RB-PUNCH
100
AcDbLine
10
33850
20
49110
30
0
11
33850
21
49190
31
0
0
LINE
5
409
330
10E
100
AcDbEntity
8
ST-RB-PUNCH
100
AcDbLine
10
33250
20
49250
30
0
11
33850
21
49250
31
0
0
LINE
5
40A
330
10E
100
AcDbEntity
8
ST-RB-PUNCH
100
AcDbLine
10
33250
20
49210
30
0
11
33250
21
49290
31
0
0
LINE
5
40B
330
10E
100
AcDbEntity
8
ST-RB-PUNCH
100
AcDbLine
10
33350
20
49210
30
0
11
33350
21
49290
31
0
0
LINE
5
40C
330
10E
100
AcDbEntity
8
ST-RB-PUNCH
100
AcDbLine
10
33450
20
49210
30
0
11
33450
21
49290
31
0
0
LINE
5
40D
330
10E
100
AcDbEntity
8
ST-RB-PUNCH
100
AcDbLine
10
33550
20
49210
30
0
11
33550
21
49290
31
0
0
LINE
5
40E
330
10E
100
AcDbEntity
8
ST-RB-PUNCH
100
AcDbLine
10
33650
20
49210
30
0
11
33650
21
49290
31
0
0
LINE
5
40F
330
10E
100
AcDbEntity
8
ST-RB-PUNCH
100
AcDbLine
10
33750
20
49210
30
0
11
33750
21
49290
31
0
0
LINE
5
410
330
10E
100
AcDbEntity
8
ST-RB-PUNCH
100
AcDbLine
10
33850
20
49210
30
0
11
33850
21
49290
31
0
0
LINE
5
411
330
10E
100
AcDbEntity
8
ST-RB-PUNCH
100
AcDbLine
10
33250
20
49350
30
0
11
33850
21
49350
31
0
0
LINE
5
412
330
10E
100
AcDbEntity
8
ST-RB-PUNCH
100
AcDbLine
10
33250
20
49310
30
0
11
33250
21
49390
31
0
0
LINE
5
413
330
10E
100
AcDbEntity
8
ST-RB-PUNCH
100
AcDbLine
10
33350
20
49310
30
0
11
33350
21
49390
31
0
0
LINE
5
414
330
10E
100
AcDbEntity
8
ST-RB-PUNCH
100
AcDbLine
10
33450
20
49310
30
0
11
33450
21
49390
31
0
0
LINE
5
415
330
10E
100
AcDbEntity
8
ST-RB-PUNCH
100
AcDbLine
10
33550
20
49310
30
0
11
33550
21
49390
31
0
0
LINE
5
416
330
10E
100
AcDbEntity
8
ST-RB-PUNCH
100
AcDbLine
10
33650
20
49310
30
0
11
33650
21
49390
31
0
0
LINE
5
417
330
10E
100
AcDbEntity
8
ST-RB-PUNCH
100
AcDbLine
10
33750
20
49310
30
0
11
33750
21
49390
31
0
0
LINE
5
418
330
10E
100
AcDbEntity
8
ST-RB-PUNCH
100
AcDbLine
10
33850
20
49310
30
0
11
33850
21
49390
31
0
0
LINE
5
419
330
10E
100
AcDbEntity
8
ST-RB-PUNCH
100
AcDbLine
10
33250
20
49450
30
0
11
33850
21
49450
31
0
0
LINE
5
41A
330
10E
100
AcDbEntity
8
ST-RB-PUNCH
100
AcDbLine
10
33250
20
49410
30
0
11
33250
21
49490
31
0
0
LINE
5
41B
330
10E
100
AcDbEntity
8
ST-RB-PUNCH
100
AcDbLine
10
33350
20
49410
30
0
11
33350
21
49490
31
0
0
LINE
5
41C
330
10E
100
AcDbEntity
8
ST-RB-PUNCH
100
AcDbLine
10
33450
20
49410
30
0
11
33450
21
49490
31
0
0
LINE
5
41D
330
10E
100
AcDbEntity
8
ST-RB-PUNCH
100
AcDbLine
10
33550
20
49410
30
0
11
33550
21
49490
31
0
0
LINE
5
41E
330
10E
100
AcDbEntity
8
ST-RB-PUNCH
100
AcDbLine
10
33650
20
49410
30
0
11
33650
21
49490
31
0
0
LINE
5
41F
330
10E
100
AcDbEntity
8
ST-RB-PUNCH
100
AcDbLine
10
33750
20
49410
30
0
11
33750
21
49490
31
0
0
LINE
5
420
330
10E
100
AcDbEntity
8
ST-RB-PUNCH
100
AcDbLine
10
33850
20
49410
30
0
11
33850
21
49490
31
0
0
TEXT
5
421
330
10E
100
AcDbEntity
8
ST-RB-TEXT
100
AcDbText
10
33880
20
49550
30
0
40
160
1
5X7-T10-100
7
STANDARD
72
0
100
AcDbText
73
0
0
TEXT
5
422
330
10E
100
AcDbEntity
8
ST-RB-TYPE
100
AcDbText
10
33100
20
49100
30
0
40
250
1
PS1
7
STANDARD
72
2
11
33100
21
49100
31
0
100
AcDbText
73
0
0
LINE
5
423
330
10E
100
AcDbEntity
8
ST-RB-PUNCH
100
AcDbLine
10
40650
20
48350
30
0
11
40650
21
48950
31
0
0
LINE
5
424
330
10E
100
AcDbEntity
8
ST-RB-PUNCH
100
AcDbLine
10
40610
20
48350
30
0
11
40690
21
48350
31
0
0
LINE
5
425
330
10E
100
AcDbEntity
8
ST-RB-PUNCH
100
AcDbLine
10
40610
20
48450
30
0
11
40690
21
48450
31
0
0
LINE
5
426
330
10E
100
AcDbEntity
8
ST-RB-PUNCH
100
AcDbLine
10
40610
20
48550
30
0
11
40690
21
48550
31
0
0
LINE
5
427
330
10E
100
AcDbEntity
8
ST-RB-PUNCH
100
AcDbLine
10
40610
20
48650
30
0
11
40690
21
48650
31
0
0
LINE
5
428
330
10E
100
AcDbEntity
8
ST-RB-PUNCH
100
AcDbLine
10
40610
20
48750
30
0
11
40690
21
48750
31
0
0
LINE
5
429
330
10E
100
AcDbEntity
8
ST-RB-PUNCH
100
AcDbLine
10
40610
20
48850
30
0
11
40690
21
48850
31
0
0
LINE
5
42A
330
10E
100
AcDbEntity
8
ST-RB-PUNCH
100
AcDbLine
10
40610
20
48950
30
0
11
40690
21
48950
31
0
0
LINE
5
42B
330
10E
100
AcDbEntity
8
ST-RB-PUNCH
100
AcDbLine
10
40550
20
48350
30
0
11
40550
21
48950
31
0
0
LINE
5
42C
330
10E
100
AcDbEntity
8
ST-RB-PUNCH
100
AcDbLine
10
40510
20
48350
30
0
11
40590
21
48350
31
0
0
LINE
5
42D
330
10E
100
AcDbEntity
8
ST-RB-PUNCH
100
AcDbLine
10
40510
20
48450
30
0
11
40590
21
48450
31
0
0
LINE
5
42E
330
10E
100
AcDbEntity
8
ST-RB-PUNCH
100
AcDbLine
10
40510
20
48550
30
0
11
40590
21
48550
31
0
0
LINE
5
42F
330
10E
100
AcDbEntity
8
ST-RB-PUNCH
100
AcDbLine
10
40510
20
48650
30
0
11
40590
21
48650
31
0
0
LINE
5
430
330
10E
100
AcDbEntity
8
ST-RB-PUNCH
100
AcDbLine
10
40510
20
48750
30
0
11
40590
21
48750
31
0
0
LINE
5
431
330
10E
100
AcDbEntity
8
ST-RB-PUNCH
100
AcDbLine
10
40510
20
48850
30
0
11
40590
21
48850
31
0
0
LINE
5
432
330
10E
100
AcDbEntity
8
ST-RB-PUNCH
100
AcDbLine
10
40510
20
48950
30
0
11
40590
21
48950
31
0
0
LINE
5
433
330
10E
100
AcDbEntity
8
ST-RB-PUNCH
100
AcDbLine
10
40450
20
48350
30
0
11
40450
21
48950
31
0
0
LINE
5
434
330
10E
100
AcDbEntity
8
ST-RB-PUNCH
100
AcDbLine
10
40410
20
48350
30
0
11
40490
21
48350
31
0
0
LINE
5
435
330
10E
100
AcDbEntity
8
ST-RB-PUNCH
100
AcDbLine
10
40410
20
48450
30
0
11
40490
21
48450
31
0
0
LINE
5
436
330
10E
100
AcDbEntity
8
ST-RB-PUNCH
100
AcDbLine
10
40410
20
48550
30
0
11
40490
21
48550
31
0
0
LINE
5
437
330
10E
100
AcDbEntity
8
ST-RB-PUNCH
100
AcDbLine
10
40410
20
48650
30
0
11
40490
21
48650
31
0
0
LINE
5
438
330
10E
100
AcDbEntity
8
ST-RB-PUNCH
100
AcDbLine
10
40410
20
48750
30
0
11
40490
21
48750
31
0
0
LINE
5
439
330
10E
100
AcDbEntity
8
ST-RB-PUNCH
100
AcDbLine
10
40410
20
48850
30
0
11
40490
21
48850
31
0
0
LINE
5
43A
330
10E
100
AcDbEntity
8
ST-RB-PUNCH
100
AcDbLine
10
40410
20
48950
30
0
11
40490
21
48950
31
0
0
LINE
5
43B
330
10E
100
AcDbEntity
8
ST-RB-PUNCH
100
AcDbLine
10
40350
20
48350
30
0
11
40350
21
48950
31
0
0
LINE
5
43C
330
10E
100
AcDbEntity
8
ST-RB-PUNCH
100
AcDbLine
10
40310
20
48350
30
0
11
40390
21
48350
31
0
0
LINE
5
43D
330
10E
100
AcDbEntity
8
ST-RB-PUNCH
100
AcDbLine
10
40310
20
48450
30
0
11
40390
21
48450
31
0
0
LINE
5
43E
330
10E
100
AcDbEntity
8
ST-RB-PUNCH
100
AcDbLine
10
40310
20
48550
30
0
11
40390
21
48550
31
0
0
LINE
5
43F
330
10E
100
AcDbEntity
8
ST-RB-PUNCH
100
AcDbLine
10
40310
20
48650
30
0
11
40390
21
48650
31
0
0
LINE
5
440
330
10E
100
AcDbEntity
8
ST-RB-PUNCH
100
AcDbLine
10
40310
20
48750
30
0
11
40390
21
48750
31
0
0
LINE
5
441
330
10E
100
AcDbEntity
8
ST-RB-PUNCH
100
AcDbLine
10
40310
20
48850
30
0
11
40390
21
48850
31
0
0
LINE
5
442
330
10E
100
AcDbEntity
8
ST-RB-PUNCH
100
AcDbLine
10
40310
20
48950
30
0
11
40390
21
48950
31
0
0
LINE
5
443
330
10E
100
AcDbEntity
8
ST-RB-PUNCH
100
AcDbLine
10
40250
20
48350
30
0
11
40250
21
48950
31
0
0
LINE
5
444
330
10E
100
AcDbEntity
8
ST-RB-PUNCH
100
AcDbLine
10
40210
20
48350
30
0
11
40290
21
48350
31
0
0
LINE
5
445
330
10E
100
AcDbEntity
8
ST-RB-PUNCH
100
AcDbLine
10
40210
20
48450
30
0
11
40290
21
48450
31
0
0
LINE
5
446
330
10E
100
AcDbEntity
8
ST-RB-PUNCH
100
AcDbLine
10
40210
20
48550
30
0
11
40290
21
48550
31
0
0
LINE
5
447
330
10E
100
AcDbEntity
8
ST-RB-PUNCH
100
AcDbLine
10
40210
20
48650
30
0
11
40290
21
48650
31
0
0
LINE
5
448
330
10E
100
AcDbEntity
8
ST-RB-PUNCH
100
AcDbLine
10
40210
20
48750
30
0
11
40290
21
48750
31
0
0
LINE
5
449
330
10E
100
AcDbEntity
8
ST-RB-PUNCH
100
AcDbLine
10
40210
20
48850
30
0
11
40290
21
48850
31
0
0
LINE
5
44A
330
10E
100
AcDbEntity
8
ST-RB-PUNCH
100
AcDbLine
10
40210
20
48950
30
0
11
40290
21
48950
31
0
0
TEXT
5
44B
330
10E
100
AcDbEntity
8
ST-RB-TEXT
100
AcDbText
10
40120
20
48980
30
0
40
160
1
5X7-T10-100
50
90
7
STANDARD
72
0
100
AcDbText
73
0
0
LINE
5
44C
330
10E
100
AcDbEntity
8
ST-RB-PUNCH
100
AcDbLine
10
41450
20
48350
30
0
11
41450
21
48950
31
0
0
LINE
5
44D
330
10E
100
AcDbEntity
8
ST-RB-PUNCH
100
AcDbLine
10
41410
20
48350
30
0
11
41490
21
48350
31
0
0
LINE
5
44E
330
10E
100
AcDbEntity
8
ST-RB-PUNCH
100
AcDbLine
10
41410
20
48450
30
0
11
41490
21
48450
31
0
0
LINE
5
44F
330
10E
100
AcDbEntity
8
ST-RB-PUNCH
100
AcDbLine
10
41410
20
48550
30
0
11
41490
21
48550
31
0
0
LINE
5
450
330
10E
100
AcDbEntity
8
ST-RB-PUNCH
100
AcDbLine
10
41410
20
48650
30
0
11
41490
21
48650
31
0
0
LINE
5
451
330
10E
100
AcDbEntity
8
ST-RB-PUNCH
100
AcDbLine
10
41410
20
48750
30
0
11
41490
21
48750
31
0
0
LINE
5
452
330
10E
100
AcDbEntity
8
ST-RB-PUNCH
100
AcDbLine
10
41410
20
48850
30
0
11
41490
21
48850
31
0
0
LINE
5
453
330
10E
100
AcDbEntity
8
ST-RB-PUNCH
100
AcDbLine
10
41410
20
48950
30
0
11
41490
21
48950
31
0
0
LINE
5
454
330
10E
100
AcDbEntity
8
ST-RB-PUNCH
100
AcDbLine
10
41550
20
48350
30
0
11
41550
21
48950
31
0
0
LINE
5
455
330
10E
100
AcDbEntity
8
ST-RB-PUNCH
100
AcDbLine
10
41510
20
48350
30
0
11
41590
21
48350
31
0
0
LINE
5
456
330
10E
100
AcDbEntity
8
ST-RB-PUNCH
100
AcDbLine
10
41510
20
48450
30
0
11
41590
21
48450
31
0
0
LINE
5
457
330
10E
100
AcDbEntity
8
ST-RB-PUNCH
100
AcDbLine
10
41510
20
48550
30
0
11
41590
21
48550
31
0
0
LINE
5
458
330
10E
100
AcDbEntity
8
ST-RB-PUNCH
100
AcDbLine
10
41510
20
48650
30
0
11
41590
21
48650
31
0
0
LINE
5
459
330
10E
100
AcDbEntity
8
ST-RB-PUNCH
100
AcDbLine
10
41510
20
48750
30
0
11
41590
21
48750
31
0
0
LINE
5
45A
330
10E
100
AcDbEntity
8
ST-RB-PUNCH
100
AcDbLine
10
41510
20
48850
30
0
11
41590
21
48850
31
0
0
LINE
5
45B
330
10E
100
AcDbEntity
8
ST-RB-PUNCH
100
AcDbLine
10
41510
20
48950
30
0
11
41590
21
48950
31
0
0
LINE
5
45C
330
10E
100
AcDbEntity
8
ST-RB-PUNCH
100
AcDbLine
10
41650
20
48350
30
0
11
41650
21
48950
31
0
0
LINE
5
45D
330
10E
100
AcDbEntity
8
ST-RB-PUNCH
100
AcDbLine
10
41610
20
48350
30
0
11
41690
21
48350
31
0
0
LINE
5
45E
330
10E
100
AcDbEntity
8
ST-RB-PUNCH
100
AcDbLine
10
41610
20
48450
30
0
11
41690
21
48450
31
0
0
LINE
5
45F
330
10E
100
AcDbEntity
8
ST-RB-PUNCH
100
AcDbLine
10
41610
20
48550
30
0
11
41690
21
48550
31
0
0
LINE
5
460
330
10E
100
AcDbEntity
8
ST-RB-PUNCH
100
AcDbLine
10
41610
20
48650
30
0
11
41690
21
48650
31
0
0
LINE
5
461
330
10E
100
AcDbEntity
8
ST-RB-PUNCH
100
AcDbLine
10
41610
20
48750
30
0
11
41690
21
48750
31
0
0
LINE
5
462
330
10E
100
AcDbEntity
8
ST-RB-PUNCH
100
AcDbLine
10
41610
20
48850
30
0
11
41690
21
48850
31
0
0
LINE
5
463
330
10E
100
AcDbEntity
8
ST-RB-PUNCH
100
AcDbLine
10
41610
20
48950
30
0
11
41690
21
48950
31
0
0
LINE
5
464
330
10E
100
AcDbEntity
8
ST-RB-PUNCH
100
AcDbLine
10
41750
20
48350
30
0
11
41750
21
48950
31
0
0
LINE
5
465
330
10E
100
AcDbEntity
8
ST-RB-PUNCH
100
AcDbLine
10
41710
20
48350
30
0
11
41790
21
48350
31
0
0
LINE
5
466
330
10E
100
AcDbEntity
8
ST-RB-PUNCH
100
AcDbLine
10
41710
20
48450
30
0
11
41790
21
48450
31
0
0
LINE
5
467
330
10E
100
AcDbEntity
8
ST-RB-PUNCH
100
AcDbLine
10
41710
20
48550
30
0
11
41790
21
48550
31
0
0
LINE
5
468
330
10E
100
AcDbEntity
8
ST-RB-PUNCH
100
AcDbLine
10
41710
20
48650
30
0
11
41790
21
48650
31
0
0
LINE
5
469
330
10E
100
AcDbEntity
8
ST-RB-PUNCH
100
AcDbLine
10
41710
20
48750
30
0
11
41790
21
48750
31
0
0
LINE
5
46A
330
10E
100
AcDbEntity
8
ST-RB-PUNCH
100
AcDbLine
10
41710
20
48850
30
0
11
41790
21
48850
31
0
0
LINE
5
46B
330
10E
100
AcDbEntity
8
ST-RB-PUNCH
100
AcDbLine
10
41710
20
48950
30
0
11
41790
21
48950
31
0
0
LINE
5
46C
330
10E
100
AcDbEntity
8
ST-RB-PUNCH
100
AcDbLine
10
41850
20
48350
30
0
11
41850
21
48950
31
0
0
LINE
5
46D
330
10E
100
AcDbEntity
8
ST-RB-PUNCH
100
AcDbLine
10
41810
20
48350
30
0
11
41890
21
48350
31
0
0
LINE
5
46E
330
10E
100
AcDbEntity
8
ST-RB-PUNCH
100
AcDbLine
10
41810
20
48450
30
0
11
41890
21
48450
31
0
0
LINE
5
46F
330
10E
100
AcDbEntity
8
ST-RB-PUNCH
100
AcDbLine
10
41810
20
48550
30
0
11
41890
21
48550
31
0
0
LINE
5
470
330
10E
100
AcDbEntity
8
ST-RB-PUNCH
100
AcDbLine
10
41810
20
48650
30
0
11
41890
21
48650
31
0
0
LINE
5
471
330
10E
100
AcDbEntity
8
ST-RB-PUNCH
100
AcDbLine
10
41810
20
48750
30
0
11
41890
21
48750
31
0
0
LINE
5
472
330
10E
100
AcDbEntity
8
ST-RB-PUNCH
100
AcDbLine
10
41810
20
48850
30
0
11
41890
21
48850
31
0
0
LINE
5
473
330
10E
100
AcDbEntity
8
ST-RB-PUNCH
100
AcDbLine
10
41810
20
48950
30
0
11
41890
21
48950
31
0
0
TEXT
5
474
330
10E
100
AcDbEntity
8
ST-RB-TEXT
100
AcDbText
10
41980
20
48980
30
0
40
160
1
5X7-T10-100
50
90
7
STANDARD
72
0
100
AcDbText
73
0
0
LINE
5
475
330
10E
100
AcDbEntity
8
ST-RB-PUNCH
100
AcDbLine
10
40750
20
48250
30
0
11
41350
21
48250
31
0
0
LINE
5
476
330
10E
100
AcDbEntity
8
ST-RB-PUNCH
100
AcDbLine
10
40750
20
48210
30
0
11
40750
21
48290
31
0
0
LINE
5
477
330
10E
100
AcDbEntity
8
ST-RB-PUNCH
100
AcDbLine
10
40850
20
48210
30
0
11
40850
21
48290
31
0
0
LINE
5
478
330
10E
100
AcDbEntity
8
ST-RB-PUNCH
100
AcDbLine
10
40950
20
48210
30
0
11
40950
21
48290
31
0
0
LINE
5
479
330
10E
100
AcDbEntity
8
ST-RB-PUNCH
100
AcDbLine
10
41050
20
48210
30
0
11
41050
21
48290
31
0
0
LINE
5
47A
330
10E
100
AcDbEntity
8
ST-RB-PUNCH
100
AcDbLine
10
41150
20
48210
30
0
11
41150
21
48290
31
0
0
LINE
5
47B
330
10E
100
AcDbEntity
8
ST-RB-PUNCH
100
AcDbLine
10
41250
20
48210
30
0
11
41250
21
48290
31
0
0
LINE
5
47C
330
10E
100
AcDbEntity
8
ST-RB-PUNCH
100
AcDbLine
10
41350
20
48210
30
0
11
41350
21
48290
31
0
0
LINE
5
47D
330
10E
100
AcDbEntity
8
ST-RB-PUNCH
100
AcDbLine
10
40750
20
48150
30
0
11
41350
21
48150
31
0
0
LINE
5
47E
330
10E
100
AcDbEntity
8
ST-RB-PUNCH
100
AcDbLine
10
40750
20
48110
30
0
11
40750
21
48190
31
0
0
LINE
5
47F
330
10E
100
AcDbEntity
8
ST-RB-PUNCH
100
AcDbLine
10
40850
20
48110
30
0
11
40850
21
48190
31
0
0
LINE
5
480
330
10E
100
AcDbEntity
8
ST-RB-PUNCH
100
AcDbLine
10
40950
20
48110
30
0
11
40950
21
48190
31
0
0
LINE
5
481
330
10E
100
AcDbEntity
8
ST-RB-PUNCH
100
AcDbLine
10
41050
20
48110
30
0
11
41050
21
48190
31
0
0
LINE
5
482
330
10E
100
AcDbEntity
8
ST-RB-PUNCH
100
AcDbLine
10
41150
20
48110
30
0
11
41150
21
48190
31
0
0
LINE
5
483
330
10E
100
AcDbEntity
8
ST-RB-PUNCH
100
AcDbLine
10
41250
20
48110
30
0
11
41250
21
48190
31
0
0
LINE
5
484
330
10E
100
AcDbEntity
8
ST-RB-PUNCH
100
AcDbLine
10
41350
20
48110
30
0
11
41350
21
48190
31
0
0
LINE
5
485
330
10E
100
AcDbEntity
8
ST-RB-PUNCH
100
AcDbLine
10
40750
20
48050
30
0
11
41350
21
48050
31
0
0
LINE
5
486
330
10E
100
AcDbEntity
8
ST-RB-PUNCH
100
AcDbLine
10
40750
20
48010
30
0
11
40750
21
48090
31
0
0
LINE
5
487
330
10E
100
AcDbEntity
8
ST-RB-PUNCH
100
AcDbLine
10
40850
20
48010
30
0
11
40850
21
48090
31
0
0
LINE
5
488
330
10E
100
AcDbEntity
8
ST-RB-PUNCH
100
AcDbLine
10
40950
20
48010
30
0
11
40950
21
48090
31
0
0
LINE
5
489
330
10E
100
AcDbEntity
8
ST-RB-PUNCH
100
AcDbLine
10
41050
20
48010
30
0
11
41050
21
48090
31
0
0
LINE
5
48A
330
10E
100
AcDbEntity
8
ST-RB-PUNCH
100
AcDbLine
10
41150
20
48010
30
0
11
41150
21
48090
31
0
0
LINE
5
48B
330
10E
100
AcDbEntity
8
ST-RB-PUNCH
100
AcDbLine
10
41250
20
48010
30
0
11
41250
21
48090
31
0
0
LINE
5
48C
330
10E
100
AcDbEntity
8
ST-RB-PUNCH
100
AcDbLine
10
41350
20
48010
30
0
11
41350
21
48090
31
0
0
LINE
5
48D
330
10E
100
AcDbEntity
8
ST-RB-PUNCH
100
AcDbLine
10
40750
20
47950
30
0
11
41350
21
47950
31
0
0
LINE
5
48E
330
10E
100
AcDbEntity
8
ST-RB-PUNCH
100
AcDbLine
10
40750
20
47910
30
0
11
40750
21
47990
31
0
0
LINE
5
48F
330
10E
100
AcDbEntity
8
ST-RB-PUNCH
100
AcDbLine
10
40850
20
47910
30
0
11
40850
21
47990
31
0
0
LINE
5
490
330
10E
100
AcDbEntity
8
ST-RB-PUNCH
100
AcDbLine
10
40950
20
47910
30
0
11
40950
21
47990
31
0
0
LINE
5
491
330
10E
100
AcDbEntity
8
ST-RB-PUNCH
100
AcDbLine
10
41050
20
47910
30
0
11
41050
21
47990
31
0
0
LINE
5
492
330
10E
100
AcDbEntity
8
ST-RB-PUNCH
100
AcDbLine
10
41150
20
47910
30
0
11
41150
21
47990
31
0
0
LINE
5
493
330
10E
100
AcDbEntity
8
ST-RB-PUNCH
100
AcDbLine
10
41250
20
47910
30
0
11
41250
21
47990
31
0
0
LINE
5
494
330
10E
100
AcDbEntity
8
ST-RB-PUNCH
100
AcDbLine
10
41350
20
47910
30
0
11
41350
21
47990
31
0
0
LINE
5
495
330
10E
100
AcDbEntity
8
ST-RB-PUNCH
100
AcDbLine
10
40750
20
47850
30
0
11
41350
21
47850
31
0
0
LINE
5
496
330
10E
100
AcDbEntity
8
ST-RB-PUNCH
100
AcDbLine
10
40750
20
47810
30
0
11
40750
21
47890
31
0
0
LINE
5
497
330
10E
100
AcDbEntity
8
ST-RB-PUNCH
100
AcDbLine
10
40850
20
47810
30
0
11
40850
21
47890
31
0
0
LINE
5
498
330
10E
100
AcDbEntity
8
ST-RB-PUNCH
100
AcDbLine
10
40950
20
47810
30
0
11
40950
21
47890
31
0
0
LINE
5
499
330
10E
100
AcDbEntity
8
ST-RB-PUNCH
100
AcDbLine
10
41050
20
47810
30
0
11
41050
21
47890
31
0
0
LINE
5
49A
330
10E
100
AcDbEntity
8
ST-RB-PUNCH
100
AcDbLine
10
41150
20
47810
30
0
11
41150
21
47890
31
0
0
LINE
5
49B
330
10E
100
AcDbEntity
8
ST-RB-PUNCH
100
AcDbLine
10
41250
20
47810
30
0
11
41250
21
47890
31
0
0
LINE
5
49C
330
10E
100
AcDbEntity
8
ST-RB-PUNCH
100
AcDbLine
10
41350
20
47810
30
0
11
41350
21
47890
31
0
0
TEXT
5
49D
330
10E
100
AcDbEntity
8
ST-RB-TEXT
100
AcDbText
10
41380
20
47750
30
0
40
160
1
5X7-T10-100
7
STANDARD
72
0
100
AcDbText
73
0
0
LINE
5
49E
330
10E
100
AcDbEntity
8
ST-RB-PUNCH
100
AcDbLine
10
40750
20
49050
30
0
11
41350
21
49050
31
0
0
LINE
5
49F
330
10E
100
AcDbEntity
8
ST-RB-PUNCH
100
AcDbLine
10
40750
20
49010
30
0
11
40750
21
49090
31
0
0
LINE
5
4A0
330
10E
100
AcDbEntity
8
ST-RB-PUNCH
100
AcDbLine
10
40850
20
49010
30
0
11
40850
21
49090
31
0
0
LINE
5
4A1
330
10E
100
AcDbEntity
8
ST-RB-PUNCH
100
AcDbLine
10
40950
20
49010
30
0
11
40950
21
49090
31
0
0
LINE
5
4A2
330
10E
100
AcDbEntity
8
ST-RB-PUNCH
100
AcDbLine
10
41050
20
49010
30
0
11
41050
21
49090
31
0
0
LINE
5
4A3
330
10E
100
AcDbEntity
8
ST-RB-PUNCH
100
AcDbLine
10
41150
20
49010
30
0
11
41150
21
49090
31
0
0
LINE
5
4A4
330
10E
100
AcDbEntity
8
ST-RB-PUNCH
100
AcDbLine
10
41250
20
49010
30
0
11
41250
21
49090
31
0
0
LINE
5
4A5
330
10E
100
AcDbEntity
8
ST-RB-PUNCH
100
AcDbLine
10
41350
20
49010
30
0
11
41350
21
49090
31
0
0
LINE
5
4A6
330
10E
100
AcDbEntity
8
ST-RB-PUNCH
100
AcDbLine
10
40750
20
49150
30
0
11
41350
21
49150
31
0
0
LINE
5
4A7
330
10E
100
AcDbEntity
8
ST-RB-PUNCH
100
AcDbLine
10
40750
20
49110
30
0
11
40750
21
49190
31
0
0
LINE
5
4A8
330
10E
100
AcDbEntity
8
ST-RB-PUNCH
100
AcDbLine
10
40850
20
49110
30
0
11
40850
21
49190
31
0
0
LINE
5
4A9
330
10E
100
AcDbEntity
8
ST-RB-PUNCH
100
AcDbLine
10
40950
20
49110
30
0
11
40950
21
49190
31
0
0
LINE
5
4AA
330
10E
100
AcDbEntity
8
ST-RB-PUNCH
100
AcDbLine
10
41050
20
49110
30
0
11
41050
21
49190
31
0
0
LINE
5
4AB
330
10E
100
AcDbEntity
8
ST-RB-PUNCH
100
AcDbLine
10
41150
20
49110
30
0
11
41150
21
49190
31
0
0
LINE
5
4AC
330
10E
100
AcDbEntity
8
ST-RB-PUNCH
100
AcDbLine
10
41250
20
49110
30
0
11
41250
21
49190
31
0
0
LINE
5
4AD
330
10E
100
AcDbEntity
8
ST-RB-PUNCH
100
AcDbLine
10
41350
20
49110
30
0
11
41350
21
49190
31
0
0
LINE
5
4AE
330
10E
100
AcDbEntity
8
ST-RB-PUNCH
100
AcDbLine
10
40750
20
49250
30
0
11
41350
21
49250
31
0
0
LINE
5
4AF
330
10E
100
AcDbEntity
8
ST-RB-PUNCH
100
AcDbLine
10
40750
20
49210
30
0
11
40750
21
49290
31
0
0
LINE
5
4B0
330
10E
100
AcDbEntity
8
ST-RB-PUNCH
100
AcDbLine
10
40850
20
49210
30
0
11
40850
21
49290
31
0
0
LINE
5
4B1
330
10E
100
AcDbEntity
8
ST-RB-PUNCH
100
AcDbLine
10
40950
20
49210
30
0
11
40950
21
49290
31
0
0
LINE
5
4B2
330
10E
100
AcDbEntity
8
ST-RB-PUNCH
100
AcDbLine
10
41050
20
49210
30
0
11
41050
21
49290
31
0
0
LINE
5
4B3
330
10E
100
AcDbEntity
8
ST-RB-PUNCH
100
AcDbLine
10
41150
20
49210
30
0
11
41150
21
49290
31
0
0
LINE
5
4B4
330
10E
100
AcDbEntity
8
ST-RB-PUNCH
100
AcDbLine
10
41250
20
49210
30
0
11
41250
21
49290
31
0
0
LINE
5
4B5
330
10E
100
AcDbEntity
8
ST-RB-PUNCH
100
AcDbLine
10
41350
20
49210
30
0
11
41350
21
49290
31
0
0
LINE
5
4B6
330
10E
100
AcDbEntity
8
ST-RB-PUNCH
100
AcDbLine
10
40750
20
49350
30
0
11
41350
21
49350
31
0
0
LINE
5
4B7
330
10E
100
AcDbEntity
8
ST-RB-PUNCH
100
AcDbLine
10
40750
20
49310
30
0
11
40750
21
49390
31
0
0
LINE
5
4B8
330
10E
100
AcDbEntity
8
ST-RB-PUNCH
100
AcDbLine
10
40850
20
49310
30
0
11
40850
21
49390
31
0
0
LINE
5
4B9
330
10E
100
AcDbEntity
8
ST-RB-PUNCH
100
AcDbLine
10
40950
20
49310
30
0
11
40950
21
49390
31
0
0
LINE
5
4BA
330
10E
100
AcDbEntity
8
ST-RB-PUNCH
100
AcDbLine
10
41050
20
49310
30
0
11
41050
21
49390
31
0
0
LINE
5
4BB
330
10E
100
AcDbEntity
8
ST-RB-PUNCH
100
AcDbLine
10
41150
20
49310
30
0
11
41150
21
49390
31
0
0
LINE
5
4BC
330
10E
100
AcDbEntity
8
ST-RB-PUNCH
100
AcDbLine
10
41250
20
49310
30
0
11
41250
21
49390
31
0
0
LINE
5
4BD
330
10E
100
AcDbEntity
8
ST-RB-PUNCH
100
AcDbLine
10
41350
20
49310
30
0
11
41350
21
49390
31
0
0
LINE
5
4BE
330
10E
100
AcDbEntity
8
ST-RB-PUNCH
100
AcDbLine
10
40750
20
49450
30
0
11
41350
21
49450
31
0
0
LINE
5
4BF
330
10E
100
AcDbEntity
8
ST-RB-PUNCH
100
AcDbLine
10
40750
20
49410
30
0
11
40750
21
49490
31
0
0
LINE
5
4C0
330
10E
100
AcDbEntity
8
ST-RB-PUNCH
100
AcDbLine
10
40850
20
49410
30
0
11
40850
21
49490
31
0
0
LINE
5
4C1
330
10E
100
AcDbEntity
8
ST-RB-PUNCH
100
AcDbLine
10
40950
20
49410
30
0
11
40950
21
49490
31
0
0
LINE
5
4C2
330
10E
100
AcDbEntity
8
ST-RB-PUNCH
100
AcDbLine
10
41050
20
49410
30
0
11
41050
21
49490
31
0
0
LINE
5
4C3
330
10E
100
AcDbEntity
8
ST-RB-PUNCH
100
AcDbLine
10
41150
20
49410
30
0
11
41150
21
49490
31
0
0
LINE
5
4C4
330
10E
100
AcDbEntity
8
ST-RB-PUNCH
100
AcDbLine
10
41250
20
49410
30
0
11
41250
21
49490
31
0
0
LINE
5
4C5
330
10E
100
AcDbEntity
8
ST-RB-PUNCH
100
AcDbLine
10
41350
20
49410
30
0
11
41350
21
49490
31
0
0
TEXT
5
4C6
330
10E
100
AcDbEntity
8
ST-RB-TEXT
100
AcDbText
10
41380
20
49550
30
0
40
160
1
5X7-T10-100
7
STANDARD
72
0
100
AcDbText
73
0
0
TEXT
5
4C7
330
10E
100
AcDbEntity
8
ST-RB-TYPE
100
AcDbText
10
40600
20
49100
30
0
40
250
1
PS1
7
STANDARD
72
2
11
40600
21
49100
31
0
100
AcDbText
73
0
0
LINE
5
4C8
330
10E
100
AcDbEntity
8
ST-RB-PUNCH
100
AcDbLine
10
18150
20
40350
30
0
11
18150
21
40950
31
0
0
LINE
5
4C9
330
10E
100
AcDbEntity
8
ST-RB-PUNCH
100
AcDbLine
10
18110
20
40350
30
0
11
18190
21
40350
31
0
0
LINE
5
4CA
330
10E
100
AcDbEntity
8
ST-RB-PUNCH
100
AcDbLine
10
18110
20
40450
30
0
11
18190
21
40450
31
0
0
LINE
5
4CB
330
10E
100
AcDbEntity
8
ST-RB-PUNCH
100
AcDbLine
10
18110
20
40550
30
0
11
18190
21
40550
31
0
0
LINE
5
4CC
330
10E
100
AcDbEntity
8
ST-RB-PUNCH
100
AcDbLine
10
18110
20
40650
30
0
11
18190
21
40650
31
0
0
LINE
5
4CD
330
10E
100
AcDbEntity
8
ST-RB-PUNCH
100
AcDbLine
10
18110
20
40750
30
0
11
18190
21
40750
31
0
0
LINE
5
4CE
330
10E
100
AcDbEntity
8
ST-RB-PUNCH
100
AcDbLine
10
18110
20
40850
30
0
11
18190
21
40850
31
0
0
LINE
5
4CF
330
10E
100
AcDbEntity
8
ST-RB-PUNCH
100
AcDbLine
10
18110
20
40950
30
0
11
18190
21
40950
31
0
0
LINE
5
4D0
330
10E
100
AcDbEntity
8
ST-RB-PUNCH
100
AcDbLine
10
18050
20
40350
30
0
11
18050
21
40950
31
0
0
LINE
5
4D1
330
10E
100
AcDbEntity
8
ST-RB-PUNCH
100
AcDbLine
10
18010
20
40350
30
0
11
18090
21
40350
31
0
0
LINE
5
4D2
330
10E
100
AcDbEntity
8
ST-RB-PUNCH
100
AcDbLine
10
18010
20
40450
30
0
11
18090
21
40450
31
0
0
LINE
5
4D3
330
10E
100
AcDbEntity
8
ST-RB-PUNCH
100
AcDbLine
10
18010
20
40550
30
0
11
18090
21
40550
31
0
0
LINE
5
4D4
330
10E
100
AcDbEntity
8
ST-RB-PUNCH
100
AcDbLine
10
18010
20
40650
30
0
11
18090
21
40650
31
0
0
LINE
5
4D5
330
10E
100
AcDbEntity
8
ST-RB-PUNCH
100
AcDbLine
10
18010
20
40750
30
0
11
18090
21
40750
31
0
0
LINE
5
4D6
330
10E
100
AcDbEntity
8
ST-RB-PUNCH
100
AcDbLine
10
18010
20
40850
30
0
11
18090
21
40850
31
0
0
LINE
5
4D7
330
10E
100
AcDbEntity
8
ST-RB-PUNCH
100
AcDbLine
10
18010
20
40950
30
0
11
18090
21
40950
31
0
0
LINE
5
4D8
330
10E
100
AcDbEntity
8
ST-RB-PUNCH
100
AcDbLine
10
17950
20
40350
30
0
11
17950
21
40950
31
0
0
LINE
5
4D9
330
10E
100
AcDbEntity
8
ST-RB-PUNCH
100
AcDbLine
10
17910
20
40350
30
0
11
17990
21
40350
31
0
0
LINE
5
4DA
330
10E
100
AcDbEntity
8
ST-RB-PUNCH
100
AcDbLine
10
17910
20
40450
30
0
11
17990
21
40450
31
0
0
LINE
5
4DB
330
10E
100
AcDbEntity
8
ST-RB-PUNCH
100
AcDbLine
10
17910
20
40550
30
0
11
17990
21
40550
31
0
0
LINE
5
4DC
330
10E
100
AcDbEntity
8
ST-RB-PUNCH
100
AcDbLine
10
17910
20
40650
30
0
11
17990
21
40650
31
0
0
LINE
5
4DD
330
10E
100
AcDbEntity
8
ST-RB-PUNCH
100
AcDbLine
10
17910
20
40750
30
0
11
17990
21
40750
31
0
0
LINE
5
4DE
330
10E
100
AcDbEntity
8
ST-RB-PUNCH
100
AcDbLine
10
17910
20
40850
30
0
11
17990
21
40850
31
0
0
LINE
5
4DF
330
10E
100
AcDbEntity
8
ST-RB-PUNCH
100
AcDbLine
10
17910
20
40950
30
0
11
17990
21
40950
31
0
0
LINE
5
4E0
330
10E
100
AcDbEntity
8
ST-RB-PUNCH
100
AcDbLine
10
17850
20
40350
30
0
11
17850
21
40950
31
0
0
LINE
5
4E1
330
10E
100
AcDbEntity
8
ST-RB-PUNCH
100
AcDbLine
10
17810
20
40350
30
0
11
17890
21
40350
31
0
0
LINE
5
4E2
330
10E
100
AcDbEntity
8
ST-RB-PUNCH
100
AcDbLine
10
17810
20
40450
30
0
11
17890
21
40450
31
0
0
LINE
5
4E3
330
10E
100
AcDbEntity
8
ST-RB-PUNCH
100
AcDbLine
10
17810
20
40550
30
0
11
17890
21
40550
31
0
0
LINE
5
4E4
330
10E
100
AcDbEntity
8
ST-RB-PUNCH
100
AcDbLine
10
17810
20
40650
30
0
11
17890
21
40650
31
0
0
LINE
5
4E5
330
10E
100
AcDbEntity
8
ST-RB-PUNCH
100
AcDbLine
10
17810
20
40750
30
0
11
17890
21
40750
31
0
0
LINE
5
4E6
330
10E
100
AcDbEntity
8
ST-RB-PUNCH
100
AcDbLine
10
17810
20
40850
30
0
11
17890
21
40850
31
0
0
LINE
5
4E7
330
10E
100
AcDbEntity
8
ST-RB-PUNCH
100
AcDbLine
10
17810
20
40950
30
0
11
17890
21
40950
31
0
0
LINE
5
4E8
330
10E
100
AcDbEntity
8
ST-RB-PUNCH
100
AcDbLine
10
17750
20
40350
30
0
11
17750
21
40950
31
0
0
LINE
5
4E9
330
10E
100
AcDbEntity
8
ST-RB-PUNCH
100
AcDbLine
10
17710
20
40350
30
0
11
17790
21
40350
31
0
0
LINE
5
4EA
330
10E
100
AcDbEntity
8
ST-RB-PUNCH
100
AcDbLine
10
17710
20
40450
30
0
11
17790
21
40450
31
0
0
LINE
5
4EB
330
10E
100
AcDbEntity
8
ST-RB-PUNCH
100
AcDbLine
10
17710
20
40550
30
0
11
17790
21
40550
31
0
0
LINE
5
4EC
330
10E
100
AcDbEntity
8
ST-RB-PUNCH
100
AcDbLine
10
17710
20
40650
30
0
11
17790
21
40650
31
0
0
LINE
5
4ED
330
10E
100
AcDbEntity
8
ST-RB-PUNCH
100
AcDbLine
10
17710
20
40750
30
0
11
17790
21
40750
31
0
0
LINE
5
4EE
330
10E
100
AcDbEntity
8
ST-RB-PUNCH
100
AcDbLine
10
17710
20
40850
30
0
11
17790
21
40850
31
0
0
LINE
5
4EF
330
10E
100
AcDbEntity
8
ST-RB-PUNCH
100
AcDbLine
10
17710
20
40950
30
0
11
17790
21
40950
31
0
0
TEXT
5
4F0
330
10E
100
AcDbEntity
8
ST-RB-TEXT
100
AcDbText
10
17620
20
40980
30
0
40
160
1
5X7-T10-100
50
90
7
STANDARD
72
0
100
AcDbText
73
0
0
LINE
5
4F1
330
10E
100
AcDbEntity
8
ST-RB-PUNCH
100
AcDbLine
10
18950
20
40350
30
0
11
18950
21
40950
31
0
0
LINE
5
4F2
330
10E
100
AcDbEntity
8
ST-RB-PUNCH
100
AcDbLine
10
18910
20
40350
30
0
11
18990
21
40350
31
0
0
LINE
5
4F3
330
10E
100
AcDbEntity
8
ST-RB-PUNCH
100
AcDbLine
10
18910
20
40450
30
0
11
18990
21
40450
31
0
0
LINE
5
4F4
330
10E
100
AcDbEntity
8
ST-RB-PUNCH
100
AcDbLine
10
18910
20
40550
30
0
11
18990
21
40550
31
0
0
LINE
5
4F5
330
10E
100
AcDbEntity
8
ST-RB-PUNCH
100
AcDbLine
10
18910
20
40650
30
0
11
18990
21
40650
31
0
0
LINE
5
4F6
330
10E
100
AcDbEntity
8
ST-RB-PUNCH
100
AcDbLine
10
18910
20
40750
30
0
11
18990
21
40750
31
0
0
LINE
5
4F7
330
10E
100
AcDbEntity
8
ST-RB-PUNCH
100
AcDbLine
10
18910
20
40850
30
0
11
18990
21
40850
31
0
0
LINE
5
4F8
330
10E
100
AcDbEntity
8
ST-RB-PUNCH
100
AcDbLine
10
18910
20
40950
30
0
11
18990
21
40950
31
0
0
LINE
5
4F9
330
10E
100
AcDbEntity
8
ST-RB-PUNCH
100
AcDbLine
10
19050
20
40350
30
0
11
19050
21
40950
31
0
0
LINE
5
4FA
330
10E
100
AcDbEntity
8
ST-RB-PUNCH
100
AcDbLine
10
19010
20
40350
30
0
11
19090
21
40350
31
0
0
LINE
5
4FB
330
10E
100
AcDbEntity
8
ST-RB-PUNCH
100
AcDbLine
10
19010
20
40450
30
0
11
19090
21
40450
31
0
0
LINE
5
4FC
330
10E
100
AcDbEntity
8
ST-RB-PUNCH
100
AcDbLine
10
19010
20
40550
30
0
11
19090
21
40550
31
0
0
LINE
5
4FD
330
10E
100
AcDbEntity
8
ST-RB-PUNCH
100
AcDbLine
10
19010
20
40650
30
0
11
19090
21
40650
31
0
0
LINE
5
4FE
330
10E
100
AcDbEntity
8
ST-RB-PUNCH
100
AcDbLine
10
19010
20
40750
30
0
11
19090
21
40750
31
0
0
LINE
5
4FF
330
10E
100
AcDbEntity
8
ST-RB-PUNCH
100
AcDbLine
10
19010
20
40850
30
0
11
19090
21
40850
31
0
0
LINE
5
500
330
10E
100
AcDbEntity
8
ST-RB-PUNCH
100
AcDbLine
10
19010
20
40950
30
0
11
19090
21
40950
31
0
0
LINE
5
501
330
10E
100
AcDbEntity
8
ST-RB-PUNCH
100
AcDbLine
10
19150
20
40350
30
0
11
19150
21
40950
31
0
0
LINE
5
502
330
10E
100
AcDbEntity
8
ST-RB-PUNCH
100
AcDbLine
10
19110
20
40350
30
0
11
19190
21
40350
31
0
0
LINE
5
503
330
10E
100
AcDbEntity
8
ST-RB-PUNCH
100
AcDbLine
10
19110
20
40450
30
0
11
19190
21
40450
31
0
0
LINE
5
504
330
10E
100
AcDbEntity
8
ST-RB-PUNCH
100
AcDbLine
10
19110
20
40550
30
0
11
19190
21
40550
31
0
0
LINE
5
505
330
10E
100
AcDbEntity
8
ST-RB-PUNCH
100
AcDbLine
10
19110
20
40650
30
0
11
19190
21
40650
31
0
0
LINE
5
506
330
10E
100
AcDbEntity
8
ST-RB-PUNCH
100
AcDbLine
10
19110
20
40750
30
0
11
19190
21
40750
31
0
0
LINE
5
507
330
10E
100
AcDbEntity
8
ST-RB-PUNCH
100
AcDbLine
10
19110
20
40850
30
0
11
19190
21
40850
31
0
0
LINE
5
508
330
10E
100
AcDbEntity
8
ST-RB-PUNCH
100
AcDbLine
10
19110
20
40950
30
0
11
19190
21
40950
31
0
0
LINE
5
509
330
10E
100
AcDbEntity
8
ST-RB-PUNCH
100
AcDbLine
10
19250
20
40350
30
0
11
19250
21
40950
31
0
0
LINE
5
50A
330
10E
100
AcDbEntity
8
ST-RB-PUNCH
100
AcDbLine
10
19210
20
40350
30
0
11
19290
21
40350
31
0
0
LINE
5
50B
330
10E
100
AcDbEntity
8
ST-RB-PUNCH
100
AcDbLine
10
19210
20
40450
30
0
11
19290
21
40450
31
0
0
LINE
5
50C
330
10E
100
AcDbEntity
8
ST-RB-PUNCH
100
AcDbLine
10
19210
20
40550
30
0
11
19290
21
40550
31
0
0
LINE
5
50D
330
10E
100
AcDbEntity
8
ST-RB-PUNCH
100
AcDbLine
10
19210
20
40650
30
0
11
19290
21
40650
31
0
0
LINE
5
50E
330
10E
100
AcDbEntity
8
ST-RB-PUNCH
100
AcDbLine
10
19210
20
40750
30
0
11
19290
21
40750
31
0
0
LINE
5
50F
330
10E
100
AcDbEntity
8
ST-RB-PUNCH
100
AcDbLine
10
19210
20
40850
30
0
11
19290
21
40850
31
0
0
LINE
5
510
330
10E
100
AcDbEntity
8
ST-RB-PUNCH
100
AcDbLine
10
19210
20
40950
30
0
11
19290
21
40950
31
0
0
LINE
5
511
330
10E
100
AcDbEntity
8
ST-RB-PUNCH
100
AcDbLine
10
19350
20
40350
30
0
11
19350
21
40950
31
0
0
LINE
5
512
330
10E
100
AcDbEntity
8
ST-RB-PUNCH
100
AcDbLine
10
19310
20
40350
30
0
11
19390
21
40350
31
0
0
LINE
5
513
330
10E
100
AcDbEntity
8
ST-RB-PUNCH
100
AcDbLine
10
19310
20
40450
30
0
11
19390
21
40450
31
0
0
LINE
5
514
330
10E
100
AcDbEntity
8
ST-RB-PUNCH
100
AcDbLine
10
19310
20
40550
30
0
11
19390
21
40550
31
0
0
LINE
5
515
330
10E
100
AcDbEntity
8
ST-RB-PUNCH
100
AcDbLine
10
19310
20
40650
30
0
11
19390
21
40650
31
0
0
LINE
5
516
330
10E
100
AcDbEntity
8
ST-RB-PUNCH
100
AcDbLine
10
19310
20
40750
30
0
11
19390
21
40750
31
0
0
LINE
5
517
330
10E
100
AcDbEntity
8
ST-RB-PUNCH
100
AcDbLine
10
19310
20
40850
30
0
11
19390
21
40850
31
0
0
LINE
5
518
330
10E
100
AcDbEntity
8
ST-RB-PUNCH
100
AcDbLine
10
19310
20
40950
30
0
11
19390
21
40950
31
0
0
TEXT
5
519
330
10E
100
AcDbEntity
8
ST-RB-TEXT
100
AcDbText
10
19480
20
40980
30
0
40
160
1
5X7-T10-100
50
90
7
STANDARD
72
0
100
AcDbText
73
0
0
LINE
5
51A
330
10E
100
AcDbEntity
8
ST-RB-PUNCH
100
AcDbLine
10
18250
20
40250
30
0
11
18850
21
40250
31
0
0
LINE
5
51B
330
10E
100
AcDbEntity
8
ST-RB-PUNCH
100
AcDbLine
10
18250
20
40210
30
0
11
18250
21
40290
31
0
0
LINE
5
51C
330
10E
100
AcDbEntity
8
ST-RB-PUNCH
100
AcDbLine
10
18350
20
40210
30
0
11
18350
21
40290
31
0
0
LINE
5
51D
330
10E
100
AcDbEntity
8
ST-RB-PUNCH
100
AcDbLine
10
18450
20
40210
30
0
11
18450
21
40290
31
0
0
LINE
5
51E
330
10E
100
AcDbEntity
8
ST-RB-PUNCH
100
AcDbLine
10
18550
20
40210
30
0
11
18550
21
40290
31
0
0
LINE
5
51F
330
10E
100
AcDbEntity
8
ST-RB-PUNCH
100
AcDbLine
10
18650
20
40210
30
0
11
18650
21
40290
31
0
0
LINE
5
520
330
10E
100
AcDbEntity
8
ST-RB-PUNCH
100
AcDbLine
10
18750
20
40210
30
0
11
18750
21
40290
31
0
0
LINE
5
521
330
10E
100
AcDbEntity
8
ST-RB-PUNCH
100
AcDbLine
10
18850
20
40210
30
0
11
18850
21
40290
31
0
0
LINE
5
522
330
10E
100
AcDbEntity
8
ST-RB-PUNCH
100
AcDbLine
10
18250
20
40150
30
0
11
18850
21
40150
31
0
0
LINE
5
523
330
10E
100
AcDbEntity
8
ST-RB-PUNCH
100
AcDbLine
10
18250
20
40110
30
0
11
18250
21
40190
31
0
0
LINE
5
524
330
10E
100
AcDbEntity
8
ST-RB-PUNCH
100
AcDbLine
10
18350
20
40110
30
0
11
18350
21
40190
31
0
0
LINE
5
525
330
10E
100
AcDbEntity
8
ST-RB-PUNCH
100
AcDbLine
10
18450
20
40110
30
0
11
18450
21
40190
31
0
0
LINE
5
526
330
10E
100
AcDbEntity
8
ST-RB-PUNCH
100
AcDbLine
10
18550
20
40110
30
0
11
18550
21
40190
31
0
0
LINE
5
527
330
10E
100
AcDbEntity
8
ST-RB-PUNCH
100
AcDbLine
10
18650
20
40110
30
0
11
18650
21
40190
31
0
0
LINE
5
528
330
10E
100
AcDbEntity
8
ST-RB-PUNCH
100
AcDbLine
10
18750
20
40110
30
0
11
18750
21
40190
31
0
0
LINE
5
529
330
10E
100
AcDbEntity
8
ST-RB-PUNCH
100
AcDbLine
10
18850
20
40110
30
0
11
18850
21
40190
31
0
0
LINE
5
52A
330
10E
100
AcDbEntity
8
ST-RB-PUNCH
100
AcDbLine
10
18250
20
40050
30
0
11
18850
21
40050
31
0
0
LINE
5
52B
330
10E
100
AcDbEntity
8
ST-RB-PUNCH
100
AcDbLine
10
18250
20
40010
30
0
11
18250
21
40090
31
0
0
LINE
5
52C
330
10E
100
AcDbEntity
8
ST-RB-PUNCH
100
AcDbLine
10
18350
20
40010
30
0
11
18350
21
40090
31
0
0
LINE
5
52D
330
10E
100
AcDbEntity
8
ST-RB-PUNCH
100
AcDbLine
10
18450
20
40010
30
0
11
18450
21
40090
31
0
0
LINE
5
52E
330
10E
100
AcDbEntity
8
ST-RB-PUNCH
100
AcDbLine
10
18550
20
40010
30
0
11
18550
21
40090
31
0
0
LINE
5
52F
330
10E
100
AcDbEntity
8
ST-RB-PUNCH
100
AcDbLine
10
18650
20
40010
30
0
11
18650
21
40090
31
0
0
LINE
5
530
330
10E
100
AcDbEntity
8
ST-RB-PUNCH
100
AcDbLine
10
18750
20
40010
30
0
11
18750
21
40090
31
0
0
LINE
5
531
330
10E
100
AcDbEntity
8
ST-RB-PUNCH
100
AcDbLine
10
18850
20
40010
30
0
11
18850
21
40090
31
0
0
LINE
5
532
330
10E
100
AcDbEntity
8
ST-RB-PUNCH
100
AcDbLine
10
18250
20
39950
30
0
11
18850
21
39950
31
0
0
LINE
5
533
330
10E
100
AcDbEntity
8
ST-RB-PUNCH
100
AcDbLine
10
18250
20
39910
30
0
11
18250
21
39990
31
0
0
LINE
5
534
330
10E
100
AcDbEntity
8
ST-RB-PUNCH
100
AcDbLine
10
18350
20
39910
30
0
11
18350
21
39990
31
0
0
LINE
5
535
330
10E
100
AcDbEntity
8
ST-RB-PUNCH
100
AcDbLine
10
18450
20
39910
30
0
11
18450
21
39990
31
0
0
LINE
5
536
330
10E
100
AcDbEntity
8
ST-RB-PUNCH
100
AcDbLine
10
18550
20
39910
30
0
11
18550
21
39990
31
0
0
LINE
5
537
330
10E
100
AcDbEntity
8
ST-RB-PUNCH
100
AcDbLine
10
18650
20
39910
30
0
11
18650
21
39990
31
0
0
LINE
5
538
330
10E
100
AcDbEntity
8
ST-RB-PUNCH
100
AcDbLine
10
18750
20
39910
30
0
11
18750
21
39990
31
0
0
LINE
5
539
330
10E
100
AcDbEntity
8
ST-RB-PUNCH
100
AcDbLine
10
18850
20
39910
30
0
11
18850
21
39990
31
0
0
LINE
5
53A
330
10E
100
AcDbEntity
8
ST-RB-PUNCH
100
AcDbLine
10
18250
20
39850
30
0
11
18850
21
39850
31
0
0
LINE
5
53B
330
10E
100
AcDbEntity
8
ST-RB-PUNCH
100
AcDbLine
10
18250
20
39810
30
0
11
18250
21
39890
31
0
0
LINE
5
53C
330
10E
100
AcDbEntity
8
ST-RB-PUNCH
100
AcDbLine
10
18350
20
39810
30
0
11
18350
21
39890
31
0
0
LINE
5
53D
330
10E
100
AcDbEntity
8
ST-RB-PUNCH
100
AcDbLine
10
18450
20
39810
30
0
11
18450
21
39890
31
0
0
LINE
5
53E
330
10E
100
AcDbEntity
8
ST-RB-PUNCH
100
AcDbLine
10
18550
20
39810
30
0
11
18550
21
39890
31
0
0
LINE
5
53F
330
10E
100
AcDbEntity
8
ST-RB-PUNCH
100
AcDbLine
10
18650
20
39810
30
0
11
18650
21
39890
31
0
0
LINE
5
540
330
10E
100
AcDbEntity
8
ST-RB-PUNCH
100
AcDbLine
10
18750
20
39810
30
0
11
18750
21
39890
31
0
0
LINE
5
541
330
10E
100
AcDbEntity
8
ST-RB-PUNCH
100
AcDbLine
10
18850
20
39810
30
0
11
18850
21
39890
31
0
0
TEXT
5
542
330
10E
100
AcDbEntity
8
ST-RB-TEXT
100
AcDbText
10
18880
20
39750
30
0
40
160
1
5X7-T10-100
7
STANDARD
72
0
100
AcDbText
73
0
0
LINE
5
543
330
10E
100
AcDbEntity
8
ST-RB-PUNCH
100
AcDbLine
10
18250
20
41050
30
0
11
18850
21
41050
31
0
0
LINE
5
544
330
10E
100
AcDbEntity
8
ST-RB-PUNCH
100
AcDbLine
10
18250
20
41010
30
0
11
18250
21
41090
31
0
0
LINE
5
545
330
10E
100
AcDbEntity
8
ST-RB-PUNCH
100
AcDbLine
10
18350
20
41010
30
0
11
18350
21
41090
31
0
0
LINE
5
546
330
10E
100
AcDbEntity
8
ST-RB-PUNCH
100
AcDbLine
10
18450
20
41010
30
0
11
18450
21
41090
31
0
0
LINE
5
547
330
10E
100
AcDbEntity
8
ST-RB-PUNCH
100
AcDbLine
10
18550
20
41010
30
0
11
18550
21
41090
31
0
0
LINE
5
548
330
10E
100
AcDbEntity
8
ST-RB-PUNCH
100
AcDbLine
10
18650
20
41010
30
0
11
18650
21
41090
31
0
0
LINE
5
549
330
10E
100
AcDbEntity
8
ST-RB-PUNCH
100
AcDbLine
10
18750
20
41010
30
0
11
18750
21
41090
31
0
0
LINE
5
54A
330
10E
100
AcDbEntity
8
ST-RB-PUNCH
100
AcDbLine
10
18850
20
41010
30
0
11
18850
21
41090
31
0
0
LINE
5
54B
330
10E
100
AcDbEntity
8
ST-RB-PUNCH
100
AcDbLine
10
18250
20
41150
30
0
11
18850
21
41150
31
0
0
LINE
5
54C
330
10E
100
AcDbEntity
8
ST-RB-PUNCH
100
AcDbLine
10
18250
20
41110
30
0
11
18250
21
41190
31
0
0
LINE
5
54D
330
10E
100
AcDbEntity
8
ST-RB-PUNCH
100
AcDbLine
10
18350
20
41110
30
0
11
18350
21
41190
31
0
0
LINE
5
54E
330
10E
100
AcDbEntity
8
ST-RB-PUNCH
100
AcDbLine
10
18450
20
41110
30
0
11
18450
21
41190
31
0
0
LINE
5
54F
330
10E
100
AcDbEntity
8
ST-RB-PUNCH
100
AcDbLine
10
18550
20
41110
30
0
11
18550
21
41190
31
0
0
LINE
5
550
330
10E
100
AcDbEntity
8
ST-RB-PUNCH
100
AcDbLine
10
18650
20
41110
30
0
11
18650
21
41190
31
0
0
LINE
5
551
330
10E
100
AcDbEntity
8
ST-RB-PUNCH
100
AcDbLine
10
18750
20
41110
30
0
11
18750
21
41190
31
0
0
LINE
5
552
330
10E
100
AcDbEntity
8
ST-RB-PUNCH
100
AcDbLine
10
18850
20
41110
30
0
11
18850
21
41190
31
0
0
LINE
5
553
330
10E
100
AcDbEntity
8
ST-RB-PUNCH
100
AcDbLine
10
18250
20
41250
30
0
11
18850
21
41250
31
0
0
LINE
5
554
330
10E
100
AcDbEntity
8
ST-RB-PUNCH
100
AcDbLine
10
18250
20
41210
30
0
11
18250
21
41290
31
0
0
LINE
5
555
330
10E
100
AcDbEntity
8
ST-RB-PUNCH
100
AcDbLine
10
18350
20
41210
30
0
11
18350
21
41290
31
0
0
LINE
5
556
330
10E
100
AcDbEntity
8
ST-RB-PUNCH
100
AcDbLine
10
18450
20
41210
30
0
11
18450
21
41290
31
0
0
LINE
5
557
330
10E
100
AcDbEntity
8
ST-RB-PUNCH
100
AcDbLine
10
18550
20
41210
30
0
11
18550
21
41290
31
0
0
LINE
5
558
330
10E
100
AcDbEntity
8
ST-RB-PUNCH
100
AcDbLine
10
18650
20
41210
30
0
11
18650
21
41290
31
0
0
LINE
5
559
330
10E
100
AcDbEntity
8
ST-RB-PUNCH
100
AcDbLine
10
18750
20
41210
30
0
11
18750
21
41290
31
0
0
LINE
5
55A
330
10E
100
AcDbEntity
8
ST-RB-PUNCH
100
AcDbLine
10
18850
20
41210
30
0
11
18850
21
41290
31
0
0
LINE
5
55B
330
10E
100
AcDbEntity
8
ST-RB-PUNCH
100
AcDbLine
10
18250
20
41350
30
0
11
18850
21
41350
31
0
0
LINE
5
55C
330
10E
100
AcDbEntity
8
ST-RB-PUNCH
100
AcDbLine
10
18250
20
41310
30
0
11
18250
21
41390
31
0
0
LINE
5
55D
330
10E
100
AcDbEntity
8
ST-RB-PUNCH
100
AcDbLine
10
18350
20
41310
30
0
11
18350
21
41390
31
0
0
LINE
5
55E
330
10E
100
AcDbEntity
8
ST-RB-PUNCH
100
AcDbLine
10
18450
20
41310
30
0
11
18450
21
41390
31
0
0
LINE
5
55F
330
10E
100
AcDbEntity
8
ST-RB-PUNCH
100
AcDbLine
10
18550
20
41310
30
0
11
18550
21
41390
31
0
0
LINE
5
560
330
10E
100
AcDbEntity
8
ST-RB-PUNCH
100
AcDbLine
10
18650
20
41310
30
0
11
18650
21
41390
31
0
0
LINE
5
561
330
10E
100
AcDbEntity
8
ST-RB-PUNCH
100
AcDbLine
10
18750
20
41310
30
0
11
18750
21
41390
31
0
0
LINE
5
562
330
10E
100
AcDbEntity
8
ST-RB-PUNCH
100
AcDbLine
10
18850
20
41310
30
0
11
18850
21
41390
31
0
0
LINE
5
563
330
10E
100
AcDbEntity
8
ST-RB-PUNCH
100
AcDbLine
10
18250
20
41450
30
0
11
18850
21
41450
31
0
0
LINE
5
564
330
10E
100
AcDbEntity
8
ST-RB-PUNCH
100
AcDbLine
10
18250
20
41410
30
0
11
18250
21
41490
31
0
0
LINE
5
565
330
10E
100
AcDbEntity
8
ST-RB-PUNCH
100
AcDbLine
10
18350
20
41410
30
0
11
18350
21
41490
31
0
0
LINE
5
566
330
10E
100
AcDbEntity
8
ST-RB-PUNCH
100
AcDbLine
10
18450
20
41410
30
0
11
18450
21
41490
31
0
0
LINE
5
567
330
10E
100
AcDbEntity
8
ST-RB-PUNCH
100
AcDbLine
10
18550
20
41410
30
0
11
18550
21
41490
31
0
0
LINE
5
568
330
10E
100
AcDbEntity
8
ST-RB-PUNCH
100
AcDbLine
10
18650
20
41410
30
0
11
18650
21
41490
31
0
0
LINE
5
569
330
10E
100
AcDbEntity
8
ST-RB-PUNCH
100
AcDbLine
10
18750
20
41410
30
0
11
18750
21
41490
31
0
0
LINE
5
56A
330
10E
100
AcDbEntity
8
ST-RB-PUNCH
100
AcDbLine
10
18850
20
41410
30
0
11
18850
21
41490
31
0
0
TEXT
5
56B
330
10E
100
AcDbEntity
8
ST-RB-TEXT
100
AcDbText
10
18880
20
41550
30
0
40
160
1
5X7-T10-100
7
STANDARD
72
0
100
AcDbText
73
0
0
TEXT
5
56C
330
10E
100
AcDbEntity
8
ST-RB-TYPE
100
AcDbText
10
18100
20
41100
30
0
40
250
1
PS1
7
STANDARD
72
2
11
18100
21
41100
31
0
100
AcDbText
73
0
0
LINE
5
56D
330
10E
100
AcDbEntity
8
ST-RB-PUNCH
100
AcDbLine
10
25650
20
40350
30
0
11
25650
21
40950
31
0
0
LINE
5
56E
330
10E
100
AcDbEntity
8
ST-RB-PUNCH
100
AcDbLine
10
25610
20
40350
30
0
11
25690
21
40350
31
0
0
LINE
5
56F
330
10E
100
AcDbEntity
8
ST-RB-PUNCH
100
AcDbLine
10
25610
20
40450
30
0
11
25690
21
40450
31
0
0
LINE
5
570
330
10E
100
AcDbEntity
8
ST-RB-PUNCH
100
AcDbLine
10
25610
20
40550
30
0
11
25690
21
40550
31
0
0
LINE
5
571
330
10E
100
AcDbEntity
8
ST-RB-PUNCH
100
AcDbLine
10
25610
20
40650
30
0
11
25690
21
40650
31
0
0
LINE
5
572
330
10E
100
AcDbEntity
8
ST-RB-PUNCH
100
AcDbLine
10
25610
20
40750
30
0
11
25690
21
40750
31
0
0
LINE
5
573
330
10E
100
AcDbEntity
8
ST-RB-PUNCH
100
AcDbLine
10
25610
20
40850
30
0
11
25690
21
40850
31
0
0
LINE
5
574
330
10E
100
AcDbEntity
8
ST-RB-PUNCH
100
AcDbLine
10
25610
20
40950
30
0
11
25690
21
40950
31
0
0
LINE
5
575
330
10E
100
AcDbEntity
8
ST-RB-PUNCH
100
AcDbLine
10
25550
20
40350
30
0
11
25550
21
40950
31
0
0
LINE
5
576
330
10E
100
AcDbEntity
8
ST-RB-PUNCH
100
AcDbLine
10
25510
20
40350
30
0
11
25590
21
40350
31
0
0
LINE
5
577
330
10E
100
AcDbEntity
8
ST-RB-PUNCH
100
AcDbLine
10
25510
20
40450
30
0
11
25590
21
40450
31
0
0
LINE
5
578
330
10E
100
AcDbEntity
8
ST-RB-PUNCH
100
AcDbLine
10
25510
20
40550
30
0
11
25590
21
40550
31
0
0
LINE
5
579
330
10E
100
AcDbEntity
8
ST-RB-PUNCH
100
AcDbLine
10
25510
20
40650
30
0
11
25590
21
40650
31
0
0
LINE
5
57A
330
10E
100
AcDbEntity
8
ST-RB-PUNCH
100
AcDbLine
10
25510
20
40750
30
0
11
25590
21
40750
31
0
0
LINE
5
57B
330
10E
100
AcDbEntity
8
ST-RB-PUNCH
100
AcDbLine
10
25510
20
40850
30
0
11
25590
21
40850
31
0
0
LINE
5
57C
330
10E
100
AcDbEntity
8
ST-RB-PUNCH
100
AcDbLine
10
25510
20
40950
30
0
11
25590
21
40950
31
0
0
LINE
5
57D
330
10E
100
AcDbEntity
8
ST-RB-PUNCH
100
AcDbLine
10
25450
20
40350
30
0
11
25450
21
40950
31
0
0
LINE
5
57E
330
10E
100
AcDbEntity
8
ST-RB-PUNCH
100
AcDbLine
10
25410
20
40350
30
0
11
25490
21
40350
31
0
0
LINE
5
57F
330
10E
100
AcDbEntity
8
ST-RB-PUNCH
100
AcDbLine
10
25410
20
40450
30
0
11
25490
21
40450
31
0
0
LINE
5
580
330
10E
100
AcDbEntity
8
ST-RB-PUNCH
100
AcDbLine
10
25410
20
40550
30
0
11
25490
21
40550
31
0
0
LINE
5
581
330
10E
100
AcDbEntity
8
ST-RB-PUNCH
100
AcDbLine
10
25410
20
40650
30
0
11
25490
21
40650
31
0
0
LINE
5
582
330
10E
100
AcDbEntity
8
ST-RB-PUNCH
100
AcDbLine
10
25410
20
40750
30
0
11
25490
21
40750
31
0
0
LINE
5
583
330
10E
100
AcDbEntity
8
ST-RB-PUNCH
100
AcDbLine
10
25410
20
40850
30
0
11
25490
21
40850
31
0
0
LINE
5
584
330
10E
100
AcDbEntity
8
ST-RB-PUNCH
100
AcDbLine
10
25410
20
40950
30
0
11
25490
21
40950
31
0
0
LINE
5
585
330
10E
100
AcDbEntity
8
ST-RB-PUNCH
100
AcDbLine
10
25350
20
40350
30
0
11
25350
21
40950
31
0
0
LINE
5
586
330
10E
100
AcDbEntity
8
ST-RB-PUNCH
100
AcDbLine
10
25310
20
40350
30
0
11
25390
21
40350
31
0
0
LINE
5
587
330
10E
100
AcDbEntity
8
ST-RB-PUNCH
100
AcDbLine
10
25310
20
40450
30
0
11
25390
21
40450
31
0
0
LINE
5
588
330
10E
100
AcDbEntity
8
ST-RB-PUNCH
100
AcDbLine
10
25310
20
40550
30
0
11
25390
21
40550
31
0
0
LINE
5
589
330
10E
100
AcDbEntity
8
ST-RB-PUNCH
100
AcDbLine
10
25310
20
40650
30
0
11
25390
21
40650
31
0
0
LINE
5
58A
330
10E
100
AcDbEntity
8
ST-RB-PUNCH
100
AcDbLine
10
25310
20
40750
30
0
11
25390
21
40750
31
0
0
LINE
5
58B
330
10E
100
AcDbEntity
8
ST-RB-PUNCH
100
AcDbLine
10
25310
20
40850
30
0
11
25390
21
40850
31
0
0
LINE
5
58C
330
10E
100
AcDbEntity
8
ST-RB-PUNCH
100
AcDbLine
10
25310
20
40950
30
0
11
25390
21
40950
31
0
0
LINE
5
58D
330
10E
100
AcDbEntity
8
ST-RB-PUNCH
100
AcDbLine
10
25250
20
40350
30
0
11
25250
21
40950
31
0
0
LINE
5
58E
330
10E
100
AcDbEntity
8
ST-RB-PUNCH
100
AcDbLine
10
25210
20
40350
30
0
11
25290
21
40350
31
0
0
LINE
5
58F
330
10E
100
AcDbEntity
8
ST-RB-PUNCH
100
AcDbLine
10
25210
20
40450
30
0
11
25290
21
40450
31
0
0
LINE
5
590
330
10E
100
AcDbEntity
8
ST-RB-PUNCH
100
AcDbLine
10
25210
20
40550
30
0
11
25290
21
40550
31
0
0
LINE
5
591
330
10E
100
AcDbEntity
8
ST-RB-PUNCH
100
AcDbLine
10
25210
20
40650
30
0
11
25290
21
40650
31
0
0
LINE
5
592
330
10E
100
AcDbEntity
8
ST-RB-PUNCH
100
AcDbLine
10
25210
20
40750
30
0
11
25290
21
40750
31
0
0
LINE
5
593
330
10E
100
AcDbEntity
8
ST-RB-PUNCH
100
AcDbLine
10
25210
20
40850
30
0
11
25290
21
40850
31
0
0
LINE
5
594
330
10E
100
AcDbEntity
8
ST-RB-PUNCH
100
AcDbLine
10
25210
20
40950
30
0
11
25290
21
40950
31
0
0
TEXT
5
595
330
10E
100
AcDbEntity
8
ST-RB-TEXT
100
AcDbText
10
25120
20
40980
30
0
40
160
1
5X7-T10-100
50
90
7
STANDARD
72
0
100
AcDbText
73
0
0
LINE
5
596
330
10E
100
AcDbEntity
8
ST-RB-PUNCH
100
AcDbLine
10
26450
20
40350
30
0
11
26450
21
40950
31
0
0
LINE
5
597
330
10E
100
AcDbEntity
8
ST-RB-PUNCH
100
AcDbLine
10
26410
20
40350
30
0
11
26490
21
40350
31
0
0
LINE
5
598
330
10E
100
AcDbEntity
8
ST-RB-PUNCH
100
AcDbLine
10
26410
20
40450
30
0
11
26490
21
40450
31
0
0
LINE
5
599
330
10E
100
AcDbEntity
8
ST-RB-PUNCH
100
AcDbLine
10
26410
20
40550
30
0
11
26490
21
40550
31
0
0
LINE
5
59A
330
10E
100
AcDbEntity
8
ST-RB-PUNCH
100
AcDbLine
10
26410
20
40650
30
0
11
26490
21
40650
31
0
0
LINE
5
59B
330
10E
100
AcDbEntity
8
ST-RB-PUNCH
100
AcDbLine
10
26410
20
40750
30
0
11
26490
21
40750
31
0
0
LINE
5
59C
330
10E
100
AcDbEntity
8
ST-RB-PUNCH
100
AcDbLine
10
26410
20
40850
30
0
11
26490
21
40850
31
0
0
LINE
5
59D
330
10E
100
AcDbEntity
8
ST-RB-PUNCH
100
AcDbLine
10
26410
20
40950
30
0
11
26490
21
40950
31
0
0
LINE
5
59E
330
10E
100
AcDbEntity
8
ST-RB-PUNCH
100
AcDbLine
10
26550
20
40350
30
0
11
26550
21
40950
31
0
0
LINE
5
59F
330
10E
100
AcDbEntity
8
ST-RB-PUNCH
100
AcDbLine
10
26510
20
40350
30
0
11
26590
21
40350
31
0
0
LINE
5
5A0
330
10E
100
AcDbEntity
8
ST-RB-PUNCH
100
AcDbLine
10
26510
20
40450
30
0
11
26590
21
40450
31
0
0
LINE
5
5A1
330
10E
100
AcDbEntity
8
ST-RB-PUNCH
100
AcDbLine
10
26510
20
40550
30
0
11
26590
21
40550
31
0
0
LINE
5
5A2
330
10E
100
AcDbEntity
8
ST-RB-PUNCH
100
AcDbLine
10
26510
20
40650
30
0
11
26590
21
40650
31
0
0
LINE
5
5A3
330
10E
100
AcDbEntity
8
ST-RB-PUNCH
100
AcDbLine
10
26510
20
40750
30
0
11
26590
21
40750
31
0
0
LINE
5
5A4
330
10E
100
AcDbEntity
8
ST-RB-PUNCH
100
AcDbLine
10
26510
20
40850
30
0
11
26590
21
40850
31
0
0
LINE
5
5A5
330
10E
100
AcDbEntity
8
ST-RB-PUNCH
100
AcDbLine
10
26510
20
40950
30
0
11
26590
21
40950
31
0
0
LINE
5
5A6
330
10E
100
AcDbEntity
8
ST-RB-PUNCH
100
AcDbLine
10
26650
20
40350
30
0
11
26650
21
40950
31
0
0
LINE
5
5A7
330
10E
100
AcDbEntity
8
ST-RB-PUNCH
100
AcDbLine
10
26610
20
40350
30
0
11
26690
21
40350
31
0
0
LINE
5
5A8
330
10E
100
AcDbEntity
8
ST-RB-PUNCH
100
AcDbLine
10
26610
20
40450
30
0
11
26690
21
40450
31
0
0
LINE
5
5A9
330
10E
100
AcDbEntity
8
ST-RB-PUNCH
100
AcDbLine
10
26610
20
40550
30
0
11
26690
21
40550
31
0
0
LINE
5
5AA
330
10E
100
AcDbEntity
8
ST-RB-PUNCH
100
AcDbLine
10
26610
20
40650
30
0
11
26690
21
40650
31
0
0
LINE
5
5AB
330
10E
100
AcDbEntity
8
ST-RB-PUNCH
100
AcDbLine
10
26610
20
40750
30
0
11
26690
21
40750
31
0
0
LINE
5
5AC
330
10E
100
AcDbEntity
8
ST-RB-PUNCH
100
AcDbLine
10
26610
20
40850
30
0
11
26690
21
40850
31
0
0
LINE
5
5AD
330
10E
100
AcDbEntity
8
ST-RB-PUNCH
100
AcDbLine
10
26610
20
40950
30
0
11
26690
21
40950
31
0
0
LINE
5
5AE
330
10E
100
AcDbEntity
8
ST-RB-PUNCH
100
AcDbLine
10
26750
20
40350
30
0
11
26750
21
40950
31
0
0
LINE
5
5AF
330
10E
100
AcDbEntity
8
ST-RB-PUNCH
100
AcDbLine
10
26710
20
40350
30
0
11
26790
21
40350
31
0
0
LINE
5
5B0
330
10E
100
AcDbEntity
8
ST-RB-PUNCH
100
AcDbLine
10
26710
20
40450
30
0
11
26790
21
40450
31
0
0
LINE
5
5B1
330
10E
100
AcDbEntity
8
ST-RB-PUNCH
100
AcDbLine
10
26710
20
40550
30
0
11
26790
21
40550
31
0
0
LINE
5
5B2
330
10E
100
AcDbEntity
8
ST-RB-PUNCH
100
AcDbLine
10
26710
20
40650
30
0
11
26790
21
40650
31
0
0
LINE
5
5B3
330
10E
100
AcDbEntity
8
ST-RB-PUNCH
100
AcDbLine
10
26710
20
40750
30
0
11
26790
21
40750
31
0
0
LINE
5
5B4
330
10E
100
AcDbEntity
8
ST-RB-PUNCH
100
AcDbLine
10
26710
20
40850
30
0
11
26790
21
40850
31
0
0
LINE
5
5B5
330
10E
100
AcDbEntity
8
ST-RB-PUNCH
100
AcDbLine
10
26710
20
40950
30
0
11
26790
21
40950
31
0
0
LINE
5
5B6
330
10E
100
AcDbEntity
8
ST-RB-PUNCH
100
AcDbLine
10
26850
20
40350
30
0
11
26850
21
40950
31
0
0
LINE
5
5B7
330
10E
100
AcDbEntity
8
ST-RB-PUNCH
100
AcDbLine
10
26810
20
40350
30
0
11
26890
21
40350
31
0
0
LINE
5
5B8
330
10E
100
AcDbEntity
8
ST-RB-PUNCH
100
AcDbLine
10
26810
20
40450
30
0
11
26890
21
40450
31
0
0
LINE
5
5B9
330
10E
100
AcDbEntity
8
ST-RB-PUNCH
100
AcDbLine
10
26810
20
40550
30
0
11
26890
21
40550
31
0
0
LINE
5
5BA
330
10E
100
AcDbEntity
8
ST-RB-PUNCH
100
AcDbLine
10
26810
20
40650
30
0
11
26890
21
40650
31
0
0
LINE
5
5BB
330
10E
100
AcDbEntity
8
ST-RB-PUNCH
100
AcDbLine
10
26810
20
40750
30
0
11
26890
21
40750
31
0
0
LINE
5
5BC
330
10E
100
AcDbEntity
8
ST-RB-PUNCH
100
AcDbLine
10
26810
20
40850
30
0
11
26890
21
40850
31
0
0
LINE
5
5BD
330
10E
100
AcDbEntity
8
ST-RB-PUNCH
100
AcDbLine
10
26810
20
40950
30
0
11
26890
21
40950
31
0
0
TEXT
5
5BE
330
10E
100
AcDbEntity
8
ST-RB-TEXT
100
AcDbText
10
26980
20
40980
30
0
40
160
1
5X7-T10-100
50
90
7
STANDARD
72
0
100
AcDbText
73
0
0
LINE
5
5BF
330
10E
100
AcDbEntity
8
ST-RB-PUNCH
100
AcDbLine
10
25750
20
40250
30
0
11
26350
21
40250
31
0
0
LINE
5
5C0
330
10E
100
AcDbEntity
8
ST-RB-PUNCH
100
AcDbLine
10
25750
20
40210
30
0
11
25750
21
40290
31
0
0
LINE
5
5C1
330
10E
100
AcDbEntity
8
ST-RB-PUNCH
100
AcDbLine
10
25850
20
40210
30
0
11
25850
21
40290
31
0
0
LINE
5
5C2
330
10E
100
AcDbEntity
8
ST-RB-PUNCH
100
AcDbLine
10
25950
20
40210
30
0
11
25950
21
40290
31
0
0
LINE
5
5C3
330
10E
100
AcDbEntity
8
ST-RB-PUNCH
100
AcDbLine
10
26050
20
40210
30
0
11
26050
21
40290
31
0
0
LINE
5
5C4
330
10E
100
AcDbEntity
8
ST-RB-PUNCH
100
AcDbLine
10
26150
20
40210
30
0
11
26150
21
40290
31
0
0
LINE
5
5C5
330
10E
100
AcDbEntity
8
ST-RB-PUNCH
100
AcDbLine
10
26250
20
40210
30
0
11
26250
21
40290
31
0
0
LINE
5
5C6
330
10E
100
AcDbEntity
8
ST-RB-PUNCH
100
AcDbLine
10
26350
20
40210
30
0
11
26350
21
40290
31
0
0
LINE
5
5C7
330
10E
100
AcDbEntity
8
ST-RB-PUNCH
100
AcDbLine
10
25750
20
40150
30
0
11
26350
21
40150
31
0
0
LINE
5
5C8
330
10E
100
AcDbEntity
8
ST-RB-PUNCH
100
AcDbLine
10
25750
20
40110
30
0
11
25750
21
40190
31
0
0
LINE
5
5C9
330
10E
100
AcDbEntity
8
ST-RB-PUNCH
100
AcDbLine
10
25850
20
40110
30
0
11
25850
21
40190
31
0
0
LINE
5
5CA
330
10E
100
AcDbEntity
8
ST-RB-PUNCH
100
AcDbLine
10
25950
20
40110
30
0
11
25950
21
40190
31
0
0
LINE
5
5CB
330
10E
100
AcDbEntity
8
ST-RB-PUNCH
100
AcDbLine
10
26050
20
40110
30
0
11
26050
21
40190
31
0
0
LINE
5
5CC
330
10E
100
AcDbEntity
8
ST-RB-PUNCH
100
AcDbLine
10
26150
20
40110
30
0
11
26150
21
40190
31
0
0
LINE
5
5CD
330
10E
100
AcDbEntity
8
ST-RB-PUNCH
100
AcDbLine
10
26250
20
40110
30
0
11
26250
21
40190
31
0
0
LINE
5
5CE
330
10E
100
AcDbEntity
8
ST-RB-PUNCH
100
AcDbLine
10
26350
20
40110
30
0
11
26350
21
40190
31
0
0
LINE
5
5CF
330
10E
100
AcDbEntity
8
ST-RB-PUNCH
100
AcDbLine
10
25750
20
40050
30
0
11
26350
21
40050
31
0
0
LINE
5
5D0
330
10E
100
AcDbEntity
8
ST-RB-PUNCH
100
AcDbLine
10
25750
20
40010
30
0
11
25750
21
40090
31
0
0
LINE
5
5D1
330
10E
100
AcDbEntity
8
ST-RB-PUNCH
100
AcDbLine
10
25850
20
40010
30
0
11
25850
21
40090
31
0
0
LINE
5
5D2
330
10E
100
AcDbEntity
8
ST-RB-PUNCH
100
AcDbLine
10
25950
20
40010
30
0
11
25950
21
40090
31
0
0
LINE
5
5D3
330
10E
100
AcDbEntity
8
ST-RB-PUNCH
100
AcDbLine
10
26050
20
40010
30
0
11
26050
21
40090
31
0
0
LINE
5
5D4
330
10E
100
AcDbEntity
8
ST-RB-PUNCH
100
AcDbLine
10
26150
20
40010
30
0
11
26150
21
40090
31
0
0
LINE
5
5D5
330
10E
100
AcDbEntity
8
ST-RB-PUNCH
100
AcDbLine
10
26250
20
40010
30
0
11
26250
21
40090
31
0
0
LINE
5
5D6
330
10E
100
AcDbEntity
8
ST-RB-PUNCH
100
AcDbLine
10
26350
20
40010
30
0
11
26350
21
40090
31
0
0
LINE
5
5D7
330
10E
100
AcDbEntity
8
ST-RB-PUNCH
100
AcDbLine
10
25750
20
39950
30
0
11
26350
21
39950
31
0
0
LINE
5
5D8
330
10E
100
AcDbEntity
8
ST-RB-PUNCH
100
AcDbLine
10
25750
20
39910
30
0
11
25750
21
39990
31
0
0
LINE
5
5D9
330
10E
100
AcDbEntity
8
ST-RB-PUNCH
100
AcDbLine
10
25850
20
39910
30
0
11
25850
21
39990
31
0
0
LINE
5
5DA
330
10E
100
AcDbEntity
8
ST-RB-PUNCH
100
AcDbLine
10
25950
20
39910
30
0
11
25950
21
39990
31
0
0
LINE
5
5DB
330
10E
100
AcDbEntity
8
ST-RB-PUNCH
100
AcDbLine
10
26050
20
39910
30
0
11
26050
21
39990
31
0
0
LINE
5
5DC
330
10E
100
AcDbEntity
8
ST-RB-PUNCH
100
AcDbLine
10
26150
20
39910
30
0
11
26150
21
39990
31
0
0
LINE
5
5DD
330
10E
100
AcDbEntity
8
ST-RB-PUNCH
100
AcDbLine
10
26250
20
39910
30
0
11
26250
21
39990
31
0
0
LINE
5
5DE
330
10E
100
AcDbEntity
8
ST-RB-PUNCH
100
AcDbLine
10
26350
20
39910
30
0
11
26350
21
39990
31
0
0
LINE
5
5DF
330
10E
100
AcDbEntity
8
ST-RB-PUNCH
100
AcDbLine
10
25750
20
39850
30
0
11
26350
21
39850
31
0
0
LINE
5
5E0
330
10E
100
AcDbEntity
8
ST-RB-PUNCH
100
AcDbLine
10
25750
20
39810
30
0
11
25750
21
39890
31
0
0
LINE
5
5E1
330
10E
100
AcDbEntity
8
ST-RB-PUNCH
100
AcDbLine
10
25850
20
39810
30
0
11
25850
21
39890
31
0
0
LINE
5
5E2
330
10E
100
AcDbEntity
8
ST-RB-PUNCH
100
AcDbLine
10
25950
20
39810
30
0
11
25950
21
39890
31
0
0
LINE
5
5E3
330
10E
100
AcDbEntity
8
ST-RB-PUNCH
100
AcDbLine
10
26050
20
39810
30
0
11
26050
21
39890
31
0
0
LINE
5
5E4
330
10E
100
AcDbEntity
8
ST-RB-PUNCH
100
AcDbLine
10
26150
20
39810
30
0
11
26150
21
39890
31
0
0
LINE
5
5E5
330
10E
100
AcDbEntity
8
ST-RB-PUNCH
100
AcDbLine
10
26250
20
39810
30
0
11
26250
21
39890
31
0
0
LINE
5
5E6
330
10E
100
AcDbEntity
8
ST-RB-PUNCH
100
AcDbLine
10
26350
20
39810
30
0
11
26350
21
39890
31
0
0
TEXT
5
5E7
330
10E
100
AcDbEntity
8
ST-RB-TEXT
100
AcDbText
10
26380
20
39750
30
0
40
160
1
5X7-T10-100
7
STANDARD
72
0
100
AcDbText
73
0
0
LINE
5
5E8
330
10E
100
AcDbEntity
8
ST-RB-PUNCH
100
AcDbLine
10
25750
20
41050
30
0
11
26350
21
41050
31
0
0
LINE
5
5E9
330
10E
100
AcDbEntity
8
ST-RB-PUNCH
100
AcDbLine
10
25750
20
41010
30
0
11
25750
21
41090
31
0
0
LINE
5
5EA
330
10E
100
AcDbEntity
8
ST-RB-PUNCH
100
AcDbLine
10
25850
20
41010
30
0
11
25850
21
41090
31
0
0
LINE
5
5EB
330
10E
100
AcDbEntity
8
ST-RB-PUNCH
100
AcDbLine
10
25950
20
41010
30
0
11
25950
21
41090
31
0
0
LINE
5
5EC
330
10E
100
AcDbEntity
8
ST-RB-PUNCH
100
AcDbLine
10
26050
20
41010
30
0
11
26050
21
41090
31
0
0
LINE
5
5ED
330
10E
100
AcDbEntity
8
ST-RB-PUNCH
100
AcDbLine
10
26150
20
41010
30
0
11
26150
21
41090
31
0
0
LINE
5
5EE
330
10E
100
AcDbEntity
8
ST-RB-PUNCH
100
AcDbLine
10
26250
20
41010
30
0
11
26250
21
41090
31
0
0
LINE
5
5EF
330
10E
100
AcDbEntity
8
ST-RB-PUNCH
100
AcDbLine
10
26350
20
41010
30
0
11
26350
21
41090
31
0
0
LINE
5
5F0
330
10E
100
AcDbEntity
8
ST-RB-PUNCH
100
AcDbLine
10
25750
20
41150
30
0
11
26350
21
41150
31
0
0
LINE
5
5F1
330
10E
100
AcDbEntity
8
ST-RB-PUNCH
100
AcDbLine
10
25750
20
41110
30
0
11
25750
21
41190
31
0
0
LINE
5
5F2
330
10E
100
AcDbEntity
8
ST-RB-PUNCH
100
AcDbLine
10
25850
20
41110
30
0
11
25850
21
41190
31
0
0
LINE
5
5F3
330
10E
100
AcDbEntity
8
ST-RB-PUNCH
100
AcDbLine
10
25950
20
41110
30
0
11
25950
21
41190
31
0
0
LINE
5
5F4
330
10E
100
AcDbEntity
8
ST-RB-PUNCH
100
AcDbLine
10
26050
20
41110
30
0
11
26050
21
41190
31
0
0
LINE
5
5F5
330
10E
100
AcDbEntity
8
ST-RB-PUNCH
100
AcDbLine
10
26150
20
41110
30
0
11
26150
21
41190
31
0
0
LINE
5
5F6
330
10E
100
AcDbEntity
8
ST-RB-PUNCH
100
AcDbLine
10
26250
20
41110
30
0
11
26250
21
41190
31
0
0
LINE
5
5F7
330
10E
100
AcDbEntity
8
ST-RB-PUNCH
100
AcDbLine
10
26350
20
41110
30
0
11
26350
21
41190
31
0
0
LINE
5
5F8
330
10E
100
AcDbEntity
8
ST-RB-PUNCH
100
AcDbLine
10
25750
20
41250
30
0
11
26350
21
41250
31
0
0
LINE
5
5F9
330
10E
100
AcDbEntity
8
ST-RB-PUNCH
100
AcDbLine
10
25750
20
41210
30
0
11
25750
21
41290
31
0
0
LINE
5
5FA
330
10E
100
AcDbEntity
8
ST-RB-PUNCH
100
AcDbLine
10
25850
20
41210
30
0
11
25850
21
41290
31
0
0
LINE
5
5FB
330
10E
100
AcDbEntity
8
ST-RB-PUNCH
100
AcDbLine
10
25950
20
41210
30
0
11
25950
21
41290
31
0
0
LINE
5
5FC
330
10E
100
AcDbEntity
8
ST-RB-PUNCH
100
AcDbLine
10
26050
20
41210
30
0
11
26050
21
41290
31
0
0
LINE
5
5FD
330
10E
100
AcDbEntity
8
ST-RB-PUNCH
100
AcDbLine
10
26150
20
41210
30
0
11
26150
21
41290
31
0
0
LINE
5
5FE
330
10E
100
AcDbEntity
8
ST-RB-PUNCH
100
AcDbLine
10
26250
20
41210
30
0
11
26250
21
41290
31
0
0
LINE
5
5FF
330
10E
100
AcDbEntity
8
ST-RB-PUNCH
100
AcDbLine
10
26350
20
41210
30
0
11
26350
21
41290
31
0
0
LINE
5
600
330
10E
100
AcDbEntity
8
ST-RB-PUNCH
100
AcDbLine
10
25750
20
41350
30
0
11
26350
21
41350
31
0
0
LINE
5
601
330
10E
100
AcDbEntity
8
ST-RB-PUNCH
100
AcDbLine
10
25750
20
41310
30
0
11
25750
21
41390
31
0
0
LINE
5
602
330
10E
100
AcDbEntity
8
ST-RB-PUNCH
100
AcDbLine
10
25850
20
41310
30
0
11
25850
21
41390
31
0
0
LINE
5
603
330
10E
100
AcDbEntity
8
ST-RB-PUNCH
100
AcDbLine
10
25950
20
41310
30
0
11
25950
21
41390
31
0
0
LINE
5
604
330
10E
100
AcDbEntity
8
ST-RB-PUNCH
100
AcDbLine
10
26050
20
41310
30
0
11
26050
21
41390
31
0
0
LINE
5
605
330
10E
100
AcDbEntity
8
ST-RB-PUNCH
100
AcDbLine
10
26150
20
41310
30
0
11
26150
21
41390
31
0
0
LINE
5
606
330
10E
100
AcDbEntity
8
ST-RB-PUNCH
100
AcDbLine
10
26250
20
41310
30
0
11
26250
21
41390
31
0
0
LINE
5
607
330
10E
100
AcDbEntity
8
ST-RB-PUNCH
100
AcDbLine
10
26350
20
41310
30
0
11
26350
21
41390
31
0
0
LINE
5
608
330
10E
100
AcDbEntity
8
ST-RB-PUNCH
100
AcDbLine
10
25750
20
41450
30
0
11
26350
21
41450
31
0
0
LINE
5
609
330
10E
100
AcDbEntity
8
ST-RB-PUNCH
100
AcDbLine
10
25750
20
41410
30
0
11
25750
21
41490
31
0
0
LINE
5
60A
330
10E
100
AcDbEntity
8
ST-RB-PUNCH
100
AcDbLine
10
25850
20
41410
30
0
11
25850
21
41490
31
0
0
LINE
5
60B
330
10E
100
AcDbEntity
8
ST-RB-PUNCH
100
AcDbLine
10
25950
20
41410
30
0
11
25950
21
41490
31
0
0
LINE
5
60C
330
10E
100
AcDbEntity
8
ST-RB-PUNCH
100
AcDbLine
10
26050
20
41410
30
0
11
26050
21
41490
31
0
0
LINE
5
60D
330
10E
100
AcDbEntity
8
ST-RB-PUNCH
100
AcDbLine
10
26150
20
41410
30
0
11
26150
21
41490
31
0
0
LINE
5
60E
330
10E
100
AcDbEntity
8
ST-RB-PUNCH
100
AcDbLine
10
26250
20
41410
30
0
11
26250
21
41490
31
0
0
LINE
5
60F
330
10E
100
AcDbEntity
8
ST-RB-PUNCH
100
AcDbLine
10
26350
20
41410
30
0
11
26350
21
41490
31
0
0
TEXT
5
610
330
10E
100
AcDbEntity
8
ST-RB-TEXT
100
AcDbText
10
26380
20
41550
30
0
40
160
1
5X7-T10-100
7
STANDARD
72
0
100
AcDbText
73
0
0
TEXT
5
611
330
10E
100
AcDbEntity
8
ST-RB-TYPE
100
AcDbText
10
25600
20
41100
30
0
40
250
1
PS1
7
STANDARD
72
2
11
25600
21
41100
31
0
100
AcDbText
73
0
0
LINE
5
612
330
10E
100
AcDbEntity
8
ST-RB-PUNCH
100
AcDbLine
10
33150
20
40350
30
0
11
33150
21
40950
31
0
0
LINE
5
613
330
10E
100
AcDbEntity
8
ST-RB-PUNCH
100
AcDbLine
10
33110
20
40350
30
0
11
33190
21
40350
31
0
0
LINE
5
614
330
10E
100
AcDbEntity
8
ST-RB-PUNCH
100
AcDbLine
10
33110
20
40450
30
0
11
33190
21
40450
31
0
0
LINE
5
615
330
10E
100
AcDbEntity
8
ST-RB-PUNCH
100
AcDbLine
10
33110
20
40550
30
0
11
33190
21
40550
31
0
0
LINE
5
616
330
10E
100
AcDbEntity
8
ST-RB-PUNCH
100
AcDbLine
10
33110
20
40650
30
0
11
33190
21
40650
31
0
0
LINE
5
617
330
10E
100
AcDbEntity
8
ST-RB-PUNCH
100
AcDbLine
10
33110
20
40750
30
0
11
33190
21
40750
31
0
0
LINE
5
618
330
10E
100
AcDbEntity
8
ST-RB-PUNCH
100
AcDbLine
10
33110
20
40850
30
0
11
33190
21
40850
31
0
0
LINE
5
619
330
10E
100
AcDbEntity
8
ST-RB-PUNCH
100
AcDbLine
10
33110
20
40950
30
0
11
33190
21
40950
31
0
0
LINE
5
61A
330
10E
100
AcDbEntity
8
ST-RB-PUNCH
100
AcDbLine
10
33050
20
40350
30
0
11
33050
21
40950
31
0
0
LINE
5
61B
330
10E
100
AcDbEntity
8
ST-RB-PUNCH
100
AcDbLine
10
33010
20
40350
30
0
11
33090
21
40350
31
0
0
LINE
5
61C
330
10E
100
AcDbEntity
8
ST-RB-PUNCH
100
AcDbLine
10
33010
20
40450
30
0
11
33090
21
40450
31
0
0
LINE
5
61D
330
10E
100
AcDbEntity
8
ST-RB-PUNCH
100
AcDbLine
10
33010
20
40550
30
0
11
33090
21
40550
31
0
0
LINE
5
61E
330
10E
100
AcDbEntity
8
ST-RB-PUNCH
100
AcDbLine
10
33010
20
40650
30
0
11
33090
21
40650
31
0
0
LINE
5
61F
330
10E
100
AcDbEntity
8
ST-RB-PUNCH
100
AcDbLine
10
33010
20
40750
30
0
11
33090
21
40750
31
0
0
LINE
5
620
330
10E
100
AcDbEntity
8
ST-RB-PUNCH
100
AcDbLine
10
33010
20
40850
30
0
11
33090
21
40850
31
0
0
LINE
5
621
330
10E
100
AcDbEntity
8
ST-RB-PUNCH
100
AcDbLine
10
33010
20
40950
30
0
11
33090
21
40950
31
0
0
LINE
5
622
330
10E
100
AcDbEntity
8
ST-RB-PUNCH
100
AcDbLine
10
32950
20
40350
30
0
11
32950
21
40950
31
0
0
LINE
5
623
330
10E
100
AcDbEntity
8
ST-RB-PUNCH
100
AcDbLine
10
32910
20
40350
30
0
11
32990
21
40350
31
0
0
LINE
5
624
330
10E
100
AcDbEntity
8
ST-RB-PUNCH
100
AcDbLine
10
32910
20
40450
30
0
11
32990
21
40450
31
0
0
LINE
5
625
330
10E
100
AcDbEntity
8
ST-RB-PUNCH
100
AcDbLine
10
32910
20
40550
30
0
11
32990
21
40550
31
0
0
LINE
5
626
330
10E
100
AcDbEntity
8
ST-RB-PUNCH
100
AcDbLine
10
32910
20
40650
30
0
11
32990
21
40650
31
0
0
LINE
5
627
330
10E
100
AcDbEntity
8
ST-RB-PUNCH
100
AcDbLine
10
32910
20
40750
30
0
11
32990
21
40750
31
0
0
LINE
5
628
330
10E
100
AcDbEntity
8
ST-RB-PUNCH
100
AcDbLine
10
32910
20
40850
30
0
11
32990
21
40850
31
0
0
LINE
5
629
330
10E
100
AcDbEntity
8
ST-RB-PUNCH
100
AcDbLine
10
32910
20
40950
30
0
11
32990
21
40950
31
0
0
LINE
5
62A
330
10E
100
AcDbEntity
8
ST-RB-PUNCH
100
AcDbLine
10
32850
20
40350
30
0
11
32850
21
40950
31
0
0
LINE
5
62B
330
10E
100
AcDbEntity
8
ST-RB-PUNCH
100
AcDbLine
10
32810
20
40350
30
0
11
32890
21
40350
31
0
0
LINE
5
62C
330
10E
100
AcDbEntity
8
ST-RB-PUNCH
100
AcDbLine
10
32810
20
40450
30
0
11
32890
21
40450
31
0
0
LINE
5
62D
330
10E
100
AcDbEntity
8
ST-RB-PUNCH
100
AcDbLine
10
32810
20
40550
30
0
11
32890
21
40550
31
0
0
LINE
5
62E
330
10E
100
AcDbEntity
8
ST-RB-PUNCH
100
AcDbLine
10
32810
20
40650
30
0
11
32890
21
40650
31
0
0
LINE
5
62F
330
10E
100
AcDbEntity
8
ST-RB-PUNCH
100
AcDbLine
10
32810
20
40750
30
0
11
32890
21
40750
31
0
0
LINE
5
630
330
10E
100
AcDbEntity
8
ST-RB-PUNCH
100
AcDbLine
10
32810
20
40850
30
0
11
32890
21
40850
31
0
0
LINE
5
631
330
10E
100
AcDbEntity
8
ST-RB-PUNCH
100
AcDbLine
10
32810
20
40950
30
0
11
32890
21
40950
31
0
0
LINE
5
632
330
10E
100
AcDbEntity
8
ST-RB-PUNCH
100
AcDbLine
10
32750
20
40350
30
0
11
32750
21
40950
31
0
0
LINE
5
633
330
10E
100
AcDbEntity
8
ST-RB-PUNCH
100
AcDbLine
10
32710
20
40350
30
0
11
32790
21
40350
31
0
0
LINE
5
634
330
10E
100
AcDbEntity
8
ST-RB-PUNCH
100
AcDbLine
10
32710
20
40450
30
0
11
32790
21
40450
31
0
0
LINE
5
635
330
10E
100
AcDbEntity
8
ST-RB-PUNCH
100
AcDbLine
10
32710
20
40550
30
0
11
32790
21
40550
31
0
0
LINE
5
636
330
10E
100
AcDbEntity
8
ST-RB-PUNCH
100
AcDbLine
10
32710
20
40650
30
0
11
32790
21
40650
31
0
0
LINE
5
637
330
10E
100
AcDbEntity
8
ST-RB-PUNCH
100
AcDbLine
10
32710
20
40750
30
0
11
32790
21
40750
31
0
0
LINE
5
638
330
10E
100
AcDbEntity
8
ST-RB-PUNCH
100
AcDbLine
10
32710
20
40850
30
0
11
32790
21
40850
31
0
0
LINE
5
639
330
10E
100
AcDbEntity
8
ST-RB-PUNCH
100
AcDbLine
10
32710
20
40950
30
0
11
32790
21
40950
31
0
0
TEXT
5
63A
330
10E
100
AcDbEntity
8
ST-RB-TEXT
100
AcDbText
10
32620
20
40980
30
0
40
160
1
5X7-T10-100
50
90
7
STANDARD
72
0
100
AcDbText
73
0
0
LINE
5
63B
330
10E
100
AcDbEntity
8
ST-RB-PUNCH
100
AcDbLine
10
33950
20
40350
30
0
11
33950
21
40950
31
0
0
LINE
5
63C
330
10E
100
AcDbEntity
8
ST-RB-PUNCH
100
AcDbLine
10
33910
20
40350
30
0
11
33990
21
40350
31
0
0
LINE
5
63D
330
10E
100
AcDbEntity
8
ST-RB-PUNCH
100
AcDbLine
10
33910
20
40450
30
0
11
33990
21
40450
31
0
0
LINE
5
63E
330
10E
100
AcDbEntity
8
ST-RB-PUNCH
100
AcDbLine
10
33910
20
40550
30
0
11
33990
21
40550
31
0
0
LINE
5
63F
330
10E
100
AcDbEntity
8
ST-RB-PUNCH
100
AcDbLine
10
33910
20
40650
30
0
11
33990
21
40650
31
0
0
LINE
5
640
330
10E
100
AcDbEntity
8
ST-RB-PUNCH
100
AcDbLine
10
33910
20
40750
30
0
11
33990
21
40750
31
0
0
LINE
5
641
330
10E
100
AcDbEntity
8
ST-RB-PUNCH
100
AcDbLine
10
33910
20
40850
30
0
11
33990
21
40850
31
0
0
LINE
5
642
330
10E
100
AcDbEntity
8
ST-RB-PUNCH
100
AcDbLine
10
33910
20
40950
30
0
11
33990
21
40950
31
0
0
LINE
5
643
330
10E
100
AcDbEntity
8
ST-RB-PUNCH
100
AcDbLine
10
34050
20
40350
30
0
11
34050
21
40950
31
0
0
LINE
5
644
330
10E
100
AcDbEntity
8
ST-RB-PUNCH
100
AcDbLine
10
34010
20
40350
30
0
11
34090
21
40350
31
0
0
LINE
5
645
330
10E
100
AcDbEntity
8
ST-RB-PUNCH
100
AcDbLine
10
34010
20
40450
30
0
11
34090
21
40450
31
0
0
LINE
5
646
330
10E
100
AcDbEntity
8
ST-RB-PUNCH
100
AcDbLine
10
34010
20
40550
30
0
11
34090
21
40550
31
0
0
LINE
5
647
330
10E
100
AcDbEntity
8
ST-RB-PUNCH
100
AcDbLine
10
34010
20
40650
30
0
11
34090
21
40650
31
0
0
LINE
5
648
330
10E
100
AcDbEntity
8
ST-RB-PUNCH
100
AcDbLine
10
34010
20
40750
30
0
11
34090
21
40750
31
0
0
LINE
5
649
330
10E
100
AcDbEntity
8
ST-RB-PUNCH
100
AcDbLine
10
34010
20
40850
30
0
11
34090
21
40850
31
0
0
LINE
5
64A
330
10E
100
AcDbEntity
8
ST-RB-PUNCH
100
AcDbLine
10
34010
20
40950
30
0
11
34090
21
40950
31
0
0
LINE
5
64B
330
10E
100
AcDbEntity
8
ST-RB-PUNCH
100
AcDbLine
10
34150
20
40350
30
0
11
34150
21
40950
31
0
0
LINE
5
64C
330
10E
100
AcDbEntity
8
ST-RB-PUNCH
100
AcDbLine
10
34110
20
40350
30
0
11
34190
21
40350
31
0
0
LINE
5
64D
330
10E
100
AcDbEntity
8
ST-RB-PUNCH
100
AcDbLine
10
34110
20
40450
30
0
11
34190
21
40450
31
0
0
LINE
5
64E
330
10E
100
AcDbEntity
8
ST-RB-PUNCH
100
AcDbLine
10
34110
20
40550
30
0
11
34190
21
40550
31
0
0
LINE
5
64F
330
10E
100
AcDbEntity
8
ST-RB-PUNCH
100
AcDbLine
10
34110
20
40650
30
0
11
34190
21
40650
31
0
0
LINE
5
650
330
10E
100
AcDbEntity
8
ST-RB-PUNCH
100
AcDbLine
10
34110
20
40750
30
0
11
34190
21
40750
31
0
0
LINE
5
651
330
10E
100
AcDbEntity
8
ST-RB-PUNCH
100
AcDbLine
10
34110
20
40850
30
0
11
34190
21
40850
31
0
0
LINE
5
652
330
10E
100
AcDbEntity
8
ST-RB-PUNCH
100
AcDbLine
10
34110
20
40950
30
0
11
34190
21
40950
31
0
0
LINE
5
653
330
10E
100
AcDbEntity
8
ST-RB-PUNCH
100
AcDbLine
10
34250
20
40350
30
0
11
34250
21
40950
31
0
0
LINE
5
654
330
10E
100
AcDbEntity
8
ST-RB-PUNCH
100
AcDbLine
10
34210
20
40350
30
0
11
34290
21
40350
31
0
0
LINE
5
655
330
10E
100
AcDbEntity
8
ST-RB-PUNCH
100
AcDbLine
10
34210
20
40450
30
0
11
34290
21
40450
31
0
0
LINE
5
656
330
10E
100
AcDbEntity
8
ST-RB-PUNCH
100
AcDbLine
10
34210
20
40550
30
0
11
34290
21
40550
31
0
0
LINE
5
657
330
10E
100
AcDbEntity
8
ST-RB-PUNCH
100
AcDbLine
10
34210
20
40650
30
0
11
34290
21
40650
31
0
0
LINE
5
658
330
10E
100
AcDbEntity
8
ST-RB-PUNCH
100
AcDbLine
10
34210
20
40750
30
0
11
34290
21
40750
31
0
0
LINE
5
659
330
10E
100
AcDbEntity
8
ST-RB-PUNCH
100
AcDbLine
10
34210
20
40850
30
0
11
34290
21
40850
31
0
0
LINE
5
65A
330
10E
100
AcDbEntity
8
ST-RB-PUNCH
100
AcDbLine
10
34210
20
40950
30
0
11
34290
21
40950
31
0
0
LINE
5
65B
330
10E
100
AcDbEntity
8
ST-RB-PUNCH
100
AcDbLine
10
34350
20
40350
30
0
11
34350
21
40950
31
0
0
LINE
5
65C
330
10E
100
AcDbEntity
8
ST-RB-PUNCH
100
AcDbLine
10
34310
20
40350
30
0
11
34390
21
40350
31
0
0
LINE
5
65D
330
10E
100
AcDbEntity
8
ST-RB-PUNCH
100
AcDbLine
10
34310
20
40450
30
0
11
34390
21
40450
31
0
0
LINE
5
65E
330
10E
100
AcDbEntity
8
ST-RB-PUNCH
100
AcDbLine
10
34310
20
40550
30
0
11
34390
21
40550
31
0
0
LINE
5
65F
330
10E
100
AcDbEntity
8
ST-RB-PUNCH
100
AcDbLine
10
34310
20
40650
30
0
11
34390
21
40650
31
0
0
LINE
5
660
330
10E
100
AcDbEntity
8
ST-RB-PUNCH
100
AcDbLine
10
34310
20
40750
30
0
11
34390
21
40750
31
0
0
LINE
5
661
330
10E
100
AcDbEntity
8
ST-RB-PUNCH
100
AcDbLine
10
34310
20
40850
30
0
11
34390
21
40850
31
0
0
LINE
5
662
330
10E
100
AcDbEntity
8
ST-RB-PUNCH
100
AcDbLine
10
34310
20
40950
30
0
11
34390
21
40950
31
0
0
TEXT
5
663
330
10E
100
AcDbEntity
8
ST-RB-TEXT
100
AcDbText
10
34480
20
40980
30
0
40
160
1
5X7-T10-100
50
90
7
STANDARD
72
0
100
AcDbText
73
0
0
LINE
5
664
330
10E
100
AcDbEntity
8
ST-RB-PUNCH
100
AcDbLine
10
33250
20
40250
30
0
11
33850
21
40250
31
0
0
LINE
5
665
330
10E
100
AcDbEntity
8
ST-RB-PUNCH
100
AcDbLine
10
33250
20
40210
30
0
11
33250
21
40290
31
0
0
LINE
5
666
330
10E
100
AcDbEntity
8
ST-RB-PUNCH
100
AcDbLine
10
33350
20
40210
30
0
11
33350
21
40290
31
0
0
LINE
5
667
330
10E
100
AcDbEntity
8
ST-RB-PUNCH
100
AcDbLine
10
33450
20
40210
30
0
11
33450
21
40290
31
0
0
LINE
5
668
330
10E
100
AcDbEntity
8
ST-RB-PUNCH
100
AcDbLine
10
33550
20
40210
30
0
11
33550
21
40290
31
0
0
LINE
5
669
330
10E
100
AcDbEntity
8
ST-RB-PUNCH
100
AcDbLine
10
33650
20
40210
30
0
11
33650
21
40290
31
0
0
LINE
5
66A
330
10E
100
AcDbEntity
8
ST-RB-PUNCH
100
AcDbLine
10
33750
20
40210
30
0
11
33750
21
40290
31
0
0
LINE
5
66B
330
10E
100
AcDbEntity
8
ST-RB-PUNCH
100
AcDbLine
10
33850
20
40210
30
0
11
33850
21
40290
31
0
0
LINE
5
66C
330
10E
100
AcDbEntity
8
ST-RB-PUNCH
100
AcDbLine
10
33250
20
40150
30
0
11
33850
21
40150
31
0
0
LINE
5
66D
330
10E
100
AcDbEntity
8
ST-RB-PUNCH
100
AcDbLine
10
33250
20
40110
30
0
11
33250
21
40190
31
0
0
LINE
5
66E
330
10E
100
AcDbEntity
8
ST-RB-PUNCH
100
AcDbLine
10
33350
20
40110
30
0
11
33350
21
40190
31
0
0
LINE
5
66F
330
10E
100
AcDbEntity
8
ST-RB-PUNCH
100
AcDbLine
10
33450
20
40110
30
0
11
33450
21
40190
31
0
0
LINE
5
670
330
10E
100
AcDbEntity
8
ST-RB-PUNCH
100
AcDbLine
10
33550
20
40110
30
0
11
33550
21
40190
31
0
0
LINE
5
671
330
10E
100
AcDbEntity
8
ST-RB-PUNCH
100
AcDbLine
10
33650
20
40110
30
0
11
33650
21
40190
31
0
0
LINE
5
672
330
10E
100
AcDbEntity
8
ST-RB-PUNCH
100
AcDbLine
10
33750
20
40110
30
0
11
33750
21
40190
31
0
0
LINE
5
673
330
10E
100
AcDbEntity
8
ST-RB-PUNCH
100
AcDbLine
10
33850
20
40110
30
0
11
33850
21
40190
31
0
0
LINE
5
674
330
10E
100
AcDbEntity
8
ST-RB-PUNCH
100
AcDbLine
10
33250
20
40050
30
0
11
33850
21
40050
31
0
0
LINE
5
675
330
10E
100
AcDbEntity
8
ST-RB-PUNCH
100
AcDbLine
10
33250
20
40010
30
0
11
33250
21
40090
31
0
0
LINE
5
676
330
10E
100
AcDbEntity
8
ST-RB-PUNCH
100
AcDbLine
10
33350
20
40010
30
0
11
33350
21
40090
31
0
0
LINE
5
677
330
10E
100
AcDbEntity
8
ST-RB-PUNCH
100
AcDbLine
10
33450
20
40010
30
0
11
33450
21
40090
31
0
0
LINE
5
678
330
10E
100
AcDbEntity
8
ST-RB-PUNCH
100
AcDbLine
10
33550
20
40010
30
0
11
33550
21
40090
31
0
0
LINE
5
679
330
10E
100
AcDbEntity
8
ST-RB-PUNCH
100
AcDbLine
10
33650
20
40010
30
0
11
33650
21
40090
31
0
0
LINE
5
67A
330
10E
100
AcDbEntity
8
ST-RB-PUNCH
100
AcDbLine
10
33750
20
40010
30
0
11
33750
21
40090
31
0
0
LINE
5
67B
330
10E
100
AcDbEntity
8
ST-RB-PUNCH
100
AcDbLine
10
33850
20
40010
30
0
11
33850
21
40090
31
0
0
LINE
5
67C
330
10E
100
AcDbEntity
8
ST-RB-PUNCH
100
AcDbLine
10
33250
20
39950
30
0
11
33850
21
39950
31
0
0
LINE
5
67D
330
10E
100
AcDbEntity
8
ST-RB-PUNCH
100
AcDbLine
10
33250
20
39910
30
0
11
33250
21
39990
31
0
0
LINE
5
67E
330
10E
100
AcDbEntity
8
ST-RB-PUNCH
100
AcDbLine
10
33350
20
39910
30
0
11
33350
21
39990
31
0
0
LINE
5
67F
330
10E
100
AcDbEntity
8
ST-RB-PUNCH
100
AcDbLine
10
33450
20
39910
30
0
11
33450
21
39990
31
0
0
LINE
5
680
330
10E
100
AcDbEntity
8
ST-RB-PUNCH
100
AcDbLine
10
33550
20
39910
30
0
11
33550
21
39990
31
0
0
LINE
5
681
330
10E
100
AcDbEntity
8
ST-RB-PUNCH
100
AcDbLine
10
33650
20
39910
30
0
11
33650
21
39990
31
0
0
LINE
5
682
330
10E
100
AcDbEntity
8
ST-RB-PUNCH
100
AcDbLine
10
33750
20
39910
30
0
11
33750
21
39990
31
0
0
LINE
5
683
330
10E
100
AcDbEntity
8
ST-RB-PUNCH
100
AcDbLine
10
33850
20
39910
30
0
11
33850
21
39990
31
0
0
LINE
5
684
330
10E
100
AcDbEntity
8
ST-RB-PUNCH
100
AcDbLine
10
33250
20
39850
30
0
11
33850
21
39850
31
0
0
LINE
5
685
330
10E
100
AcDbEntity
8
ST-RB-PUNCH
100
AcDbLine
10
33250
20
39810
30
0
11
33250
21
39890
31
0
0
LINE
5
686
330
10E
100
AcDbEntity
8
ST-RB-PUNCH
100
AcDbLine
10
33350
20
39810
30
0
11
33350
21
39890
31
0
0
LINE
5
687
330
10E
100
AcDbEntity
8
ST-RB-PUNCH
100
AcDbLine
10
33450
20
39810
30
0
11
33450
21
39890
31
0
0
LINE
5
688
330
10E
100
AcDbEntity
8
ST-RB-PUNCH
100
AcDbLine
10
33550
20
39810
30
0
11
33550
21
39890
31
0
0
LINE
5
689
330
10E
100
AcDbEntity
8
ST-RB-PUNCH
100
AcDbLine
10
33650
20
39810
30
0
11
33650
21
39890
31
0
0
LINE
5
68A
330
10E
100
AcDbEntity
8
ST-RB-PUNCH
100
AcDbLine
10
33750
20
39810
30
0
11
33750
21
39890
31
0
0
LINE
5
68B
330
10E
100
AcDbEntity
8
ST-RB-PUNCH
100
AcDbLine
10
33850
20
39810
30
0
11
33850
21
39890
31
0
0
TEXT
5
68C
330
10E
100
AcDbEntity
8
ST-RB-TEXT
100
AcDbText
10
33880
20
39750
30
0
40
160
1
5X7-T10-100
7
STANDARD
72
0
100
AcDbText
73
0
0
LINE
5
68D
330
10E
100
AcDbEntity
8
ST-RB-PUNCH
100
AcDbLine
10
33250
20
41050
30
0
11
33850
21
41050
31
0
0
LINE
5
68E
330
10E
100
AcDbEntity
8
ST-RB-PUNCH
100
AcDbLine
10
33250
20
41010
30
0
11
33250
21
41090
31
0
0
LINE
5
68F
330
10E
100
AcDbEntity
8
ST-RB-PUNCH
100
AcDbLine
10
33350
20
41010
30
0
11
33350
21
41090
31
0
0
LINE
5
690
330
10E
100
AcDbEntity
8
ST-RB-PUNCH
100
AcDbLine
10
33450
20
41010
30
0
11
33450
21
41090
31
0
0
LINE
5
691
330
10E
100
AcDbEntity
8
ST-RB-PUNCH
100
AcDbLine
10
33550
20
41010
30
0
11
33550
21
41090
31
0
0
LINE
5
692
330
10E
100
AcDbEntity
8
ST-RB-PUNCH
100
AcDbLine
10
33650
20
41010
30
0
11
33650
21
41090
31
0
0
LINE
5
693
330
10E
100
AcDbEntity
8
ST-RB-PUNCH
100
AcDbLine
10
33750
20
41010
30
0
11
33750
21
41090
31
0
0
LINE
5
694
330
10E
100
AcDbEntity
8
ST-RB-PUNCH
100
AcDbLine
10
33850
20
41010
30
0
11
33850
21
41090
31
0
0
LINE
5
695
330
10E
100
AcDbEntity
8
ST-RB-PUNCH
100
AcDbLine
10
33250
20
41150
30
0
11
33850
21
41150
31
0
0
LINE
5
696
330
10E
100
AcDbEntity
8
ST-RB-PUNCH
100
AcDbLine
10
33250
20
41110
30
0
11
33250
21
41190
31
0
0
LINE
5
697
330
10E
100
AcDbEntity
8
ST-RB-PUNCH
100
AcDbLine
10
33350
20
41110
30
0
11
33350
21
41190
31
0
0
LINE
5
698
330
10E
100
AcDbEntity
8
ST-RB-PUNCH
100
AcDbLine
10
33450
20
41110
30
0
11
33450
21
41190
31
0
0
LINE
5
699
330
10E
100
AcDbEntity
8
ST-RB-PUNCH
100
AcDbLine
10
33550
20
41110
30
0
11
33550
21
41190
31
0
0
LINE
5
69A
330
10E
100
AcDbEntity
8
ST-RB-PUNCH
100
AcDbLine
10
33650
20
41110
30
0
11
33650
21
41190
31
0
0
LINE
5
69B
330
10E
100
AcDbEntity
8
ST-RB-PUNCH
100
AcDbLine
10
33750
20
41110
30
0
11
33750
21
41190
31
0
0
LINE
5
69C
330
10E
100
AcDbEntity
8
ST-RB-PUNCH
100
AcDbLine
10
33850
20
41110
30
0
11
33850
21
41190
31
0
0
LINE
5
69D
330
10E
100
AcDbEntity
8
ST-RB-PUNCH
100
AcDbLine
10
33250
20
41250
30
0
11
33850
21
41250
31
0
0
LINE
5
69E
330
10E
100
AcDbEntity
8
ST-RB-PUNCH
100
AcDbLine
10
33250
20
41210
30
0
11
33250
21
41290
31
0
0
LINE
5
69F
330
10E
100
AcDbEntity
8
ST-RB-PUNCH
100
AcDbLine
10
33350
20
41210
30
0
11
33350
21
41290
31
0
0
LINE
5
6A0
330
10E
100
AcDbEntity
8
ST-RB-PUNCH
100
AcDbLine
10
33450
20
41210
30
0
11
33450
21
41290
31
0
0
LINE
5
6A1
330
10E
100
AcDbEntity
8
ST-RB-PUNCH
100
AcDbLine
10
33550
20
41210
30
0
11
33550
21
41290
31
0
0
LINE
5
6A2
330
10E
100
AcDbEntity
8
ST-RB-PUNCH
100
AcDbLine
10
33650
20
41210
30
0
11
33650
21
41290
31
0
0
LINE
5
6A3
330
10E
100
AcDbEntity
8
ST-RB-PUNCH
100
AcDbLine
10
33750
20
41210
30
0
11
33750
21
41290
31
0
0
LINE
5
6A4
330
10E
100
AcDbEntity
8
ST-RB-PUNCH
100
AcDbLine
10
33850
20
41210
30
0
11
33850
21
41290
31
0
0
LINE
5
6A5
330
10E
100
AcDbEntity
8
ST-RB-PUNCH
100
AcDbLine
10
33250
20
41350
30
0
11
33850
21
41350
31
0
0
LINE
5
6A6
330
10E
100
AcDbEntity
8
ST-RB-PUNCH
100
AcDbLine
10
33250
20
41310
30
0
11
33250
21
41390
31
0
0
LINE
5
6A7
330
10E
100
AcDbEntity
8
ST-RB-PUNCH
100
AcDbLine
10
33350
20
41310
30
0
11
33350
21
41390
31
0
0
LINE
5
6A8
330
10E
100
AcDbEntity
8
ST-RB-PUNCH
100
AcDbLine
10
33450
20
41310
30
0
11
33450
21
41390
31
0
0
LINE
5
6A9
330
10E
100
AcDbEntity
8
ST-RB-PUNCH
100
AcDbLine
10
33550
20
41310
30
0
11
33550
21
41390
31
0
0
LINE
5
6AA
330
10E
100
AcDbEntity
8
ST-RB-PUNCH
100
AcDbLine
10
33650
20
41310
30
0
11
33650
21
41390
31
0
0
LINE
5
6AB
330
10E
100
AcDbEntity
8
ST-RB-PUNCH
100
AcDbLine
10
33750
20
41310
30
0
11
33750
21
41390
31
0
0
LINE
5
6AC
330
10E
100
AcDbEntity
8
ST-RB-PUNCH
100
AcDbLine
10
33850
20
41310
30
0
11
33850
21
41390
31
0
0
LINE
5
6AD
330
10E
100
AcDbEntity
8
ST-RB-PUNCH
100
AcDbLine
10
33250
20
41450
30
0
11
33850
21
41450
31
0
0
LINE
5
6AE
330
10E
100
AcDbEntity
8
ST-RB-PUNCH
100
AcDbLine
10
33250
20
41410
30
0
11
33250
21
41490
31
0
0
LINE
5
6AF
330
10E
100
AcDbEntity
8
ST-RB-PUNCH
100
AcDbLine
10
33350
20
41410
30
0
11
33350
21
41490
31
0
0
LINE
5
6B0
330
10E
100
AcDbEntity
8
ST-RB-PUNCH
100
AcDbLine
10
33450
20
41410
30
0
11
33450
21
41490
31
0
0
LINE
5
6B1
330
10E
100
AcDbEntity
8
ST-RB-PUNCH
100
AcDbLine
10
33550
20
41410
30
0
11
33550
21
41490
31
0
0
LINE
5
6B2
330
10E
100
AcDbEntity
8
ST-RB-PUNCH
100
AcDbLine
10
33650
20
41410
30
0
11
33650
21
41490
31
0
0
LINE
5
6B3
330
10E
100
AcDbEntity
8
ST-RB-PUNCH
100
AcDbLine
10
33750
20
41410
30
0
11
33750
21
41490
31
0
0
LINE
5
6B4
330
10E
100
AcDbEntity
8
ST-RB-PUNCH
100
AcDbLine
10
33850
20
41410
30
0
11
33850
21
41490
31
0
0
TEXT
5
6B5
330
10E
100
AcDbEntity
8
ST-RB-TEXT
100
AcDbText
10
33880
20
41550
30
0
40
160
1
5X7-T10-100
7
STANDARD
72
0
100
AcDbText
73
0
0
TEXT
5
6B6
330
10E
100
AcDbEntity
8
ST-RB-TYPE
100
AcDbText
10
33100
20
41100
30
0
40
250
1
PS1
7
STANDARD
72
2
11
33100
21
41100
31
0
100
AcDbText
73
0
0
LINE
5
6B7
330
10E
100
AcDbEntity
8
ST-RB-PUNCH
100
AcDbLine
10
40650
20
40350
30
0
11
40650
21
40950
31
0
0
LINE
5
6B8
330
10E
100
AcDbEntity
8
ST-RB-PUNCH
100
AcDbLine
10
40610
20
40350
30
0
11
40690
21
40350
31
0
0
LINE
5
6B9
330
10E
100
AcDbEntity
8
ST-RB-PUNCH
100
AcDbLine
10
40610
20
40450
30
0
11
40690
21
40450
31
0
0
LINE
5
6BA
330
10E
100
AcDbEntity
8
ST-RB-PUNCH
100
AcDbLine
10
40610
20
40550
30
0
11
40690
21
40550
31
0
0
LINE
5
6BB
330
10E
100
AcDbEntity
8
ST-RB-PUNCH
100
AcDbLine
10
40610
20
40650
30
0
11
40690
21
40650
31
0
0
LINE
5
6BC
330
10E
100
AcDbEntity
8
ST-RB-PUNCH
100
AcDbLine
10
40610
20
40750
30
0
11
40690
21
40750
31
0
0
LINE
5
6BD
330
10E
100
AcDbEntity
8
ST-RB-PUNCH
100
AcDbLine
10
40610
20
40850
30
0
11
40690
21
40850
31
0
0
LINE
5
6BE
330
10E
100
AcDbEntity
8
ST-RB-PUNCH
100
AcDbLine
10
40610
20
40950
30
0
11
40690
21
40950
31
0
0
LINE
5
6BF
330
10E
100
AcDbEntity
8
ST-RB-PUNCH
100
AcDbLine
10
40550
20
40350
30
0
11
40550
21
40950
31
0
0
LINE
5
6C0
330
10E
100
AcDbEntity
8
ST-RB-PUNCH
100
AcDbLine
10
40510
20
40350
30
0
11
40590
21
40350
31
0
0
LINE
5
6C1
330
10E
100
AcDbEntity
8
ST-RB-PUNCH
100
AcDbLine
10
40510
20
40450
30
0
11
40590
21
40450
31
0
0
LINE
5
6C2
330
10E
100
AcDbEntity
8
ST-RB-PUNCH
100
AcDbLine
10
40510
20
40550
30
0
11
40590
21
40550
31
0
0
LINE
5
6C3
330
10E
100
AcDbEntity
8
ST-RB-PUNCH
100
AcDbLine
10
40510
20
40650
30
0
11
40590
21
40650
31
0
0
LINE
5
6C4
330
10E
100
AcDbEntity
8
ST-RB-PUNCH
100
AcDbLine
10
40510
20
40750
30
0
11
40590
21
40750
31
0
0
LINE
5
6C5
330
10E
100
AcDbEntity
8
ST-RB-PUNCH
100
AcDbLine
10
40510
20
40850
30
0
11
40590
21
40850
31
0
0
LINE
5
6C6
330
10E
100
AcDbEntity
8
ST-RB-PUNCH
100
AcDbLine
10
40510
20
40950
30
0
11
40590
21
40950
31
0
0
LINE
5
6C7
330
10E
100
AcDbEntity
8
ST-RB-PUNCH
100
AcDbLine
10
40450
20
40350
30
0
11
40450
21
40950
31
0
0
LINE
5
6C8
330
10E
100
AcDbEntity
8
ST-RB-PUNCH
100
AcDbLine
10
40410
20
40350
30
0
11
40490
21
40350
31
0
0
LINE
5
6C9
330
10E
100
AcDbEntity
8
ST-RB-PUNCH
100
AcDbLine
10
40410
20
40450
30
0
11
40490
21
40450
31
0
0
LINE
5
6CA
330
10E
100
AcDbEntity
8
ST-RB-PUNCH
100
AcDbLine
10
40410
20
40550
30
0
11
40490
21
40550
31
0
0
LINE
5
6CB
330
10E
100
AcDbEntity
8
ST-RB-PUNCH
100
AcDbLine
10
40410
20
40650
30
0
11
40490
21
40650
31
0
0
LINE
5
6CC
330
10E
100
AcDbEntity
8
ST-RB-PUNCH
100
AcDbLine
10
40410
20
40750
30
0
11
40490
21
40750
31
0
0
LINE
5
6CD
330
10E
100
AcDbEntity
8
ST-RB-PUNCH
100
AcDbLine
10
40410
20
40850
30
0
11
40490
21
40850
31
0
0
LINE
5
6CE
330
10E
100
AcDbEntity
8
ST-RB-PUNCH
100
AcDbLine
10
40410
20
40950
30
0
11
40490
21
40950
31
0
0
LINE
5
6CF
330
10E
100
AcDbEntity
8
ST-RB-PUNCH
100
AcDbLine
10
40350
20
40350
30
0
11
40350
21
40950
31
0
0
LINE
5
6D0
330
10E
100
AcDbEntity
8
ST-RB-PUNCH
100
AcDbLine
10
40310
20
40350
30
0
11
40390
21
40350
31
0
0
LINE
5
6D1
330
10E
100
AcDbEntity
8
ST-RB-PUNCH
100
AcDbLine
10
40310
20
40450
30
0
11
40390
21
40450
31
0
0
LINE
5
6D2
330
10E
100
AcDbEntity
8
ST-RB-PUNCH
100
AcDbLine
10
40310
20
40550
30
0
11
40390
21
40550
31
0
0
LINE
5
6D3
330
10E
100
AcDbEntity
8
ST-RB-PUNCH
100
AcDbLine
10
40310
20
40650
30
0
11
40390
21
40650
31
0
0
LINE
5
6D4
330
10E
100
AcDbEntity
8
ST-RB-PUNCH
100
AcDbLine
10
40310
20
40750
30
0
11
40390
21
40750
31
0
0
LINE
5
6D5
330
10E
100
AcDbEntity
8
ST-RB-PUNCH
100
AcDbLine
10
40310
20
40850
30
0
11
40390
21
40850
31
0
0
LINE
5
6D6
330
10E
100
AcDbEntity
8
ST-RB-PUNCH
100
AcDbLine
10
40310
20
40950
30
0
11
40390
21
40950
31
0
0
LINE
5
6D7
330
10E
100
AcDbEntity
8
ST-RB-PUNCH
100
AcDbLine
10
40250
20
40350
30
0
11
40250
21
40950
31
0
0
LINE
5
6D8
330
10E
100
AcDbEntity
8
ST-RB-PUNCH
100
AcDbLine
10
40210
20
40350
30
0
11
40290
21
40350
31
0
0
LINE
5
6D9
330
10E
100
AcDbEntity
8
ST-RB-PUNCH
100
AcDbLine
10
40210
20
40450
30
0
11
40290
21
40450
31
0
0
LINE
5
6DA
330
10E
100
AcDbEntity
8
ST-RB-PUNCH
100
AcDbLine
10
40210
20
40550
30
0
11
40290
21
40550
31
0
0
LINE
5
6DB
330
10E
100
AcDbEntity
8
ST-RB-PUNCH
100
AcDbLine
10
40210
20
40650
30
0
11
40290
21
40650
31
0
0
LINE
5
6DC
330
10E
100
AcDbEntity
8
ST-RB-PUNCH
100
AcDbLine
10
40210
20
40750
30
0
11
40290
21
40750
31
0
0
LINE
5
6DD
330
10E
100
AcDbEntity
8
ST-RB-PUNCH
100
AcDbLine
10
40210
20
40850
30
0
11
40290
21
40850
31
0
0
LINE
5
6DE
330
10E
100
AcDbEntity
8
ST-RB-PUNCH
100
AcDbLine
10
40210
20
40950
30
0
11
40290
21
40950
31
0
0
TEXT
5
6DF
330
10E
100
AcDbEntity
8
ST-RB-TEXT
100
AcDbText
10
40120
20
40980
30
0
40
160
1
5X7-T10-100
50
90
7
STANDARD
72
0
100
AcDbText
73
0
0
LINE
5
6E0
330
10E
100
AcDbEntity
8
ST-RB-PUNCH
100
AcDbLine
10
41450
20
40350
30
0
11
41450
21
40950
31
0
0
LINE
5
6E1
330
10E
100
AcDbEntity
8
ST-RB-PUNCH
100
AcDbLine
10
41410
20
40350
30
0
11
41490
21
40350
31
0
0
LINE
5
6E2
330
10E
100
AcDbEntity
8
ST-RB-PUNCH
100
AcDbLine
10
41410
20
40450
30
0
11
41490
21
40450
31
0
0
LINE
5
6E3
330
10E
100
AcDbEntity
8
ST-RB-PUNCH
100
AcDbLine
10
41410
20
40550
30
0
11
41490
21
40550
31
0
0
LINE
5
6E4
330
10E
100
AcDbEntity
8
ST-RB-PUNCH
100
AcDbLine
10
41410
20
40650
30
0
11
41490
21
40650
31
0
0
LINE
5
6E5
330
10E
100
AcDbEntity
8
ST-RB-PUNCH
100
AcDbLine
10
41410
20
40750
30
0
11
41490
21
40750
31
0
0
LINE
5
6E6
330
10E
100
AcDbEntity
8
ST-RB-PUNCH
100
AcDbLine
10
41410
20
40850
30
0
11
41490
21
40850
31
0
0
LINE
5
6E7
330
10E
100
AcDbEntity
8
ST-RB-PUNCH
100
AcDbLine
10
41410
20
40950
30
0
11
41490
21
40950
31
0
0
LINE
5
6E8
330
10E
100
AcDbEntity
8
ST-RB-PUNCH
100
AcDbLine
10
41550
20
40350
30
0
11
41550
21
40950
31
0
0
LINE
5
6E9
330
10E
100
AcDbEntity
8
ST-RB-PUNCH
100
AcDbLine
10
41510
20
40350
30
0
11
41590
21
40350
31
0
0
LINE
5
6EA
330
10E
100
AcDbEntity
8
ST-RB-PUNCH
100
AcDbLine
10
41510
20
40450
30
0
11
41590
21
40450
31
0
0
LINE
5
6EB
330
10E
100
AcDbEntity
8
ST-RB-PUNCH
100
AcDbLine
10
41510
20
40550
30
0
11
41590
21
40550
31
0
0
LINE
5
6EC
330
10E
100
AcDbEntity
8
ST-RB-PUNCH
100
AcDbLine
10
41510
20
40650
30
0
11
41590
21
40650
31
0
0
LINE
5
6ED
330
10E
100
AcDbEntity
8
ST-RB-PUNCH
100
AcDbLine
10
41510
20
40750
30
0
11
41590
21
40750
31
0
0
LINE
5
6EE
330
10E
100
AcDbEntity
8
ST-RB-PUNCH
100
AcDbLine
10
41510
20
40850
30
0
11
41590
21
40850
31
0
0
LINE
5
6EF
330
10E
100
AcDbEntity
8
ST-RB-PUNCH
100
AcDbLine
10
41510
20
40950
30
0
11
41590
21
40950
31
0
0
LINE
5
6F0
330
10E
100
AcDbEntity
8
ST-RB-PUNCH
100
AcDbLine
10
41650
20
40350
30
0
11
41650
21
40950
31
0
0
LINE
5
6F1
330
10E
100
AcDbEntity
8
ST-RB-PUNCH
100
AcDbLine
10
41610
20
40350
30
0
11
41690
21
40350
31
0
0
LINE
5
6F2
330
10E
100
AcDbEntity
8
ST-RB-PUNCH
100
AcDbLine
10
41610
20
40450
30
0
11
41690
21
40450
31
0
0
LINE
5
6F3
330
10E
100
AcDbEntity
8
ST-RB-PUNCH
100
AcDbLine
10
41610
20
40550
30
0
11
41690
21
40550
31
0
0
LINE
5
6F4
330
10E
100
AcDbEntity
8
ST-RB-PUNCH
100
AcDbLine
10
41610
20
40650
30
0
11
41690
21
40650
31
0
0
LINE
5
6F5
330
10E
100
AcDbEntity
8
ST-RB-PUNCH
100
AcDbLine
10
41610
20
40750
30
0
11
41690
21
40750
31
0
0
LINE
5
6F6
330
10E
100
AcDbEntity
8
ST-RB-PUNCH
100
AcDbLine
10
41610
20
40850
30
0
11
41690
21
40850
31
0
0
LINE
5
6F7
330
10E
100
AcDbEntity
8
ST-RB-PUNCH
100
AcDbLine
10
41610
20
40950
30
0
11
41690
21
40950
31
0
0
LINE
5
6F8
330
10E
100
AcDbEntity
8
ST-RB-PUNCH
100
AcDbLine
10
41750
20
40350
30
0
11
41750
21
40950
31
0
0
LINE
5
6F9
330
10E
100
AcDbEntity
8
ST-RB-PUNCH
100
AcDbLine
10
41710
20
40350
30
0
11
41790
21
40350
31
0
0
LINE
5
6FA
330
10E
100
AcDbEntity
8
ST-RB-PUNCH
100
AcDbLine
10
41710
20
40450
30
0
11
41790
21
40450
31
0
0
LINE
5
6FB
330
10E
100
AcDbEntity
8
ST-RB-PUNCH
100
AcDbLine
10
41710
20
40550
30
0
11
41790
21
40550
31
0
0
LINE
5
6FC
330
10E
100
AcDbEntity
8
ST-RB-PUNCH
100
AcDbLine
10
41710
20
40650
30
0
11
41790
21
40650
31
0
0
LINE
5
6FD
330
10E
100
AcDbEntity
8
ST-RB-PUNCH
100
AcDbLine
10
41710
20
40750
30
0
11
41790
21
40750
31
0
0
LINE
5
6FE
330
10E
100
AcDbEntity
8
ST-RB-PUNCH
100
AcDbLine
10
41710
20
40850
30
0
11
41790
21
40850
31
0
0
LINE
5
6FF
330
10E
100
AcDbEntity
8
ST-RB-PUNCH
100
AcDbLine
10
41710
20
40950
30
0
11
41790
21
40950
31
0
0
LINE
5
700
330
10E
100
AcDbEntity
8
ST-RB-PUNCH
100
AcDbLine
10
41850
20
40350
30
0
11
41850
21
40950
31
0
0
LINE
5
701
330
10E
100
AcDbEntity
8
ST-RB-PUNCH
100
AcDbLine
10
41810
20
40350
30
0
11
41890
21
40350
31
0
0
LINE
5
702
330
10E
100
AcDbEntity
8
ST-RB-PUNCH
100
AcDbLine
10
41810
20
40450
30
0
11
41890
21
40450
31
0
0
LINE
5
703
330
10E
100
AcDbEntity
8
ST-RB-PUNCH
100
AcDbLine
10
41810
20
40550
30
0
11
41890
21
40550
31
0
0
LINE
5
704
330
10E
100
AcDbEntity
8
ST-RB-PUNCH
100
AcDbLine
10
41810
20
40650
30
0
11
41890
21
40650
31
0
0
LINE
5
705
330
10E
100
AcDbEntity
8
ST-RB-PUNCH
100
AcDbLine
10
41810
20
40750
30
0
11
41890
21
40750
31
0
0
LINE
5
706
330
10E
100
AcDbEntity
8
ST-RB-PUNCH
100
AcDbLine
10
41810
20
40850
30
0
11
41890
21
40850
31
0
0
LINE
5
707
330
10E
100
AcDbEntity
8
ST-RB-PUNCH
100
AcDbLine
10
41810
20
40950
30
0
11
41890
21
40950
31
0
0
TEXT
5
708
330
10E
100
AcDbEntity
8
ST-RB-TEXT
100
AcDbText
10
41980
20
40980
30
0
40
160
1
5X7-T10-100
50
90
7
STANDARD
72
0
100
AcDbText
73
0
0
LINE
5
709
330
10E
100
AcDbEntity
8
ST-RB-PUNCH
100
AcDbLine
10
40750
20
40250
30
0
11
41350
21
40250
31
0
0
LINE
5
70A
330
10E
100
AcDbEntity
8
ST-RB-PUNCH
100
AcDbLine
10
40750
20
40210
30
0
11
40750
21
40290
31
0
0
LINE
5
70B
330
10E
100
AcDbEntity
8
ST-RB-PUNCH
100
AcDbLine
10
40850
20
40210
30
0
11
40850
21
40290
31
0
0
LINE
5
70C
330
10E
100
AcDbEntity
8
ST-RB-PUNCH
100
AcDbLine
10
40950
20
40210
30
0
11
40950
21
40290
31
0
0
LINE
5
70D
330
10E
100
AcDbEntity
8
ST-RB-PUNCH
100
AcDbLine
10
41050
20
40210
30
0
11
41050
21
40290
31
0
0
LINE
5
70E
330
10E
100
AcDbEntity
8
ST-RB-PUNCH
100
AcDbLine
10
41150
20
40210
30
0
11
41150
21
40290
31
0
0
LINE
5
70F
330
10E
100
AcDbEntity
8
ST-RB-PUNCH
100
AcDbLine
10
41250
20
40210
30
0
11
41250
21
40290
31
0
0
LINE
5
710
330
10E
100
AcDbEntity
8
ST-RB-PUNCH
100
AcDbLine
10
41350
20
40210
30
0
11
41350
21
40290
31
0
0
LINE
5
711
330
10E
100
AcDbEntity
8
ST-RB-PUNCH
100
AcDbLine
10
40750
20
40150
30
0
11
41350
21
40150
31
0
0
LINE
5
712
330
10E
100
AcDbEntity
8
ST-RB-PUNCH
100
AcDbLine
10
40750
20
40110
30
0
11
40750
21
40190
31
0
0
LINE
5
713
330
10E
100
AcDbEntity
8
ST-RB-PUNCH
100
AcDbLine
10
40850
20
40110
30
0
11
40850
21
40190
31
0
0
LINE
5
714
330
10E
100
AcDbEntity
8
ST-RB-PUNCH
100
AcDbLine
10
40950
20
40110
30
0
11
40950
21
40190
31
0
0
LINE
5
715
330
10E
100
AcDbEntity
8
ST-RB-PUNCH
100
AcDbLine
10
41050
20
40110
30
0
11
41050
21
40190
31
0
0
LINE
5
716
330
10E
100
AcDbEntity
8
ST-RB-PUNCH
100
AcDbLine
10
41150
20
40110
30
0
11
41150
21
40190
31
0
0
LINE
5
717
330
10E
100
AcDbEntity
8
ST-RB-PUNCH
100
AcDbLine
10
41250
20
40110
30
0
11
41250
21
40190
31
0
0
LINE
5
718
330
10E
100
AcDbEntity
8
ST-RB-PUNCH
100
AcDbLine
10
41350
20
40110
30
0
11
41350
21
40190
31
0
0
LINE
5
719
330
10E
100
AcDbEntity
8
ST-RB-PUNCH
100
AcDbLine
10
40750
20
40050
30
0
11
41350
21
40050
31
0
0
LINE
5
71A
330
10E
100
AcDbEntity
8
ST-RB-PUNCH
100
AcDbLine
10
40750
20
40010
30
0
11
40750
21
40090
31
0
0
LINE
5
71B
330
10E
100
AcDbEntity
8
ST-RB-PUNCH
100
AcDbLine
10
40850
20
40010
30
0
11
40850
21
40090
31
0
0
LINE
5
71C
330
10E
100
AcDbEntity
8
ST-RB-PUNCH
100
AcDbLine
10
40950
20
40010
30
0
11
40950
21
40090
31
0
0
LINE
5
71D
330
10E
100
AcDbEntity
8
ST-RB-PUNCH
100
AcDbLine
10
41050
20
40010
30
0
11
41050
21
40090
31
0
0
LINE
5
71E
330
10E
100
AcDbEntity
8
ST-RB-PUNCH
100
AcDbLine
10
41150
20
40010
30
0
11
41150
21
40090
31
0
0
LINE
5
71F
330
10E
100
AcDbEntity
8
ST-RB-PUNCH
100
AcDbLine
10
41250
20
40010
30
0
11
41250
21
40090
31
0
0
LINE
5
720
330
10E
100
AcDbEntity
8
ST-RB-PUNCH
100
AcDbLine
10
41350
20
40010
30
0
11
41350
21
40090
31
0
0
LINE
5
721
330
10E
100
AcDbEntity
8
ST-RB-PUNCH
100
AcDbLine
10
40750
20
39950
30
0
11
41350
21
39950
31
0
0
LINE
5
722
330
10E
100
AcDbEntity
8
ST-RB-PUNCH
100
AcDbLine
10
40750
20
39910
30
0
11
40750
21
39990
31
0
0
LINE
5
723
330
10E
100
AcDbEntity
8
ST-RB-PUNCH
100
AcDbLine
10
40850
20
39910
30
0
11
40850
21
39990
31
0
0
LINE
5
724
330
10E
100
AcDbEntity
8
ST-RB-PUNCH
100
AcDbLine
10
40950
20
39910
30
0
11
40950
21
39990
31
0
0
LINE
5
725
330
10E
100
AcDbEntity
8
ST-RB-PUNCH
100
AcDbLine
10
41050
20
39910
30
0
11
41050
21
39990
31
0
0
LINE
5
726
330
10E
100
AcDbEntity
8
ST-RB-PUNCH
100
AcDbLine
10
41150
20
39910
30
0
11
41150
21
39990
31
0
0
LINE
5
727
330
10E
100
AcDbEntity
8
ST-RB-PUNCH
100
AcDbLine
10
41250
20
39910
30
0
11
41250
21
39990
31
0
0
LINE
5
728
330
10E
100
AcDbEntity
8
ST-RB-PUNCH
100
AcDbLine
10
41350
20
39910
30
0
11
41350
21
39990
31
0
0
LINE
5
729
330
10E
100
AcDbEntity
8
ST-RB-PUNCH
100
AcDbLine
10
40750
20
39850
30
0
11
41350
21
39850
31
0
0
LINE
5
72A
330
10E
100
AcDbEntity
8
ST-RB-PUNCH
100
AcDbLine
10
40750
20
39810
30
0
11
40750
21
39890
31
0
0
LINE
5
72B
330
10E
100
AcDbEntity
8
ST-RB-PUNCH
100
AcDbLine
10
40850
20
39810
30
0
11
40850
21
39890
31
0
0
LINE
5
72C
330
10E
100
AcDbEntity
8
ST-RB-PUNCH
100
AcDbLine
10
40950
20
39810
30
0
11
40950
21
39890
31
0
0
LINE
5
72D
330
10E
100
AcDbEntity
8
ST-RB-PUNCH
100
AcDbLine
10
41050
20
39810
30
0
11
41050
21
39890
31
0
0
LINE
5
72E
330
10E
100
AcDbEntity
8
ST-RB-PUNCH
100
AcDbLine
10
41150
20
39810
30
0
11
41150
21
39890
31
0
0
LINE
5
72F
330
10E
100
AcDbEntity
8
ST-RB-PUNCH
100
AcDbLine
10
41250
20
39810
30
0
11
41250
21
39890
31
0
0
LINE
5
730
330
10E
100
AcDbEntity
8
ST-RB-PUNCH
100
AcDbLine
10
41350
20
39810
30
0
11
41350
21
39890
31
0
0
TEXT
5
731
330
10E
100
AcDbEntity
8
ST-RB-TEXT
100
AcDbText
10
41380
20
39750
30
0
40
160
1
5X7-T10-100
7
STANDARD
72
0
100
AcDbText
73
0
0
LINE
5
732
330
10E
100
AcDbEntity
8
ST-RB-PUNCH
100
AcDbLine
10
40750
20
41050
30
0
11
41350
21
41050
31
0
0
LINE
5
733
330
10E
100
AcDbEntity
8
ST-RB-PUNCH
100
AcDbLine
10
40750
20
41010
30
0
11
40750
21
41090
31
0
0
LINE
5
734
330
10E
100
AcDbEntity
8
ST-RB-PUNCH
100
AcDbLine
10
40850
20
41010
30
0
11
40850
21
41090
31
0
0
LINE
5
735
330
10E
100
AcDbEntity
8
ST-RB-PUNCH
100
AcDbLine
10
40950
20
41010
30
0
11
40950
21
41090
31
0
0
LINE
5
736
330
10E
100
AcDbEntity
8
ST-RB-PUNCH
100
AcDbLine
10
41050
20
41010
30
0
11
41050
21
41090
31
0
0
LINE
5
737
330
10E
100
AcDbEntity
8
ST-RB-PUNCH
100
AcDbLine
10
41150
20
41010
30
0
11
41150
21
41090
31
0
0
LINE
5
738
330
10E
100
AcDbEntity
8
ST-RB-PUNCH
100
AcDbLine
10
41250
20
41010
30
0
11
41250
21
41090
31
0
0
LINE
5
739
330
10E
100
AcDbEntity
8
ST-RB-PUNCH
100
AcDbLine
10
41350
20
41010
30
0
11
41350
21
41090
31
0
0
LINE
5
73A
330
10E
100
AcDbEntity
8
ST-RB-PUNCH
100
AcDbLine
10
40750
20
41150
30
0
11
41350
21
41150
31
0
0
LINE
5
73B
330
10E
100
AcDbEntity
8
ST-RB-PUNCH
100
AcDbLine
10
40750
20
41110
30
0
11
40750
21
41190
31
0
0
LINE
5
73C
330
10E
100
AcDbEntity
8
ST-RB-PUNCH
100
AcDbLine
10
40850
20
41110
30
0
11
40850
21
41190
31
0
0
LINE
5
73D
330
10E
100
AcDbEntity
8
ST-RB-PUNCH
100
AcDbLine
10
40950
20
41110
30
0
11
40950
21
41190
31
0
0
LINE
5
73E
330
10E
100
AcDbEntity
8
ST-RB-PUNCH
100
AcDbLine
10
41050
20
41110
30
0
11
41050
21
41190
31
0
0
LINE
5
73F
330
10E
100
AcDbEntity
8
ST-RB-PUNCH
100
AcDbLine
10
41150
20
41110
30
0
11
41150
21
41190
31
0
0
LINE
5
740
330
10E
100
AcDbEntity
8
ST-RB-PUNCH
100
AcDbLine
10
41250
20
41110
30
0
11
41250
21
41190
31
0
0
LINE
5
741
330
10E
100
AcDbEntity
8
ST-RB-PUNCH
100
AcDbLine
10
41350
20
41110
30
0
11
41350
21
41190
31
0
0
LINE
5
742
330
10E
100
AcDbEntity
8
ST-RB-PUNCH
100
AcDbLine
10
40750
20
41250
30
0
11
41350
21
41250
31
0
0
LINE
5
743
330
10E
100
AcDbEntity
8
ST-RB-PUNCH
100
AcDbLine
10
40750
20
41210
30
0
11
40750
21
41290
31
0
0
LINE
5
744
330
10E
100
AcDbEntity
8
ST-RB-PUNCH
100
AcDbLine
10
40850
20
41210
30
0
11
40850
21
41290
31
0
0
LINE
5
745
330
10E
100
AcDbEntity
8
ST-RB-PUNCH
100
AcDbLine
10
40950
20
41210
30
0
11
40950
21
41290
31
0
0
LINE
5
746
330
10E
100
AcDbEntity
8
ST-RB-PUNCH
100
AcDbLine
10
41050
20
41210
30
0
11
41050
21
41290
31
0
0
LINE
5
747
330
10E
100
AcDbEntity
8
ST-RB-PUNCH
100
AcDbLine
10
41150
20
41210
30
0
11
41150
21
41290
31
0
0
LINE
5
748
330
10E
100
AcDbEntity
8
ST-RB-PUNCH
100
AcDbLine
10
41250
20
41210
30
0
11
41250
21
41290
31
0
0
LINE
5
749
330
10E
100
AcDbEntity
8
ST-RB-PUNCH
100
AcDbLine
10
41350
20
41210
30
0
11
41350
21
41290
31
0
0
LINE
5
74A
330
10E
100
AcDbEntity
8
ST-RB-PUNCH
100
AcDbLine
10
40750
20
41350
30
0
11
41350
21
41350
31
0
0
LINE
5
74B
330
10E
100
AcDbEntity
8
ST-RB-PUNCH
100
AcDbLine
10
40750
20
41310
30
0
11
40750
21
41390
31
0
0
LINE
5
74C
330
10E
100
AcDbEntity
8
ST-RB-PUNCH
100
AcDbLine
10
40850
20
41310
30
0
11
40850
21
41390
31
0
0
LINE
5
74D
330
10E
100
AcDbEntity
8
ST-RB-PUNCH
100
AcDbLine
10
40950
20
41310
30
0
11
40950
21
41390
31
0
0
LINE
5
74E
330
10E
100
AcDbEntity
8
ST-RB-PUNCH
100
AcDbLine
10
41050
20
41310
30
0
11
41050
21
41390
31
0
0
LINE
5
74F
330
10E
100
AcDbEntity
8
ST-RB-PUNCH
100
AcDbLine
10
41150
20
41310
30
0
11
41150
21
41390
31
0
0
LINE
5
750
330
10E
100
AcDbEntity
8
ST-RB-PUNCH
100
AcDbLine
10
41250
20
41310
30
0
11
41250
21
41390
31
0
0
LINE
5
751
330
10E
100
AcDbEntity
8
ST-RB-PUNCH
100
AcDbLine
10
41350
20
41310
30
0
11
41350
21
41390
31
0
0
LINE
5
752
330
10E
100
AcDbEntity
8
ST-RB-PUNCH
100
AcDbLine
10
40750
20
41450
30
0
11
41350
21
41450
31
0
0
LINE
5
753
330
10E
100
AcDbEntity
8
ST-RB-PUNCH
100
AcDbLine
10
40750
20
41410
30
0
11
40750
21
41490
31
0
0
LINE
5
754
330
10E
100
AcDbEntity
8
ST-RB-PUNCH
100
AcDbLine
10
40850
20
41410
30
0
11
40850
21
41490
31
0
0
LINE
5
755
330
10E
100
AcDbEntity
8
ST-RB-PUNCH
100
AcDbLine
10
40950
20
41410
30
0
11
40950
21
41490
31
0
0
LINE
5
756
330
10E
100
AcDbEntity
8
ST-RB-PUNCH
100
AcDbLine
10
41050
20
41410
30
0
11
41050
21
41490
31
0
0
LINE
5
757
330
10E
100
AcDbEntity
8
ST-RB-PUNCH
100
AcDbLine
10
41150
20
41410
30
0
11
41150
21
41490
31
0
0
LINE
5
758
330
10E
100
AcDbEntity
8
ST-RB-PUNCH
100
AcDbLine
10
41250
20
41410
30
0
11
41250
21
41490
31
0
0
LINE
5
759
330
10E
100
AcDbEntity
8
ST-RB-PUNCH
100
AcDbLine
10
41350
20
41410
30
0
11
41350
21
41490
31
0
0
TEXT
5
75A
330
10E
100
AcDbEntity
8
ST-RB-TEXT
100
AcDbText
10
41380
20
41550
30
0
40
160
1
5X7-T10-100
7
STANDARD
72
0
100
AcDbText
73
0
0
TEXT
5
75B
330
10E
100
AcDbEntity
8
ST-RB-TYPE
100
AcDbText
10
40600
20
41100
30
0
40
250
1
PS1
7
STANDARD
72
2
11
40600
21
41100
31
0
100
AcDbText
73
0
0
LINE
5
75C
330
10E
100
AcDbEntity
8
ST-RB-PUNCH
100
AcDbLine
10
48150
20
40350
30
0
11
48150
21
40950
31
0
0
LINE
5
75D
330
10E
100
AcDbEntity
8
ST-RB-PUNCH
100
AcDbLine
10
48110
20
40350
30
0
11
48190
21
40350
31
0
0
LINE
5
75E
330
10E
100
AcDbEntity
8
ST-RB-PUNCH
100
AcDbLine
10
48110
20
40450
30
0
11
48190
21
40450
31
0
0
LINE
5
75F
330
10E
100
AcDbEntity
8
ST-RB-PUNCH
100
AcDbLine
10
48110
20
40550
30
0
11
48190
21
40550
31
0
0
LINE
5
760
330
10E
100
AcDbEntity
8
ST-RB-PUNCH
100
AcDbLine
10
48110
20
40650
30
0
11
48190
21
40650
31
0
0
LINE
5
761
330
10E
100
AcDbEntity
8
ST-RB-PUNCH
100
AcDbLine
10
48110
20
40750
30
0
11
48190
21
40750
31
0
0
LINE
5
762
330
10E
100
AcDbEntity
8
ST-RB-PUNCH
100
AcDbLine
10
48110
20
40850
30
0
11
48190
21
40850
31
0
0
LINE
5
763
330
10E
100
AcDbEntity
8
ST-RB-PUNCH
100
AcDbLine
10
48110
20
40950
30
0
11
48190
21
40950
31
0
0
LINE
5
764
330
10E
100
AcDbEntity
8
ST-RB-PUNCH
100
AcDbLine
10
48050
20
40350
30
0
11
48050
21
40950
31
0
0
LINE
5
765
330
10E
100
AcDbEntity
8
ST-RB-PUNCH
100
AcDbLine
10
48010
20
40350
30
0
11
48090
21
40350
31
0
0
LINE
5
766
330
10E
100
AcDbEntity
8
ST-RB-PUNCH
100
AcDbLine
10
48010
20
40450
30
0
11
48090
21
40450
31
0
0
LINE
5
767
330
10E
100
AcDbEntity
8
ST-RB-PUNCH
100
AcDbLine
10
48010
20
40550
30
0
11
48090
21
40550
31
0
0
LINE
5
768
330
10E
100
AcDbEntity
8
ST-RB-PUNCH
100
AcDbLine
10
48010
20
40650
30
0
11
48090
21
40650
31
0
0
LINE
5
769
330
10E
100
AcDbEntity
8
ST-RB-PUNCH
100
AcDbLine
10
48010
20
40750
30
0
11
48090
21
40750
31
0
0
LINE
5
76A
330
10E
100
AcDbEntity
8
ST-RB-PUNCH
100
AcDbLine
10
48010
20
40850
30
0
11
48090
21
40850
31
0
0
LINE
5
76B
330
10E
100
AcDbEntity
8
ST-RB-PUNCH
100
AcDbLine
10
48010
20
40950
30
0
11
48090
21
40950
31
0
0
LINE
5
76C
330
10E
100
AcDbEntity
8
ST-RB-PUNCH
100
AcDbLine
10
47950
20
40350
30
0
11
47950
21
40950
31
0
0
LINE
5
76D
330
10E
100
AcDbEntity
8
ST-RB-PUNCH
100
AcDbLine
10
47910
20
40350
30
0
11
47990
21
40350
31
0
0
LINE
5
76E
330
10E
100
AcDbEntity
8
ST-RB-PUNCH
100
AcDbLine
10
47910
20
40450
30
0
11
47990
21
40450
31
0
0
LINE
5
76F
330
10E
100
AcDbEntity
8
ST-RB-PUNCH
100
AcDbLine
10
47910
20
40550
30
0
11
47990
21
40550
31
0
0
LINE
5
770
330
10E
100
AcDbEntity
8
ST-RB-PUNCH
100
AcDbLine
10
47910
20
40650
30
0
11
47990
21
40650
31
0
0
LINE
5
771
330
10E
100
AcDbEntity
8
ST-RB-PUNCH
100
AcDbLine
10
47910
20
40750
30
0
11
47990
21
40750
31
0
0
LINE
5
772
330
10E
100
AcDbEntity
8
ST-RB-PUNCH
100
AcDbLine
10
47910
20
40850
30
0
11
47990
21
40850
31
0
0
LINE
5
773
330
10E
100
AcDbEntity
8
ST-RB-PUNCH
100
AcDbLine
10
47910
20
40950
30
0
11
47990
21
40950
31
0
0
LINE
5
774
330
10E
100
AcDbEntity
8
ST-RB-PUNCH
100
AcDbLine
10
47850
20
40350
30
0
11
47850
21
40950
31
0
0
LINE
5
775
330
10E
100
AcDbEntity
8
ST-RB-PUNCH
100
AcDbLine
10
47810
20
40350
30
0
11
47890
21
40350
31
0
0
LINE
5
776
330
10E
100
AcDbEntity
8
ST-RB-PUNCH
100
AcDbLine
10
47810
20
40450
30
0
11
47890
21
40450
31
0
0
LINE
5
777
330
10E
100
AcDbEntity
8
ST-RB-PUNCH
100
AcDbLine
10
47810
20
40550
30
0
11
47890
21
40550
31
0
0
LINE
5
778
330
10E
100
AcDbEntity
8
ST-RB-PUNCH
100
AcDbLine
10
47810
20
40650
30
0
11
47890
21
40650
31
0
0
LINE
5
779
330
10E
100
AcDbEntity
8
ST-RB-PUNCH
100
AcDbLine
10
47810
20
40750
30
0
11
47890
21
40750
31
0
0
LINE
5
77A
330
10E
100
AcDbEntity
8
ST-RB-PUNCH
100
AcDbLine
10
47810
20
40850
30
0
11
47890
21
40850
31
0
0
LINE
5
77B
330
10E
100
AcDbEntity
8
ST-RB-PUNCH
100
AcDbLine
10
47810
20
40950
30
0
11
47890
21
40950
31
0
0
LINE
5
77C
330
10E
100
AcDbEntity
8
ST-RB-PUNCH
100
AcDbLine
10
47750
20
40350
30
0
11
47750
21
40950
31
0
0
LINE
5
77D
330
10E
100
AcDbEntity
8
ST-RB-PUNCH
100
AcDbLine
10
47710
20
40350
30
0
11
47790
21
40350
31
0
0
LINE
5
77E
330
10E
100
AcDbEntity
8
ST-RB-PUNCH
100
AcDbLine
10
47710
20
40450
30
0
11
47790
21
40450
31
0
0
LINE
5
77F
330
10E
100
AcDbEntity
8
ST-RB-PUNCH
100
AcDbLine
10
47710
20
40550
30
0
11
47790
21
40550
31
0
0
LINE
5
780
330
10E
100
AcDbEntity
8
ST-RB-PUNCH
100
AcDbLine
10
47710
20
40650
30
0
11
47790
21
40650
31
0
0
LINE
5
781
330
10E
100
AcDbEntity
8
ST-RB-PUNCH
100
AcDbLine
10
47710
20
40750
30
0
11
47790
21
40750
31
0
0
LINE
5
782
330
10E
100
AcDbEntity
8
ST-RB-PUNCH
100
AcDbLine
10
47710
20
40850
30
0
11
47790
21
40850
31
0
0
LINE
5
783
330
10E
100
AcDbEntity
8
ST-RB-PUNCH
100
AcDbLine
10
47710
20
40950
30
0
11
47790
21
40950
31
0
0
TEXT
5
784
330
10E
100
AcDbEntity
8
ST-RB-TEXT
100
AcDbText
10
47620
20
40980
30
0
40
160
1
5X7-T10-100
50
90
7
STANDARD
72
0
100
AcDbText
73
0
0
LINE
5
785
330
10E
100
AcDbEntity
8
ST-RB-PUNCH
100
AcDbLine
10
48950
20
40350
30
0
11
48950
21
40950
31
0
0
LINE
5
786
330
10E
100
AcDbEntity
8
ST-RB-PUNCH
100
AcDbLine
10
48910
20
40350
30
0
11
48990
21
40350
31
0
0
LINE
5
787
330
10E
100
AcDbEntity
8
ST-RB-PUNCH
100
AcDbLine
10
48910
20
40450
30
0
11
48990
21
40450
31
0
0
LINE
5
788
330
10E
100
AcDbEntity
8
ST-RB-PUNCH
100
AcDbLine
10
48910
20
40550
30
0
11
48990
21
40550
31
0
0
LINE
5
789
330
10E
100
AcDbEntity
8
ST-RB-PUNCH
100
AcDbLine
10
48910
20
40650
30
0
11
48990
21
40650
31
0
0
LINE
5
78A
330
10E
100
AcDbEntity
8
ST-RB-PUNCH
100
AcDbLine
10
48910
20
40750
30
0
11
48990
21
40750
31
0
0
LINE
5
78B
330
10E
100
AcDbEntity
8
ST-RB-PUNCH
100
AcDbLine
10
48910
20
40850
30
0
11
48990
21
40850
31
0
0
LINE
5
78C
330
10E
100
AcDbEntity
8
ST-RB-PUNCH
100
AcDbLine
10
48910
20
40950
30
0
11
48990
21
40950
31
0
0
LINE
5
78D
330
10E
100
AcDbEntity
8
ST-RB-PUNCH
100
AcDbLine
10
49050
20
40350
30
0
11
49050
21
40950
31
0
0
LINE
5
78E
330
10E
100
AcDbEntity
8
ST-RB-PUNCH
100
AcDbLine
10
49010
20
40350
30
0
11
49090
21
40350
31
0
0
LINE
5
78F
330
10E
100
AcDbEntity
8
ST-RB-PUNCH
100
AcDbLine
10
49010
20
40450
30
0
11
49090
21
40450
31
0
0
LINE
5
790
330
10E
100
AcDbEntity
8
ST-RB-PUNCH
100
AcDbLine
10
49010
20
40550
30
0
11
49090
21
40550
31
0
0
LINE
5
791
330
10E
100
AcDbEntity
8
ST-RB-PUNCH
100
AcDbLine
10
49010
20
40650
30
0
11
49090
21
40650
31
0
0
LINE
5
792
330
10E
100
AcDbEntity
8
ST-RB-PUNCH
100
AcDbLine
10
49010
20
40750
30
0
11
49090
21
40750
31
0
0
LINE
5
793
330
10E
100
AcDbEntity
8
ST-RB-PUNCH
100
AcDbLine
10
49010
20
40850
30
0
11
49090
21
40850
31
0
0
LINE
5
794
330
10E
100
AcDbEntity
8
ST-RB-PUNCH
100
AcDbLine
10
49010
20
40950
30
0
11
49090
21
40950
31
0
0
LINE
5
795
330
10E
100
AcDbEntity
8
ST-RB-PUNCH
100
AcDbLine
10
49150
20
40350
30
0
11
49150
21
40950
31
0
0
LINE
5
796
330
10E
100
AcDbEntity
8
ST-RB-PUNCH
100
AcDbLine
10
49110
20
40350
30
0
11
49190
21
40350
31
0
0
LINE
5
797
330
10E
100
AcDbEntity
8
ST-RB-PUNCH
100
AcDbLine
10
49110
20
40450
30
0
11
49190
21
40450
31
0
0
LINE
5
798
330
10E
100
AcDbEntity
8
ST-RB-PUNCH
100
AcDbLine
10
49110
20
40550
30
0
11
49190
21
40550
31
0
0
LINE
5
799
330
10E
100
AcDbEntity
8
ST-RB-PUNCH
100
AcDbLine
10
49110
20
40650
30
0
11
49190
21
40650
31
0
0
LINE
5
79A
330
10E
100
AcDbEntity
8
ST-RB-PUNCH
100
AcDbLine
10
49110
20
40750
30
0
11
49190
21
40750
31
0
0
LINE
5
79B
330
10E
100
AcDbEntity
8
ST-RB-PUNCH
100
AcDbLine
10
49110
20
40850
30
0
11
49190
21
40850
31
0
0
LINE
5
79C
330
10E
100
AcDbEntity
8
ST-RB-PUNCH
100
AcDbLine
10
49110
20
40950
30
0
11
49190
21
40950
31
0
0
LINE
5
79D
330
10E
100
AcDbEntity
8
ST-RB-PUNCH
100
AcDbLine
10
49250
20
40350
30
0
11
49250
21
40950
31
0
0
LINE
5
79E
330
10E
100
AcDbEntity
8
ST-RB-PUNCH
100
AcDbLine
10
49210
20
40350
30
0
11
49290
21
40350
31
0
0
LINE
5
79F
330
10E
100
AcDbEntity
8
ST-RB-PUNCH
100
AcDbLine
10
49210
20
40450
30
0
11
49290
21
40450
31
0
0
LINE
5
7A0
330
10E
100
AcDbEntity
8
ST-RB-PUNCH
100
AcDbLine
10
49210
20
40550
30
0
11
49290
21
40550
31
0
0
LINE
5
7A1
330
10E
100
AcDbEntity
8
ST-RB-PUNCH
100
AcDbLine
10
49210
20
40650
30
0
11
49290
21
40650
31
0
0
LINE
5
7A2
330
10E
100
AcDbEntity
8
ST-RB-PUNCH
100
AcDbLine
10
49210
20
40750
30
0
11
49290
21
40750
31
0
0
LINE
5
7A3
330
10E
100
AcDbEntity
8
ST-RB-PUNCH
100
AcDbLine
10
49210
20
40850
30
0
11
49290
21
40850
31
0
0
LINE
5
7A4
330
10E
100
AcDbEntity
8
ST-RB-PUNCH
100
AcDbLine
10
49210
20
40950
30
0
11
49290
21
40950
31
0
0
LINE
5
7A5
330
10E
100
AcDbEntity
8
ST-RB-PUNCH
100
AcDbLine
10
49350
20
40350
30
0
11
49350
21
40950
31
0
0
LINE
5
7A6
330
10E
100
AcDbEntity
8
ST-RB-PUNCH
100
AcDbLine
10
49310
20
40350
30
0
11
49390
21
40350
31
0
0
LINE
5
7A7
330
10E
100
AcDbEntity
8
ST-RB-PUNCH
100
AcDbLine
10
49310
20
40450
30
0
11
49390
21
40450
31
0
0
LINE
5
7A8
330
10E
100
AcDbEntity
8
ST-RB-PUNCH
100
AcDbLine
10
49310
20
40550
30
0
11
49390
21
40550
31
0
0
LINE
5
7A9
330
10E
100
AcDbEntity
8
ST-RB-PUNCH
100
AcDbLine
10
49310
20
40650
30
0
11
49390
21
40650
31
0
0
LINE
5
7AA
330
10E
100
AcDbEntity
8
ST-RB-PUNCH
100
AcDbLine
10
49310
20
40750
30
0
11
49390
21
40750
31
0
0
LINE
5
7AB
330
10E
100
AcDbEntity
8
ST-RB-PUNCH
100
AcDbLine
10
49310
20
40850
30
0
11
49390
21
40850
31
0
0
LINE
5
7AC
330
10E
100
AcDbEntity
8
ST-RB-PUNCH
100
AcDbLine
10
49310
20
40950
30
0
11
49390
21
40950
31
0
0
TEXT
5
7AD
330
10E
100
AcDbEntity
8
ST-RB-TEXT
100
AcDbText
10
49480
20
40980
30
0
40
160
1
5X7-T10-100
50
90
7
STANDARD
72
0
100
AcDbText
73
0
0
LINE
5
7AE
330
10E
100
AcDbEntity
8
ST-RB-PUNCH
100
AcDbLine
10
48250
20
40250
30
0
11
48850
21
40250
31
0
0
LINE
5
7AF
330
10E
100
AcDbEntity
8
ST-RB-PUNCH
100
AcDbLine
10
48250
20
40210
30
0
11
48250
21
40290
31
0
0
LINE
5
7B0
330
10E
100
AcDbEntity
8
ST-RB-PUNCH
100
AcDbLine
10
48350
20
40210
30
0
11
48350
21
40290
31
0
0
LINE
5
7B1
330
10E
100
AcDbEntity
8
ST-RB-PUNCH
100
AcDbLine
10
48450
20
40210
30
0
11
48450
21
40290
31
0
0
LINE
5
7B2
330
10E
100
AcDbEntity
8
ST-RB-PUNCH
100
AcDbLine
10
48550
20
40210
30
0
11
48550
21
40290
31
0
0
LINE
5
7B3
330
10E
100
AcDbEntity
8
ST-RB-PUNCH
100
AcDbLine
10
48650
20
40210
30
0
11
48650
21
40290
31
0
0
LINE
5
7B4
330
10E
100
AcDbEntity
8
ST-RB-PUNCH
100
AcDbLine
10
48750
20
40210
30
0
11
48750
21
40290
31
0
0
LINE
5
7B5
330
10E
100
AcDbEntity
8
ST-RB-PUNCH
100
AcDbLine
10
48850
20
40210
30
0
11
48850
21
40290
31
0
0
LINE
5
7B6
330
10E
100
AcDbEntity
8
ST-RB-PUNCH
100
AcDbLine
10
48250
20
40150
30
0
11
48850
21
40150
31
0
0
LINE
5
7B7
330
10E
100
AcDbEntity
8
ST-RB-PUNCH
100
AcDbLine
10
48250
20
40110
30
0
11
48250
21
40190
31
0
0
LINE
5
7B8
330
10E
100
AcDbEntity
8
ST-RB-PUNCH
100
AcDbLine
10
48350
20
40110
30
0
11
48350
21
40190
31
0
0
LINE
5
7B9
330
10E
100
AcDbEntity
8
ST-RB-PUNCH
100
AcDbLine
10
48450
20
40110
30
0
11
48450
21
40190
31
0
0
LINE
5
7BA
330
10E
100
AcDbEntity
8
ST-RB-PUNCH
100
AcDbLine
10
48550
20
40110
30
0
11
48550
21
40190
31
0
0
LINE
5
7BB
330
10E
100
AcDbEntity
8
ST-RB-PUNCH
100
AcDbLine
10
48650
20
40110
30
0
11
48650
21
40190
31
0
0
LINE
5
7BC
330
10E
100
AcDbEntity
8
ST-RB-PUNCH
100
AcDbLine
10
48750
20
40110
30
0
11
48750
21
40190
31
0
0
LINE
5
7BD
330
10E
100
AcDbEntity
8
ST-RB-PUNCH
100
AcDbLine
10
48850
20
40110
30
0
11
48850
21
40190
31
0
0
LINE
5
7BE
330
10E
100
AcDbEntity
8
ST-RB-PUNCH
100
AcDbLine
10
48250
20
40050
30
0
11
48850
21
40050
31
0
0
LINE
5
7BF
330
10E
100
AcDbEntity
8
ST-RB-PUNCH
100
AcDbLine
10
48250
20
40010
30
0
11
48250
21
40090
31
0
0
LINE
5
7C0
330
10E
100
AcDbEntity
8
ST-RB-PUNCH
100
AcDbLine
10
48350
20
40010
30
0
11
48350
21
40090
31
0
0
LINE
5
7C1
330
10E
100
AcDbEntity
8
ST-RB-PUNCH
100
AcDbLine
10
48450
20
40010
30
0
11
48450
21
40090
31
0
0
LINE
5
7C2
330
10E
100
AcDbEntity
8
ST-RB-PUNCH
100
AcDbLine
10
48550
20
40010
30
0
11
48550
21
40090
31
0
0
LINE
5
7C3
330
10E
100
AcDbEntity
8
ST-RB-PUNCH
100
AcDbLine
10
48650
20
40010
30
0
11
48650
21
40090
31
0
0
LINE
5
7C4
330
10E
100
AcDbEntity
8
ST-RB-PUNCH
100
AcDbLine
10
48750
20
40010
30
0
11
48750
21
40090
31
0
0
LINE
5
7C5
330
10E
100
AcDbEntity
8
ST-RB-PUNCH
100
AcDbLine
10
48850
20
40010
30
0
11
48850
21
40090
31
0
0
LINE
5
7C6
330
10E
100
AcDbEntity
8
ST-RB-PUNCH
100
AcDbLine
10
48250
20
39950
30
0
11
48850
21
39950
31
0
0
LINE
5
7C7
330
10E
100
AcDbEntity
8
ST-RB-PUNCH
100
AcDbLine
10
48250
20
39910
30
0
11
48250
21
39990
31
0
0
LINE
5
7C8
330
10E
100
AcDbEntity
8
ST-RB-PUNCH
100
AcDbLine
10
48350
20
39910
30
0
11
48350
21
39990
31
0
0
LINE
5
7C9
330
10E
100
AcDbEntity
8
ST-RB-PUNCH
100
AcDbLine
10
48450
20
39910
30
0
11
48450
21
39990
31
0
0
LINE
5
7CA
330
10E
100
AcDbEntity
8
ST-RB-PUNCH
100
AcDbLine
10
48550
20
39910
30
0
11
48550
21
39990
31
0
0
LINE
5
7CB
330
10E
100
AcDbEntity
8
ST-RB-PUNCH
100
AcDbLine
10
48650
20
39910
30
0
11
48650
21
39990
31
0
0
LINE
5
7CC
330
10E
100
AcDbEntity
8
ST-RB-PUNCH
100
AcDbLine
10
48750
20
39910
30
0
11
48750
21
39990
31
0
0
LINE
5
7CD
330
10E
100
AcDbEntity
8
ST-RB-PUNCH
100
AcDbLine
10
48850
20
39910
30
0
11
48850
21
39990
31
0
0
LINE
5
7CE
330
10E
100
AcDbEntity
8
ST-RB-PUNCH
100
AcDbLine
10
48250
20
39850
30
0
11
48850
21
39850
31
0
0
LINE
5
7CF
330
10E
100
AcDbEntity
8
ST-RB-PUNCH
100
AcDbLine
10
48250
20
39810
30
0
11
48250
21
39890
31
0
0
LINE
5
7D0
330
10E
100
AcDbEntity
8
ST-RB-PUNCH
100
AcDbLine
10
48350
20
39810
30
0
11
48350
21
39890
31
0
0
LINE
5
7D1
330
10E
100
AcDbEntity
8
ST-RB-PUNCH
100
AcDbLine
10
48450
20
39810
30
0
11
48450
21
39890
31
0
0
LINE
5
7D2
330
10E
100
AcDbEntity
8
ST-RB-PUNCH
100
AcDbLine
10
48550
20
39810
30
0
11
48550
21
39890
31
0
0
LINE
5
7D3
330
10E
100
AcDbEntity
8
ST-RB-PUNCH
100
AcDbLine
10
48650
20
39810
30
0
11
48650
21
39890
31
0
0
LINE
5
7D4
330
10E
100
AcDbEntity
8
ST-RB-PUNCH
100
AcDbLine
10
48750
20
39810
30
0
11
48750
21
39890
31
0
0
LINE
5
7D5
330
10E
100
AcDbEntity
8
ST-RB-PUNCH
100
AcDbLine
10
48850
20
39810
30
0
11
48850
21
39890
31
0
0
TEXT
5
7D6
330
10E
100
AcDbEntity
8
ST-RB-TEXT
100
AcDbText
10
48880
20
39750
30
0
40
160
1
5X7-T10-100
7
STANDARD
72
0
100
AcDbText
73
0
0
LINE
5
7D7
330
10E
100
AcDbEntity
8
ST-RB-PUNCH
100
AcDbLine
10
48250
20
41050
30
0
11
48850
21
41050
31
0
0
LINE
5
7D8
330
10E
100
AcDbEntity
8
ST-RB-PUNCH
100
AcDbLine
10
48250
20
41010
30
0
11
48250
21
41090
31
0
0
LINE
5
7D9
330
10E
100
AcDbEntity
8
ST-RB-PUNCH
100
AcDbLine
10
48350
20
41010
30
0
11
48350
21
41090
31
0
0
LINE
5
7DA
330
10E
100
AcDbEntity
8
ST-RB-PUNCH
100
AcDbLine
10
48450
20
41010
30
0
11
48450
21
41090
31
0
0
LINE
5
7DB
330
10E
100
AcDbEntity
8
ST-RB-PUNCH
100
AcDbLine
10
48550
20
41010
30
0
11
48550
21
41090
31
0
0
LINE
5
7DC
330
10E
100
AcDbEntity
8
ST-RB-PUNCH
100
AcDbLine
10
48650
20
41010
30
0
11
48650
21
41090
31
0
0
LINE
5
7DD
330
10E
100
AcDbEntity
8
ST-RB-PUNCH
100
AcDbLine
10
48750
20
41010
30
0
11
48750
21
41090
31
0
0
LINE
5
7DE
330
10E
100
AcDbEntity
8
ST-RB-PUNCH
100
AcDbLine
10
48850
20
41010
30
0
11
48850
21
41090
31
0
0
LINE
5
7DF
330
10E
100
AcDbEntity
8
ST-RB-PUNCH
100
AcDbLine
10
48250
20
41150
30
0
11
48850
21
41150
31
0
0
LINE
5
7E0
330
10E
100
AcDbEntity
8
ST-RB-PUNCH
100
AcDbLine
10
48250
20
41110
30
0
11
48250
21
41190
31
0
0
LINE
5
7E1
330
10E
100
AcDbEntity
8
ST-RB-PUNCH
100
AcDbLine
10
48350
20
41110
30
0
11
48350
21
41190
31
0
0
LINE
5
7E2
330
10E
100
AcDbEntity
8
ST-RB-PUNCH
100
AcDbLine
10
48450
20
41110
30
0
11
48450
21
41190
31
0
0
LINE
5
7E3
330
10E
100
AcDbEntity
8
ST-RB-PUNCH
100
AcDbLine
10
48550
20
41110
30
0
11
48550
21
41190
31
0
0
LINE
5
7E4
330
10E
100
AcDbEntity
8
ST-RB-PUNCH
100
AcDbLine
10
48650
20
41110
30
0
11
48650
21
41190
31
0
0
LINE
5
7E5
330
10E
100
AcDbEntity
8
ST-RB-PUNCH
100
AcDbLine
10
48750
20
41110
30
0
11
48750
21
41190
31
0
0
LINE
5
7E6
330
10E
100
AcDbEntity
8
ST-RB-PUNCH
100
AcDbLine
10
48850
20
41110
30
0
11
48850
21
41190
31
0
0
LINE
5
7E7
330
10E
100
AcDbEntity
8
ST-RB-PUNCH
100
AcDbLine
10
48250
20
41250
30
0
11
48850
21
41250
31
0
0
LINE
5
7E8
330
10E
100
AcDbEntity
8
ST-RB-PUNCH
100
AcDbLine
10
48250
20
41210
30
0
11
48250
21
41290
31
0
0
LINE
5
7E9
330
10E
100
AcDbEntity
8
ST-RB-PUNCH
100
AcDbLine
10
48350
20
41210
30
0
11
48350
21
41290
31
0
0
LINE
5
7EA
330
10E
100
AcDbEntity
8
ST-RB-PUNCH
100
AcDbLine
10
48450
20
41210
30
0
11
48450
21
41290
31
0
0
LINE
5
7EB
330
10E
100
AcDbEntity
8
ST-RB-PUNCH
100
AcDbLine
10
48550
20
41210
30
0
11
48550
21
41290
31
0
0
LINE
5
7EC
330
10E
100
AcDbEntity
8
ST-RB-PUNCH
100
AcDbLine
10
48650
20
41210
30
0
11
48650
21
41290
31
0
0
LINE
5
7ED
330
10E
100
AcDbEntity
8
ST-RB-PUNCH
100
AcDbLine
10
48750
20
41210
30
0
11
48750
21
41290
31
0
0
LINE
5
7EE
330
10E
100
AcDbEntity
8
ST-RB-PUNCH
100
AcDbLine
10
48850
20
41210
30
0
11
48850
21
41290
31
0
0
LINE
5
7EF
330
10E
100
AcDbEntity
8
ST-RB-PUNCH
100
AcDbLine
10
48250
20
41350
30
0
11
48850
21
41350
31
0
0
LINE
5
7F0
330
10E
100
AcDbEntity
8
ST-RB-PUNCH
100
AcDbLine
10
48250
20
41310
30
0
11
48250
21
41390
31
0
0
LINE
5
7F1
330
10E
100
AcDbEntity
8
ST-RB-PUNCH
100
AcDbLine
10
48350
20
41310
30
0
11
48350
21
41390
31
0
0
LINE
5
7F2
330
10E
100
AcDbEntity
8
ST-RB-PUNCH
100
AcDbLine
10
48450
20
41310
30
0
11
48450
21
41390
31
0
0
LINE
5
7F3
330
10E
100
AcDbEntity
8
ST-RB-PUNCH
100
AcDbLine
10
48550
20
41310
30
0
11
48550
21
41390
31
0
0
LINE
5
7F4
330
10E
100
AcDbEntity
8
ST-RB-PUNCH
100
AcDbLine
10
48650
20
41310
30
0
11
48650
21
41390
31
0
0
LINE
5
7F5
330
10E
100
AcDbEntity
8
ST-RB-PUNCH
100
AcDbLine
10
48750
20
41310
30
0
11
48750
21
41390
31
0
0
LINE
5
7F6
330
10E
100
AcDbEntity
8
ST-RB-PUNCH
100
AcDbLine
10
48850
20
41310
30
0
11
48850
21
41390
31
0
0
LINE
5
7F7
330
10E
100
AcDbEntity
8
ST-RB-PUNCH
100
AcDbLine
10
48250
20
41450
30
0
11
48850
21
41450
31
0
0
LINE
5
7F8
330
10E
100
AcDbEntity
8
ST-RB-PUNCH
100
AcDbLine
10
48250
20
41410
30
0
11
48250
21
41490
31
0
0
LINE
5
7F9
330
10E
100
AcDbEntity
8
ST-RB-PUNCH
100
AcDbLine
10
48350
20
41410
30
0
11
48350
21
41490
31
0
0
LINE
5
7FA
330
10E
100
AcDbEntity
8
ST-RB-PUNCH
100
AcDbLine
10
48450
20
41410
30
0
11
48450
21
41490
31
0
0
LINE
5
7FB
330
10E
100
AcDbEntity
8
ST-RB-PUNCH
100
AcDbLine
10
48550
20
41410
30
0
11
48550
21
41490
31
0
0
LINE
5
7FC
330
10E
100
AcDbEntity
8
ST-RB-PUNCH
100
AcDbLine
10
48650
20
41410
30
0
11
48650
21
41490
31
0
0
LINE
5
7FD
330
10E
100
AcDbEntity
8
ST-RB-PUNCH
100
AcDbLine
10
48750
20
41410
30
0
11
48750
21
41490
31
0
0
LINE
5
7FE
330
10E
100
AcDbEntity
8
ST-RB-PUNCH
100
AcDbLine
10
48850
20
41410
30
0
11
48850
21
41490
31
0
0
TEXT
5
7FF
330
10E
100
AcDbEntity
8
ST-RB-TEXT
100
AcDbText
10
48880
20
41550
30
0
40
160
1
5X7-T10-100
7
STANDARD
72
0
100
AcDbText
73
0
0
TEXT
5
800
330
10E
100
AcDbEntity
8
ST-RB-TYPE
100
AcDbText
10
48100
20
41100
30
0
40
250
1
PS1
7
STANDARD
72
2
11
48100
21
41100
31
0
100
AcDbText
73
0
0
LINE
5
801
330
10E
100
AcDbEntity
8
ST-RB-PUNCH
100
AcDbLine
10
18150
20
32350
30
0
11
18150
21
32950
31
0
0
LINE
5
802
330
10E
100
AcDbEntity
8
ST-RB-PUNCH
100
AcDbLine
10
18110
20
32350
30
0
11
18190
21
32350
31
0
0
LINE
5
803
330
10E
100
AcDbEntity
8
ST-RB-PUNCH
100
AcDbLine
10
18110
20
32450
30
0
11
18190
21
32450
31
0
0
LINE
5
804
330
10E
100
AcDbEntity
8
ST-RB-PUNCH
100
AcDbLine
10
18110
20
32550
30
0
11
18190
21
32550
31
0
0
LINE
5
805
330
10E
100
AcDbEntity
8
ST-RB-PUNCH
100
AcDbLine
10
18110
20
32650
30
0
11
18190
21
32650
31
0
0
LINE
5
806
330
10E
100
AcDbEntity
8
ST-RB-PUNCH
100
AcDbLine
10
18110
20
32750
30
0
11
18190
21
32750
31
0
0
LINE
5
807
330
10E
100
AcDbEntity
8
ST-RB-PUNCH
100
AcDbLine
10
18110
20
32850
30
0
11
18190
21
32850
31
0
0
LINE
5
808
330
10E
100
AcDbEntity
8
ST-RB-PUNCH
100
AcDbLine
10
18110
20
32950
30
0
11
18190
21
32950
31
0
0
LINE
5
809
330
10E
100
AcDbEntity
8
ST-RB-PUNCH
100
AcDbLine
10
18050
20
32350
30
0
11
18050
21
32950
31
0
0
LINE
5
80A
330
10E
100
AcDbEntity
8
ST-RB-PUNCH
100
AcDbLine
10
18010
20
32350
30
0
11
18090
21
32350
31
0
0
LINE
5
80B
330
10E
100
AcDbEntity
8
ST-RB-PUNCH
100
AcDbLine
10
18010
20
32450
30
0
11
18090
21
32450
31
0
0
LINE
5
80C
330
10E
100
AcDbEntity
8
ST-RB-PUNCH
100
AcDbLine
10
18010
20
32550
30
0
11
18090
21
32550
31
0
0
LINE
5
80D
330
10E
100
AcDbEntity
8
ST-RB-PUNCH
100
AcDbLine
10
18010
20
32650
30
0
11
18090
21
32650
31
0
0
LINE
5
80E
330
10E
100
AcDbEntity
8
ST-RB-PUNCH
100
AcDbLine
10
18010
20
32750
30
0
11
18090
21
32750
31
0
0
LINE
5
80F
330
10E
100
AcDbEntity
8
ST-RB-PUNCH
100
AcDbLine
10
18010
20
32850
30
0
11
18090
21
32850
31
0
0
LINE
5
810
330
10E
100
AcDbEntity
8
ST-RB-PUNCH
100
AcDbLine
10
18010
20
32950
30
0
11
18090
21
32950
31
0
0
LINE
5
811
330
10E
100
AcDbEntity
8
ST-RB-PUNCH
100
AcDbLine
10
17950
20
32350
30
0
11
17950
21
32950
31
0
0
LINE
5
812
330
10E
100
AcDbEntity
8
ST-RB-PUNCH
100
AcDbLine
10
17910
20
32350
30
0
11
17990
21
32350
31
0
0
LINE
5
813
330
10E
100
AcDbEntity
8
ST-RB-PUNCH
100
AcDbLine
10
17910
20
32450
30
0
11
17990
21
32450
31
0
0
LINE
5
814
330
10E
100
AcDbEntity
8
ST-RB-PUNCH
100
AcDbLine
10
17910
20
32550
30
0
11
17990
21
32550
31
0
0
LINE
5
815
330
10E
100
AcDbEntity
8
ST-RB-PUNCH
100
AcDbLine
10
17910
20
32650
30
0
11
17990
21
32650
31
0
0
LINE
5
816
330
10E
100
AcDbEntity
8
ST-RB-PUNCH
100
AcDbLine
10
17910
20
32750
30
0
11
17990
21
32750
31
0
0
LINE
5
817
330
10E
100
AcDbEntity
8
ST-RB-PUNCH
100
AcDbLine
10
17910
20
32850
30
0
11
17990
21
32850
31
0
0
LINE
5
818
330
10E
100
AcDbEntity
8
ST-RB-PUNCH
100
AcDbLine
10
17910
20
32950
30
0
11
17990
21
32950
31
0
0
LINE
5
819
330
10E
100
AcDbEntity
8
ST-RB-PUNCH
100
AcDbLine
10
17850
20
32350
30
0
11
17850
21
32950
31
0
0
LINE
5
81A
330
10E
100
AcDbEntity
8
ST-RB-PUNCH
100
AcDbLine
10
17810
20
32350
30
0
11
17890
21
32350
31
0
0
LINE
5
81B
330
10E
100
AcDbEntity
8
ST-RB-PUNCH
100
AcDbLine
10
17810
20
32450
30
0
11
17890
21
32450
31
0
0
LINE
5
81C
330
10E
100
AcDbEntity
8
ST-RB-PUNCH
100
AcDbLine
10
17810
20
32550
30
0
11
17890
21
32550
31
0
0
LINE
5
81D
330
10E
100
AcDbEntity
8
ST-RB-PUNCH
100
AcDbLine
10
17810
20
32650
30
0
11
17890
21
32650
31
0
0
LINE
5
81E
330
10E
100
AcDbEntity
8
ST-RB-PUNCH
100
AcDbLine
10
17810
20
32750
30
0
11
17890
21
32750
31
0
0
LINE
5
81F
330
10E
100
AcDbEntity
8
ST-RB-PUNCH
100
AcDbLine
10
17810
20
32850
30
0
11
17890
21
32850
31
0
0
LINE
5
820
330
10E
100
AcDbEntity
8
ST-RB-PUNCH
100
AcDbLine
10
17810
20
32950
30
0
11
17890
21
32950
31
0
0
LINE
5
821
330
10E
100
AcDbEntity
8
ST-RB-PUNCH
100
AcDbLine
10
17750
20
32350
30
0
11
17750
21
32950
31
0
0
LINE
5
822
330
10E
100
AcDbEntity
8
ST-RB-PUNCH
100
AcDbLine
10
17710
20
32350
30
0
11
17790
21
32350
31
0
0
LINE
5
823
330
10E
100
AcDbEntity
8
ST-RB-PUNCH
100
AcDbLine
10
17710
20
32450
30
0
11
17790
21
32450
31
0
0
LINE
5
824
330
10E
100
AcDbEntity
8
ST-RB-PUNCH
100
AcDbLine
10
17710
20
32550
30
0
11
17790
21
32550
31
0
0
LINE
5
825
330
10E
100
AcDbEntity
8
ST-RB-PUNCH
100
AcDbLine
10
17710
20
32650
30
0
11
17790
21
32650
31
0
0
LINE
5
826
330
10E
100
AcDbEntity
8
ST-RB-PUNCH
100
AcDbLine
10
17710
20
32750
30
0
11
17790
21
32750
31
0
0
LINE
5
827
330
10E
100
AcDbEntity
8
ST-RB-PUNCH
100
AcDbLine
10
17710
20
32850
30
0
11
17790
21
32850
31
0
0
LINE
5
828
330
10E
100
AcDbEntity
8
ST-RB-PUNCH
100
AcDbLine
10
17710
20
32950
30
0
11
17790
21
32950
31
0
0
TEXT
5
829
330
10E
100
AcDbEntity
8
ST-RB-TEXT
100
AcDbText
10
17620
20
32980
30
0
40
160
1
5X7-T10-100
50
90
7
STANDARD
72
0
100
AcDbText
73
0
0
LINE
5
82A
330
10E
100
AcDbEntity
8
ST-RB-PUNCH
100
AcDbLine
10
18950
20
32350
30
0
11
18950
21
32950
31
0
0
LINE
5
82B
330
10E
100
AcDbEntity
8
ST-RB-PUNCH
100
AcDbLine
10
18910
20
32350
30
0
11
18990
21
32350
31
0
0
LINE
5
82C
330
10E
100
AcDbEntity
8
ST-RB-PUNCH
100
AcDbLine
10
18910
20
32450
30
0
11
18990
21
32450
31
0
0
LINE
5
82D
330
10E
100
AcDbEntity
8
ST-RB-PUNCH
100
AcDbLine
10
18910
20
32550
30
0
11
18990
21
32550
31
0
0
LINE
5
82E
330
10E
100
AcDbEntity
8
ST-RB-PUNCH
100
AcDbLine
10
18910
20
32650
30
0
11
18990
21
32650
31
0
0
LINE
5
82F
330
10E
100
AcDbEntity
8
ST-RB-PUNCH
100
AcDbLine
10
18910
20
32750
30
0
11
18990
21
32750
31
0
0
LINE
5
830
330
10E
100
AcDbEntity
8
ST-RB-PUNCH
100
AcDbLine
10
18910
20
32850
30
0
11
18990
21
32850
31
0
0
LINE
5
831
330
10E
100
AcDbEntity
8
ST-RB-PUNCH
100
AcDbLine
10
18910
20
32950
30
0
11
18990
21
32950
31
0
0
LINE
5
832
330
10E
100
AcDbEntity
8
ST-RB-PUNCH
100
AcDbLine
10
19050
20
32350
30
0
11
19050
21
32950
31
0
0
LINE
5
833
330
10E
100
AcDbEntity
8
ST-RB-PUNCH
100
AcDbLine
10
19010
20
32350
30
0
11
19090
21
32350
31
0
0
LINE
5
834
330
10E
100
AcDbEntity
8
ST-RB-PUNCH
100
AcDbLine
10
19010
20
32450
30
0
11
19090
21
32450
31
0
0
LINE
5
835
330
10E
100
AcDbEntity
8
ST-RB-PUNCH
100
AcDbLine
10
19010
20
32550
30
0
11
19090
21
32550
31
0
0
LINE
5
836
330
10E
100
AcDbEntity
8
ST-RB-PUNCH
100
AcDbLine
10
19010
20
32650
30
0
11
19090
21
32650
31
0
0
LINE
5
837
330
10E
100
AcDbEntity
8
ST-RB-PUNCH
100
AcDbLine
10
19010
20
32750
30
0
11
19090
21
32750
31
0
0
LINE
5
838
330
10E
100
AcDbEntity
8
ST-RB-PUNCH
100
AcDbLine
10
19010
20
32850
30
0
11
19090
21
32850
31
0
0
LINE
5
839
330
10E
100
AcDbEntity
8
ST-RB-PUNCH
100
AcDbLine
10
19010
20
32950
30
0
11
19090
21
32950
31
0
0
LINE
5
83A
330
10E
100
AcDbEntity
8
ST-RB-PUNCH
100
AcDbLine
10
19150
20
32350
30
0
11
19150
21
32950
31
0
0
LINE
5
83B
330
10E
100
AcDbEntity
8
ST-RB-PUNCH
100
AcDbLine
10
19110
20
32350
30
0
11
19190
21
32350
31
0
0
LINE
5
83C
330
10E
100
AcDbEntity
8
ST-RB-PUNCH
100
AcDbLine
10
19110
20
32450
30
0
11
19190
21
32450
31
0
0
LINE
5
83D
330
10E
100
AcDbEntity
8
ST-RB-PUNCH
100
AcDbLine
10
19110
20
32550
30
0
11
19190
21
32550
31
0
0
LINE
5
83E
330
10E
100
AcDbEntity
8
ST-RB-PUNCH
100
AcDbLine
10
19110
20
32650
30
0
11
19190
21
32650
31
0
0
LINE
5
83F
330
10E
100
AcDbEntity
8
ST-RB-PUNCH
100
AcDbLine
10
19110
20
32750
30
0
11
19190
21
32750
31
0
0
LINE
5
840
330
10E
100
AcDbEntity
8
ST-RB-PUNCH
100
AcDbLine
10
19110
20
32850
30
0
11
19190
21
32850
31
0
0
LINE
5
841
330
10E
100
AcDbEntity
8
ST-RB-PUNCH
100
AcDbLine
10
19110
20
32950
30
0
11
19190
21
32950
31
0
0
LINE
5
842
330
10E
100
AcDbEntity
8
ST-RB-PUNCH
100
AcDbLine
10
19250
20
32350
30
0
11
19250
21
32950
31
0
0
LINE
5
843
330
10E
100
AcDbEntity
8
ST-RB-PUNCH
100
AcDbLine
10
19210
20
32350
30
0
11
19290
21
32350
31
0
0
LINE
5
844
330
10E
100
AcDbEntity
8
ST-RB-PUNCH
100
AcDbLine
10
19210
20
32450
30
0
11
19290
21
32450
31
0
0
LINE
5
845
330
10E
100
AcDbEntity
8
ST-RB-PUNCH
100
AcDbLine
10
19210
20
32550
30
0
11
19290
21
32550
31
0
0
LINE
5
846
330
10E
100
AcDbEntity
8
ST-RB-PUNCH
100
AcDbLine
10
19210
20
32650
30
0
11
19290
21
32650
31
0
0
LINE
5
847
330
10E
100
AcDbEntity
8
ST-RB-PUNCH
100
AcDbLine
10
19210
20
32750
30
0
11
19290
21
32750
31
0
0
LINE
5
848
330
10E
100
AcDbEntity
8
ST-RB-PUNCH
100
AcDbLine
10
19210
20
32850
30
0
11
19290
21
32850
31
0
0
LINE
5
849
330
10E
100
AcDbEntity
8
ST-RB-PUNCH
100
AcDbLine
10
19210
20
32950
30
0
11
19290
21
32950
31
0
0
LINE
5
84A
330
10E
100
AcDbEntity
8
ST-RB-PUNCH
100
AcDbLine
10
19350
20
32350
30
0
11
19350
21
32950
31
0
0
LINE
5
84B
330
10E
100
AcDbEntity
8
ST-RB-PUNCH
100
AcDbLine
10
19310
20
32350
30
0
11
19390
21
32350
31
0
0
LINE
5
84C
330
10E
100
AcDbEntity
8
ST-RB-PUNCH
100
AcDbLine
10
19310
20
32450
30
0
11
19390
21
32450
31
0
0
LINE
5
84D
330
10E
100
AcDbEntity
8
ST-RB-PUNCH
100
AcDbLine
10
19310
20
32550
30
0
11
19390
21
32550
31
0
0
LINE
5
84E
330
10E
100
AcDbEntity
8
ST-RB-PUNCH
100
AcDbLine
10
19310
20
32650
30
0
11
19390
21
32650
31
0
0
LINE
5
84F
330
10E
100
AcDbEntity
8
ST-RB-PUNCH
100
AcDbLine
10
19310
20
32750
30
0
11
19390
21
32750
31
0
0
LINE
5
850
330
10E
100
AcDbEntity
8
ST-RB-PUNCH
100
AcDbLine
10
19310
20
32850
30
0
11
19390
21
32850
31
0
0
LINE
5
851
330
10E
100
AcDbEntity
8
ST-RB-PUNCH
100
AcDbLine
10
19310
20
32950
30
0
11
19390
21
32950
31
0
0
TEXT
5
852
330
10E
100
AcDbEntity
8
ST-RB-TEXT
100
AcDbText
10
19480
20
32980
30
0
40
160
1
5X7-T10-100
50
90
7
STANDARD
72
0
100
AcDbText
73
0
0
LINE
5
853
330
10E
100
AcDbEntity
8
ST-RB-PUNCH
100
AcDbLine
10
18250
20
32250
30
0
11
18850
21
32250
31
0
0
LINE
5
854
330
10E
100
AcDbEntity
8
ST-RB-PUNCH
100
AcDbLine
10
18250
20
32210
30
0
11
18250
21
32290
31
0
0
LINE
5
855
330
10E
100
AcDbEntity
8
ST-RB-PUNCH
100
AcDbLine
10
18350
20
32210
30
0
11
18350
21
32290
31
0
0
LINE
5
856
330
10E
100
AcDbEntity
8
ST-RB-PUNCH
100
AcDbLine
10
18450
20
32210
30
0
11
18450
21
32290
31
0
0
LINE
5
857
330
10E
100
AcDbEntity
8
ST-RB-PUNCH
100
AcDbLine
10
18550
20
32210
30
0
11
18550
21
32290
31
0
0
LINE
5
858
330
10E
100
AcDbEntity
8
ST-RB-PUNCH
100
AcDbLine
10
18650
20
32210
30
0
11
18650
21
32290
31
0
0
LINE
5
859
330
10E
100
AcDbEntity
8
ST-RB-PUNCH
100
AcDbLine
10
18750
20
32210
30
0
11
18750
21
32290
31
0
0
LINE
5
85A
330
10E
100
AcDbEntity
8
ST-RB-PUNCH
100
AcDbLine
10
18850
20
32210
30
0
11
18850
21
32290
31
0
0
LINE
5
85B
330
10E
100
AcDbEntity
8
ST-RB-PUNCH
100
AcDbLine
10
18250
20
32150
30
0
11
18850
21
32150
31
0
0
LINE
5
85C
330
10E
100
AcDbEntity
8
ST-RB-PUNCH
100
AcDbLine
10
18250
20
32110
30
0
11
18250
21
32190
31
0
0
LINE
5
85D
330
10E
100
AcDbEntity
8
ST-RB-PUNCH
100
AcDbLine
10
18350
20
32110
30
0
11
18350
21
32190
31
0
0
LINE
5
85E
330
10E
100
AcDbEntity
8
ST-RB-PUNCH
100
AcDbLine
10
18450
20
32110
30
0
11
18450
21
32190
31
0
0
LINE
5
85F
330
10E
100
AcDbEntity
8
ST-RB-PUNCH
100
AcDbLine
10
18550
20
32110
30
0
11
18550
21
32190
31
0
0
LINE
5
860
330
10E
100
AcDbEntity
8
ST-RB-PUNCH
100
AcDbLine
10
18650
20
32110
30
0
11
18650
21
32190
31
0
0
LINE
5
861
330
10E
100
AcDbEntity
8
ST-RB-PUNCH
100
AcDbLine
10
18750
20
32110
30
0
11
18750
21
32190
31
0
0
LINE
5
862
330
10E
100
AcDbEntity
8
ST-RB-PUNCH
100
AcDbLine
10
18850
20
32110
30
0
11
18850
21
32190
31
0
0
LINE
5
863
330
10E
100
AcDbEntity
8
ST-RB-PUNCH
100
AcDbLine
10
18250
20
32050
30
0
11
18850
21
32050
31
0
0
LINE
5
864
330
10E
100
AcDbEntity
8
ST-RB-PUNCH
100
AcDbLine
10
18250
20
32010
30
0
11
18250
21
32090
31
0
0
LINE
5
865
330
10E
100
AcDbEntity
8
ST-RB-PUNCH
100
AcDbLine
10
18350
20
32010
30
0
11
18350
21
32090
31
0
0
LINE
5
866
330
10E
100
AcDbEntity
8
ST-RB-PUNCH
100
AcDbLine
10
18450
20
32010
30
0
11
18450
21
32090
31
0
0
LINE
5
867
330
10E
100
AcDbEntity
8
ST-RB-PUNCH
100
AcDbLine
10
18550
20
32010
30
0
11
18550
21
32090
31
0
0
LINE
5
868
330
10E
100
AcDbEntity
8
ST-RB-PUNCH
100
AcDbLine
10
18650
20
32010
30
0
11
18650
21
32090
31
0
0
LINE
5
869
330
10E
100
AcDbEntity
8
ST-RB-PUNCH
100
AcDbLine
10
18750
20
32010
30
0
11
18750
21
32090
31
0
0
LINE
5
86A
330
10E
100
AcDbEntity
8
ST-RB-PUNCH
100
AcDbLine
10
18850
20
32010
30
0
11
18850
21
32090
31
0
0
LINE
5
86B
330
10E
100
AcDbEntity
8
ST-RB-PUNCH
100
AcDbLine
10
18250
20
31950
30
0
11
18850
21
31950
31
0
0
LINE
5
86C
330
10E
100
AcDbEntity
8
ST-RB-PUNCH
100
AcDbLine
10
18250
20
31910
30
0
11
18250
21
31990
31
0
0
LINE
5
86D
330
10E
100
AcDbEntity
8
ST-RB-PUNCH
100
AcDbLine
10
18350
20
31910
30
0
11
18350
21
31990
31
0
0
LINE
5
86E
330
10E
100
AcDbEntity
8
ST-RB-PUNCH
100
AcDbLine
10
18450
20
31910
30
0
11
18450
21
31990
31
0
0
LINE
5
86F
330
10E
100
AcDbEntity
8
ST-RB-PUNCH
100
AcDbLine
10
18550
20
31910
30
0
11
18550
21
31990
31
0
0
LINE
5
870
330
10E
100
AcDbEntity
8
ST-RB-PUNCH
100
AcDbLine
10
18650
20
31910
30
0
11
18650
21
31990
31
0
0
LINE
5
871
330
10E
100
AcDbEntity
8
ST-RB-PUNCH
100
AcDbLine
10
18750
20
31910
30
0
11
18750
21
31990
31
0
0
LINE
5
872
330
10E
100
AcDbEntity
8
ST-RB-PUNCH
100
AcDbLine
10
18850
20
31910
30
0
11
18850
21
31990
31
0
0
LINE
5
873
330
10E
100
AcDbEntity
8
ST-RB-PUNCH
100
AcDbLine
10
18250
20
31850
30
0
11
18850
21
31850
31
0
0
LINE
5
874
330
10E
100
AcDbEntity
8
ST-RB-PUNCH
100
AcDbLine
10
18250
20
31810
30
0
11
18250
21
31890
31
0
0
LINE
5
875
330
10E
100
AcDbEntity
8
ST-RB-PUNCH
100
AcDbLine
10
18350
20
31810
30
0
11
18350
21
31890
31
0
0
LINE
5
876
330
10E
100
AcDbEntity
8
ST-RB-PUNCH
100
AcDbLine
10
18450
20
31810
30
0
11
18450
21
31890
31
0
0
LINE
5
877
330
10E
100
AcDbEntity
8
ST-RB-PUNCH
100
AcDbLine
10
18550
20
31810
30
0
11
18550
21
31890
31
0
0
LINE
5
878
330
10E
100
AcDbEntity
8
ST-RB-PUNCH
100
AcDbLine
10
18650
20
31810
30
0
11
18650
21
31890
31
0
0
LINE
5
879
330
10E
100
AcDbEntity
8
ST-RB-PUNCH
100
AcDbLine
10
18750
20
31810
30
0
11
18750
21
31890
31
0
0
LINE
5
87A
330
10E
100
AcDbEntity
8
ST-RB-PUNCH
100
AcDbLine
10
18850
20
31810
30
0
11
18850
21
31890
31
0
0
TEXT
5
87B
330
10E
100
AcDbEntity
8
ST-RB-TEXT
100
AcDbText
10
18880
20
31750
30
0
40
160
1
5X7-T10-100
7
STANDARD
72
0
100
AcDbText
73
0
0
LINE
5
87C
330
10E
100
AcDbEntity
8
ST-RB-PUNCH
100
AcDbLine
10
18250
20
33050
30
0
11
18850
21
33050
31
0
0
LINE
5
87D
330
10E
100
AcDbEntity
8
ST-RB-PUNCH
100
AcDbLine
10
18250
20
33010
30
0
11
18250
21
33090
31
0
0
LINE
5
87E
330
10E
100
AcDbEntity
8
ST-RB-PUNCH
100
AcDbLine
10
18350
20
33010
30
0
11
18350
21
33090
31
0
0
LINE
5
87F
330
10E
100
AcDbEntity
8
ST-RB-PUNCH
100
AcDbLine
10
18450
20
33010
30
0
11
18450
21
33090
31
0
0
LINE
5
880
330
10E
100
AcDbEntity
8
ST-RB-PUNCH
100
AcDbLine
10
18550
20
33010
30
0
11
18550
21
33090
31
0
0
LINE
5
881
330
10E
100
AcDbEntity
8
ST-RB-PUNCH
100
AcDbLine
10
18650
20
33010
30
0
11
18650
21
33090
31
0
0
LINE
5
882
330
10E
100
AcDbEntity
8
ST-RB-PUNCH
100
AcDbLine
10
18750
20
33010
30
0
11
18750
21
33090
31
0
0
LINE
5
883
330
10E
100
AcDbEntity
8
ST-RB-PUNCH
100
AcDbLine
10
18850
20
33010
30
0
11
18850
21
33090
31
0
0
LINE
5
884
330
10E
100
AcDbEntity
8
ST-RB-PUNCH
100
AcDbLine
10
18250
20
33150
30
0
11
18850
21
33150
31
0
0
LINE
5
885
330
10E
100
AcDbEntity
8
ST-RB-PUNCH
100
AcDbLine
10
18250
20
33110
30
0
11
18250
21
33190
31
0
0
LINE
5
886
330
10E
100
AcDbEntity
8
ST-RB-PUNCH
100
AcDbLine
10
18350
20
33110
30
0
11
18350
21
33190
31
0
0
LINE
5
887
330
10E
100
AcDbEntity
8
ST-RB-PUNCH
100
AcDbLine
10
18450
20
33110
30
0
11
18450
21
33190
31
0
0
LINE
5
888
330
10E
100
AcDbEntity
8
ST-RB-PUNCH
100
AcDbLine
10
18550
20
33110
30
0
11
18550
21
33190
31
0
0
LINE
5
889
330
10E
100
AcDbEntity
8
ST-RB-PUNCH
100
AcDbLine
10
18650
20
33110
30
0
11
18650
21
33190
31
0
0
LINE
5
88A
330
10E
100
AcDbEntity
8
ST-RB-PUNCH
100
AcDbLine
10
18750
20
33110
30
0
11
18750
21
33190
31
0
0
LINE
5
88B
330
10E
100
AcDbEntity
8
ST-RB-PUNCH
100
AcDbLine
10
18850
20
33110
30
0
11
18850
21
33190
31
0
0
LINE
5
88C
330
10E
100
AcDbEntity
8
ST-RB-PUNCH
100
AcDbLine
10
18250
20
33250
30
0
11
18850
21
33250
31
0
0
LINE
5
88D
330
10E
100
AcDbEntity
8
ST-RB-PUNCH
100
AcDbLine
10
18250
20
33210
30
0
11
18250
21
33290
31
0
0
LINE
5
88E
330
10E
100
AcDbEntity
8
ST-RB-PUNCH
100
AcDbLine
10
18350
20
33210
30
0
11
18350
21
33290
31
0
0
LINE
5
88F
330
10E
100
AcDbEntity
8
ST-RB-PUNCH
100
AcDbLine
10
18450
20
33210
30
0
11
18450
21
33290
31
0
0
LINE
5
890
330
10E
100
AcDbEntity
8
ST-RB-PUNCH
100
AcDbLine
10
18550
20
33210
30
0
11
18550
21
33290
31
0
0
LINE
5
891
330
10E
100
AcDbEntity
8
ST-RB-PUNCH
100
AcDbLine
10
18650
20
33210
30
0
11
18650
21
33290
31
0
0
LINE
5
892
330
10E
100
AcDbEntity
8
ST-RB-PUNCH
100
AcDbLine
10
18750
20
33210
30
0
11
18750
21
33290
31
0
0
LINE
5
893
330
10E
100
AcDbEntity
8
ST-RB-PUNCH
100
AcDbLine
10
18850
20
33210
30
0
11
18850
21
33290
31
0
0
LINE
5
894
330
10E
100
AcDbEntity
8
ST-RB-PUNCH
100
AcDbLine
10
18250
20
33350
30
0
11
18850
21
33350
31
0
0
LINE
5
895
330
10E
100
AcDbEntity
8
ST-RB-PUNCH
100
AcDbLine
10
18250
20
33310
30
0
11
18250
21
33390
31
0
0
LINE
5
896
330
10E
100
AcDbEntity
8
ST-RB-PUNCH
100
AcDbLine
10
18350
20
33310
30
0
11
18350
21
33390
31
0
0
LINE
5
897
330
10E
100
AcDbEntity
8
ST-RB-PUNCH
100
AcDbLine
10
18450
20
33310
30
0
11
18450
21
33390
31
0
0
LINE
5
898
330
10E
100
AcDbEntity
8
ST-RB-PUNCH
100
AcDbLine
10
18550
20
33310
30
0
11
18550
21
33390
31
0
0
LINE
5
899
330
10E
100
AcDbEntity
8
ST-RB-PUNCH
100
AcDbLine
10
18650
20
33310
30
0
11
18650
21
33390
31
0
0
LINE
5
89A
330
10E
100
AcDbEntity
8
ST-RB-PUNCH
100
AcDbLine
10
18750
20
33310
30
0
11
18750
21
33390
31
0
0
LINE
5
89B
330
10E
100
AcDbEntity
8
ST-RB-PUNCH
100
AcDbLine
10
18850
20
33310
30
0
11
18850
21
33390
31
0
0
LINE
5
89C
330
10E
100
AcDbEntity
8
ST-RB-PUNCH
100
AcDbLine
10
18250
20
33450
30
0
11
18850
21
33450
31
0
0
LINE
5
89D
330
10E
100
AcDbEntity
8
ST-RB-PUNCH
100
AcDbLine
10
18250
20
33410
30
0
11
18250
21
33490
31
0
0
LINE
5
89E
330
10E
100
AcDbEntity
8
ST-RB-PUNCH
100
AcDbLine
10
18350
20
33410
30
0
11
18350
21
33490
31
0
0
LINE
5
89F
330
10E
100
AcDbEntity
8
ST-RB-PUNCH
100
AcDbLine
10
18450
20
33410
30
0
11
18450
21
33490
31
0
0
LINE
5
8A0
330
10E
100
AcDbEntity
8
ST-RB-PUNCH
100
AcDbLine
10
18550
20
33410
30
0
11
18550
21
33490
31
0
0
LINE
5
8A1
330
10E
100
AcDbEntity
8
ST-RB-PUNCH
100
AcDbLine
10
18650
20
33410
30
0
11
18650
21
33490
31
0
0
LINE
5
8A2
330
10E
100
AcDbEntity
8
ST-RB-PUNCH
100
AcDbLine
10
18750
20
33410
30
0
11
18750
21
33490
31
0
0
LINE
5
8A3
330
10E
100
AcDbEntity
8
ST-RB-PUNCH
100
AcDbLine
10
18850
20
33410
30
0
11
18850
21
33490
31
0
0
TEXT
5
8A4
330
10E
100
AcDbEntity
8
ST-RB-TEXT
100
AcDbText
10
18880
20
33550
30
0
40
160
1
5X7-T10-100
7
STANDARD
72
0
100
AcDbText
73
0
0
TEXT
5
8A5
330
10E
100
AcDbEntity
8
ST-RB-TYPE
100
AcDbText
10
18100
20
33100
30
0
40
250
1
PS1
7
STANDARD
72
2
11
18100
21
33100
31
0
100
AcDbText
73
0
0
LINE
5
8A6
330
10E
100
AcDbEntity
8
ST-RB-PUNCH
100
AcDbLine
10
25650
20
32350
30
0
11
25650
21
32950
31
0
0
LINE
5
8A7
330
10E
100
AcDbEntity
8
ST-RB-PUNCH
100
AcDbLine
10
25610
20
32350
30
0
11
25690
21
32350
31
0
0
LINE
5
8A8
330
10E
100
AcDbEntity
8
ST-RB-PUNCH
100
AcDbLine
10
25610
20
32450
30
0
11
25690
21
32450
31
0
0
LINE
5
8A9
330
10E
100
AcDbEntity
8
ST-RB-PUNCH
100
AcDbLine
10
25610
20
32550
30
0
11
25690
21
32550
31
0
0
LINE
5
8AA
330
10E
100
AcDbEntity
8
ST-RB-PUNCH
100
AcDbLine
10
25610
20
32650
30
0
11
25690
21
32650
31
0
0
LINE
5
8AB
330
10E
100
AcDbEntity
8
ST-RB-PUNCH
100
AcDbLine
10
25610
20
32750
30
0
11
25690
21
32750
31
0
0
LINE
5
8AC
330
10E
100
AcDbEntity
8
ST-RB-PUNCH
100
AcDbLine
10
25610
20
32850
30
0
11
25690
21
32850
31
0
0
LINE
5
8AD
330
10E
100
AcDbEntity
8
ST-RB-PUNCH
100
AcDbLine
10
25610
20
32950
30
0
11
25690
21
32950
31
0
0
LINE
5
8AE
330
10E
100
AcDbEntity
8
ST-RB-PUNCH
100
AcDbLine
10
25550
20
32350
30
0
11
25550
21
32950
31
0
0
LINE
5
8AF
330
10E
100
AcDbEntity
8
ST-RB-PUNCH
100
AcDbLine
10
25510
20
32350
30
0
11
25590
21
32350
31
0
0
LINE
5
8B0
330
10E
100
AcDbEntity
8
ST-RB-PUNCH
100
AcDbLine
10
25510
20
32450
30
0
11
25590
21
32450
31
0
0
LINE
5
8B1
330
10E
100
AcDbEntity
8
ST-RB-PUNCH
100
AcDbLine
10
25510
20
32550
30
0
11
25590
21
32550
31
0
0
LINE
5
8B2
330
10E
100
AcDbEntity
8
ST-RB-PUNCH
100
AcDbLine
10
25510
20
32650
30
0
11
25590
21
32650
31
0
0
LINE
5
8B3
330
10E
100
AcDbEntity
8
ST-RB-PUNCH
100
AcDbLine
10
25510
20
32750
30
0
11
25590
21
32750
31
0
0
LINE
5
8B4
330
10E
100
AcDbEntity
8
ST-RB-PUNCH
100
AcDbLine
10
25510
20
32850
30
0
11
25590
21
32850
31
0
0
LINE
5
8B5
330
10E
100
AcDbEntity
8
ST-RB-PUNCH
100
AcDbLine
10
25510
20
32950
30
0
11
25590
21
32950
31
0
0
LINE
5
8B6
330
10E
100
AcDbEntity
8
ST-RB-PUNCH
100
AcDbLine
10
25450
20
32350
30
0
11
25450
21
32950
31
0
0
LINE
5
8B7
330
10E
100
AcDbEntity
8
ST-RB-PUNCH
100
AcDbLine
10
25410
20
32350
30
0
11
25490
21
32350
31
0
0
LINE
5
8B8
330
10E
100
AcDbEntity
8
ST-RB-PUNCH
100
AcDbLine
10
25410
20
32450
30
0
11
25490
21
32450
31
0
0
LINE
5
8B9
330
10E
100
AcDbEntity
8
ST-RB-PUNCH
100
AcDbLine
10
25410
20
32550
30
0
11
25490
21
32550
31
0
0
LINE
5
8BA
330
10E
100
AcDbEntity
8
ST-RB-PUNCH
100
AcDbLine
10
25410
20
32650
30
0
11
25490
21
32650
31
0
0
LINE
5
8BB
330
10E
100
AcDbEntity
8
ST-RB-PUNCH
100
AcDbLine
10
25410
20
32750
30
0
11
25490
21
32750
31
0
0
LINE
5
8BC
330
10E
100
AcDbEntity
8
ST-RB-PUNCH
100
AcDbLine
10
25410
20
32850
30
0
11
25490
21
32850
31
0
0
LINE
5
8BD
330
10E
100
AcDbEntity
8
ST-RB-PUNCH
100
AcDbLine
10
25410
20
32950
30
0
11
25490
21
32950
31
0
0
LINE
5
8BE
330
10E
100
AcDbEntity
8
ST-RB-PUNCH
100
AcDbLine
10
25350
20
32350
30
0
11
25350
21
32950
31
0
0
LINE
5
8BF
330
10E
100
AcDbEntity
8
ST-RB-PUNCH
100
AcDbLine
10
25310
20
32350
30
0
11
25390
21
32350
31
0
0
LINE
5
8C0
330
10E
100
AcDbEntity
8
ST-RB-PUNCH
100
AcDbLine
10
25310
20
32450
30
0
11
25390
21
32450
31
0
0
LINE
5
8C1
330
10E
100
AcDbEntity
8
ST-RB-PUNCH
100
AcDbLine
10
25310
20
32550
30
0
11
25390
21
32550
31
0
0
LINE
5
8C2
330
10E
100
AcDbEntity
8
ST-RB-PUNCH
100
AcDbLine
10
25310
20
32650
30
0
11
25390
21
32650
31
0
0
LINE
5
8C3
330
10E
100
AcDbEntity
8
ST-RB-PUNCH
100
AcDbLine
10
25310
20
32750
30
0
11
25390
21
32750
31
0
0
LINE
5
8C4
330
10E
100
AcDbEntity
8
ST-RB-PUNCH
100
AcDbLine
10
25310
20
32850
30
0
11
25390
21
32850
31
0
0
LINE
5
8C5
330
10E
100
AcDbEntity
8
ST-RB-PUNCH
100
AcDbLine
10
25310
20
32950
30
0
11
25390
21
32950
31
0
0
LINE
5
8C6
330
10E
100
AcDbEntity
8
ST-RB-PUNCH
100
AcDbLine
10
25250
20
32350
30
0
11
25250
21
32950
31
0
0
LINE
5
8C7
330
10E
100
AcDbEntity
8
ST-RB-PUNCH
100
AcDbLine
10
25210
20
32350
30
0
11
25290
21
32350
31
0
0
LINE
5
8C8
330
10E
100
AcDbEntity
8
ST-RB-PUNCH
100
AcDbLine
10
25210
20
32450
30
0
11
25290
21
32450
31
0
0
LINE
5
8C9
330
10E
100
AcDbEntity
8
ST-RB-PUNCH
100
AcDbLine
10
25210
20
32550
30
0
11
25290
21
32550
31
0
0
LINE
5
8CA
330
10E
100
AcDbEntity
8
ST-RB-PUNCH
100
AcDbLine
10
25210
20
32650
30
0
11
25290
21
32650
31
0
0
LINE
5
8CB
330
10E
100
AcDbEntity
8
ST-RB-PUNCH
100
AcDbLine
10
25210
20
32750
30
0
11
25290
21
32750
31
0
0
LINE
5
8CC
330
10E
100
AcDbEntity
8
ST-RB-PUNCH
100
AcDbLine
10
25210
20
32850
30
0
11
25290
21
32850
31
0
0
LINE
5
8CD
330
10E
100
AcDbEntity
8
ST-RB-PUNCH
100
AcDbLine
10
25210
20
32950
30
0
11
25290
21
32950
31
0
0
TEXT
5
8CE
330
10E
100
AcDbEntity
8
ST-RB-TEXT
100
AcDbText
10
25120
20
32980
30
0
40
160
1
5X7-T10-100
50
90
7
STANDARD
72
0
100
AcDbText
73
0
0
LINE
5
8CF
330
10E
100
AcDbEntity
8
ST-RB-PUNCH
100
AcDbLine
10
26450
20
32350
30
0
11
26450
21
32950
31
0
0
LINE
5
8D0
330
10E
100
AcDbEntity
8
ST-RB-PUNCH
100
AcDbLine
10
26410
20
32350
30
0
11
26490
21
32350
31
0
0
LINE
5
8D1
330
10E
100
AcDbEntity
8
ST-RB-PUNCH
100
AcDbLine
10
26410
20
32450
30
0
11
26490
21
32450
31
0
0
LINE
5
8D2
330
10E
100
AcDbEntity
8
ST-RB-PUNCH
100
AcDbLine
10
26410
20
32550
30
0
11
26490
21
32550
31
0
0
LINE
5
8D3
330
10E
100
AcDbEntity
8
ST-RB-PUNCH
100
AcDbLine
10
26410
20
32650
30
0
11
26490
21
32650
31
0
0
LINE
5
8D4
330
10E
100
AcDbEntity
8
ST-RB-PUNCH
100
AcDbLine
10
26410
20
32750
30
0
11
26490
21
32750
31
0
0
LINE
5
8D5
330
10E
100
AcDbEntity
8
ST-RB-PUNCH
100
AcDbLine
10
26410
20
32850
30
0
11
26490
21
32850
31
0
0
LINE
5
8D6
330
10E
100
AcDbEntity
8
ST-RB-PUNCH
100
AcDbLine
10
26410
20
32950
30
0
11
26490
21
32950
31
0
0
LINE
5
8D7
330
10E
100
AcDbEntity
8
ST-RB-PUNCH
100
AcDbLine
10
26550
20
32350
30
0
11
26550
21
32950
31
0
0
LINE
5
8D8
330
10E
100
AcDbEntity
8
ST-RB-PUNCH
100
AcDbLine
10
26510
20
32350
30
0
11
26590
21
32350
31
0
0
LINE
5
8D9
330
10E
100
AcDbEntity
8
ST-RB-PUNCH
100
AcDbLine
10
26510
20
32450
30
0
11
26590
21
32450
31
0
0
LINE
5
8DA
330
10E
100
AcDbEntity
8
ST-RB-PUNCH
100
AcDbLine
10
26510
20
32550
30
0
11
26590
21
32550
31
0
0
LINE
5
8DB
330
10E
100
AcDbEntity
8
ST-RB-PUNCH
100
AcDbLine
10
26510
20
32650
30
0
11
26590
21
32650
31
0
0
LINE
5
8DC
330
10E
100
AcDbEntity
8
ST-RB-PUNCH
100
AcDbLine
10
26510
20
32750
30
0
11
26590
21
32750
31
0
0
LINE
5
8DD
330
10E
100
AcDbEntity
8
ST-RB-PUNCH
100
AcDbLine
10
26510
20
32850
30
0
11
26590
21
32850
31
0
0
LINE
5
8DE
330
10E
100
AcDbEntity
8
ST-RB-PUNCH
100
AcDbLine
10
26510
20
32950
30
0
11
26590
21
32950
31
0
0
LINE
5
8DF
330
10E
100
AcDbEntity
8
ST-RB-PUNCH
100
AcDbLine
10
26650
20
32350
30
0
11
26650
21
32950
31
0
0
LINE
5
8E0
330
10E
100
AcDbEntity
8
ST-RB-PUNCH
100
AcDbLine
10
26610
20
32350
30
0
11
26690
21
32350
31
0
0
LINE
5
8E1
330
10E
100
AcDbEntity
8
ST-RB-PUNCH
100
AcDbLine
10
26610
20
32450
30
0
11
26690
21
32450
31
0
0
LINE
5
8E2
330
10E
100
AcDbEntity
8
ST-RB-PUNCH
100
AcDbLine
10
26610
20
32550
30
0
11
26690
21
32550
31
0
0
LINE
5
8E3
330
10E
100
AcDbEntity
8
ST-RB-PUNCH
100
AcDbLine
10
26610
20
32650
30
0
11
26690
21
32650
31
0
0
LINE
5
8E4
330
10E
100
AcDbEntity
8
ST-RB-PUNCH
100
AcDbLine
10
26610
20
32750
30
0
11
26690
21
32750
31
0
0
LINE
5
8E5
330
10E
100
AcDbEntity
8
ST-RB-PUNCH
100
AcDbLine
10
26610
20
32850
30
0
11
26690
21
32850
31
0
0
LINE
5
8E6
330
10E
100
AcDbEntity
8
ST-RB-PUNCH
100
AcDbLine
10
26610
20
32950
30
0
11
26690
21
32950
31
0
0
LINE
5
8E7
330
10E
100
AcDbEntity
8
ST-RB-PUNCH
100
AcDbLine
10
26750
20
32350
30
0
11
26750
21
32950
31
0
0
LINE
5
8E8
330
10E
100
AcDbEntity
8
ST-RB-PUNCH
100
AcDbLine
10
26710
20
32350
30
0
11
26790
21
32350
31
0
0
LINE
5
8E9
330
10E
100
AcDbEntity
8
ST-RB-PUNCH
100
AcDbLine
10
26710
20
32450
30
0
11
26790
21
32450
31
0
0
LINE
5
8EA
330
10E
100
AcDbEntity
8
ST-RB-PUNCH
100
AcDbLine
10
26710
20
32550
30
0
11
26790
21
32550
31
0
0
LINE
5
8EB
330
10E
100
AcDbEntity
8
ST-RB-PUNCH
100
AcDbLine
10
26710
20
32650
30
0
11
26790
21
32650
31
0
0
LINE
5
8EC
330
10E
100
AcDbEntity
8
ST-RB-PUNCH
100
AcDbLine
10
26710
20
32750
30
0
11
26790
21
32750
31
0
0
LINE
5
8ED
330
10E
100
AcDbEntity
8
ST-RB-PUNCH
100
AcDbLine
10
26710
20
32850
30
0
11
26790
21
32850
31
0
0
LINE
5
8EE
330
10E
100
AcDbEntity
8
ST-RB-PUNCH
100
AcDbLine
10
26710
20
32950
30
0
11
26790
21
32950
31
0
0
LINE
5
8EF
330
10E
100
AcDbEntity
8
ST-RB-PUNCH
100
AcDbLine
10
26850
20
32350
30
0
11
26850
21
32950
31
0
0
LINE
5
8F0
330
10E
100
AcDbEntity
8
ST-RB-PUNCH
100
AcDbLine
10
26810
20
32350
30
0
11
26890
21
32350
31
0
0
LINE
5
8F1
330
10E
100
AcDbEntity
8
ST-RB-PUNCH
100
AcDbLine
10
26810
20
32450
30
0
11
26890
21
32450
31
0
0
LINE
5
8F2
330
10E
100
AcDbEntity
8
ST-RB-PUNCH
100
AcDbLine
10
26810
20
32550
30
0
11
26890
21
32550
31
0
0
LINE
5
8F3
330
10E
100
AcDbEntity
8
ST-RB-PUNCH
100
AcDbLine
10
26810
20
32650
30
0
11
26890
21
32650
31
0
0
LINE
5
8F4
330
10E
100
AcDbEntity
8
ST-RB-PUNCH
100
AcDbLine
10
26810
20
32750
30
0
11
26890
21
32750
31
0
0
LINE
5
8F5
330
10E
100
AcDbEntity
8
ST-RB-PUNCH
100
AcDbLine
10
26810
20
32850
30
0
11
26890
21
32850
31
0
0
LINE
5
8F6
330
10E
100
AcDbEntity
8
ST-RB-PUNCH
100
AcDbLine
10
26810
20
32950
30
0
11
26890
21
32950
31
0
0
TEXT
5
8F7
330
10E
100
AcDbEntity
8
ST-RB-TEXT
100
AcDbText
10
26980
20
32980
30
0
40
160
1
5X7-T10-100
50
90
7
STANDARD
72
0
100
AcDbText
73
0
0
LINE
5
8F8
330
10E
100
AcDbEntity
8
ST-RB-PUNCH
100
AcDbLine
10
25750
20
32250
30
0
11
26350
21
32250
31
0
0
LINE
5
8F9
330
10E
100
AcDbEntity
8
ST-RB-PUNCH
100
AcDbLine
10
25750
20
32210
30
0
11
25750
21
32290
31
0
0
LINE
5
8FA
330
10E
100
AcDbEntity
8
ST-RB-PUNCH
100
AcDbLine
10
25850
20
32210
30
0
11
25850
21
32290
31
0
0
LINE
5
8FB
330
10E
100
AcDbEntity
8
ST-RB-PUNCH
100
AcDbLine
10
25950
20
32210
30
0
11
25950
21
32290
31
0
0
LINE
5
8FC
330
10E
100
AcDbEntity
8
ST-RB-PUNCH
100
AcDbLine
10
26050
20
32210
30
0
11
26050
21
32290
31
0
0
LINE
5
8FD
330
10E
100
AcDbEntity
8
ST-RB-PUNCH
100
AcDbLine
10
26150
20
32210
30
0
11
26150
21
32290
31
0
0
LINE
5
8FE
330
10E
100
AcDbEntity
8
ST-RB-PUNCH
100
AcDbLine
10
26250
20
32210
30
0
11
26250
21
32290
31
0
0
LINE
5
8FF
330
10E
100
AcDbEntity
8
ST-RB-PUNCH
100
AcDbLine
10
26350
20
32210
30
0
11
26350
21
32290
31
0
0
LINE
5
900
330
10E
100
AcDbEntity
8
ST-RB-PUNCH
100
AcDbLine
10
25750
20
32150
30
0
11
26350
21
32150
31
0
0
LINE
5
901
330
10E
100
AcDbEntity
8
ST-RB-PUNCH
100
AcDbLine
10
25750
20
32110
30
0
11
25750
21
32190
31
0
0
LINE
5
902
330
10E
100
AcDbEntity
8
ST-RB-PUNCH
100
AcDbLine
10
25850
20
32110
30
0
11
25850
21
32190
31
0
0
LINE
5
903
330
10E
100
AcDbEntity
8
ST-RB-PUNCH
100
AcDbLine
10
25950
20
32110
30
0
11
25950
21
32190
31
0
0
LINE
5
904
330
10E
100
AcDbEntity
8
ST-RB-PUNCH
100
AcDbLine
10
26050
20
32110
30
0
11
26050
21
32190
31
0
0
LINE
5
905
330
10E
100
AcDbEntity
8
ST-RB-PUNCH
100
AcDbLine
10
26150
20
32110
30
0
11
26150
21
32190
31
0
0
LINE
5
906
330
10E
100
AcDbEntity
8
ST-RB-PUNCH
100
AcDbLine
10
26250
20
32110
30
0
11
26250
21
32190
31
0
0
LINE
5
907
330
10E
100
AcDbEntity
8
ST-RB-PUNCH
100
AcDbLine
10
26350
20
32110
30
0
11
26350
21
32190
31
0
0
LINE
5
908
330
10E
100
AcDbEntity
8
ST-RB-PUNCH
100
AcDbLine
10
25750
20
32050
30
0
11
26350
21
32050
31
0
0
LINE
5
909
330
10E
100
AcDbEntity
8
ST-RB-PUNCH
100
AcDbLine
10
25750
20
32010
30
0
11
25750
21
32090
31
0
0
LINE
5
90A
330
10E
100
AcDbEntity
8
ST-RB-PUNCH
100
AcDbLine
10
25850
20
32010
30
0
11
25850
21
32090
31
0
0
LINE
5
90B
330
10E
100
AcDbEntity
8
ST-RB-PUNCH
100
AcDbLine
10
25950
20
32010
30
0
11
25950
21
32090
31
0
0
LINE
5
90C
330
10E
100
AcDbEntity
8
ST-RB-PUNCH
100
AcDbLine
10
26050
20
32010
30
0
11
26050
21
32090
31
0
0
LINE
5
90D
330
10E
100
AcDbEntity
8
ST-RB-PUNCH
100
AcDbLine
10
26150
20
32010
30
0
11
26150
21
32090
31
0
0
LINE
5
90E
330
10E
100
AcDbEntity
8
ST-RB-PUNCH
100
AcDbLine
10
26250
20
32010
30
0
11
26250
21
32090
31
0
0
LINE
5
90F
330
10E
100
AcDbEntity
8
ST-RB-PUNCH
100
AcDbLine
10
26350
20
32010
30
0
11
26350
21
32090
31
0
0
LINE
5
910
330
10E
100
AcDbEntity
8
ST-RB-PUNCH
100
AcDbLine
10
25750
20
31950
30
0
11
26350
21
31950
31
0
0
LINE
5
911
330
10E
100
AcDbEntity
8
ST-RB-PUNCH
100
AcDbLine
10
25750
20
31910
30
0
11
25750
21
31990
31
0
0
LINE
5
912
330
10E
100
AcDbEntity
8
ST-RB-PUNCH
100
AcDbLine
10
25850
20
31910
30
0
11
25850
21
31990
31
0
0
LINE
5
913
330
10E
100
AcDbEntity
8
ST-RB-PUNCH
100
AcDbLine
10
25950
20
31910
30
0
11
25950
21
31990
31
0
0
LINE
5
914
330
10E
100
AcDbEntity
8
ST-RB-PUNCH
100
AcDbLine
10
26050
20
31910
30
0
11
26050
21
31990
31
0
0
LINE
5
915
330
10E
100
AcDbEntity
8
ST-RB-PUNCH
100
AcDbLine
10
26150
20
31910
30
0
11
26150
21
31990
31
0
0
LINE
5
916
330
10E
100
AcDbEntity
8
ST-RB-PUNCH
100
AcDbLine
10
26250
20
31910
30
0
11
26250
21
31990
31
0
0
LINE
5
917
330
10E
100
AcDbEntity
8
ST-RB-PUNCH
100
AcDbLine
10
26350
20
31910
30
0
11
26350
21
31990
31
0
0
LINE
5
918
330
10E
100
AcDbEntity
8
ST-RB-PUNCH
100
AcDbLine
10
25750
20
31850
30
0
11
26350
21
31850
31
0
0
LINE
5
919
330
10E
100
AcDbEntity
8
ST-RB-PUNCH
100
AcDbLine
10
25750
20
31810
30
0
11
25750
21
31890
31
0
0
LINE
5
91A
330
10E
100
AcDbEntity
8
ST-RB-PUNCH
100
AcDbLine
10
25850
20
31810
30
0
11
25850
21
31890
31
0
0
LINE
5
91B
330
10E
100
AcDbEntity
8
ST-RB-PUNCH
100
AcDbLine
10
25950
20
31810
30
0
11
25950
21
31890
31
0
0
LINE
5
91C
330
10E
100
AcDbEntity
8
ST-RB-PUNCH
100
AcDbLine
10
26050
20
31810
30
0
11
26050
21
31890
31
0
0
LINE
5
91D
330
10E
100
AcDbEntity
8
ST-RB-PUNCH
100
AcDbLine
10
26150
20
31810
30
0
11
26150
21
31890
31
0
0
LINE
5
91E
330
10E
100
AcDbEntity
8
ST-RB-PUNCH
100
AcDbLine
10
26250
20
31810
30
0
11
26250
21
31890
31
0
0
LINE
5
91F
330
10E
100
AcDbEntity
8
ST-RB-PUNCH
100
AcDbLine
10
26350
20
31810
30
0
11
26350
21
31890
31
0
0
TEXT
5
920
330
10E
100
AcDbEntity
8
ST-RB-TEXT
100
AcDbText
10
26380
20
31750
30
0
40
160
1
5X7-T10-100
7
STANDARD
72
0
100
AcDbText
73
0
0
LINE
5
921
330
10E
100
AcDbEntity
8
ST-RB-PUNCH
100
AcDbLine
10
25750
20
33050
30
0
11
26350
21
33050
31
0
0
LINE
5
922
330
10E
100
AcDbEntity
8
ST-RB-PUNCH
100
AcDbLine
10
25750
20
33010
30
0
11
25750
21
33090
31
0
0
LINE
5
923
330
10E
100
AcDbEntity
8
ST-RB-PUNCH
100
AcDbLine
10
25850
20
33010
30
0
11
25850
21
33090
31
0
0
LINE
5
924
330
10E
100
AcDbEntity
8
ST-RB-PUNCH
100
AcDbLine
10
25950
20
33010
30
0
11
25950
21
33090
31
0
0
LINE
5
925
330
10E
100
AcDbEntity
8
ST-RB-PUNCH
100
AcDbLine
10
26050
20
33010
30
0
11
26050
21
33090
31
0
0
LINE
5
926
330
10E
100
AcDbEntity
8
ST-RB-PUNCH
100
AcDbLine
10
26150
20
33010
30
0
11
26150
21
33090
31
0
0
LINE
5
927
330
10E
100
AcDbEntity
8
ST-RB-PUNCH
100
AcDbLine
10
26250
20
33010
30
0
11
26250
21
33090
31
0
0
LINE
5
928
330
10E
100
AcDbEntity
8
ST-RB-PUNCH
100
AcDbLine
10
26350
20
33010
30
0
11
26350
21
33090
31
0
0
LINE
5
929
330
10E
100
AcDbEntity
8
ST-RB-PUNCH
100
AcDbLine
10
25750
20
33150
30
0
11
26350
21
33150
31
0
0
LINE
5
92A
330
10E
100
AcDbEntity
8
ST-RB-PUNCH
100
AcDbLine
10
25750
20
33110
30
0
11
25750
21
33190
31
0
0
LINE
5
92B
330
10E
100
AcDbEntity
8
ST-RB-PUNCH
100
AcDbLine
10
25850
20
33110
30
0
11
25850
21
33190
31
0
0
LINE
5
92C
330
10E
100
AcDbEntity
8
ST-RB-PUNCH
100
AcDbLine
10
25950
20
33110
30
0
11
25950
21
33190
31
0
0
LINE
5
92D
330
10E
100
AcDbEntity
8
ST-RB-PUNCH
100
AcDbLine
10
26050
20
33110
30
0
11
26050
21
33190
31
0
0
LINE
5
92E
330
10E
100
AcDbEntity
8
ST-RB-PUNCH
100
AcDbLine
10
26150
20
33110
30
0
11
26150
21
33190
31
0
0
LINE
5
92F
330
10E
100
AcDbEntity
8
ST-RB-PUNCH
100
AcDbLine
10
26250
20
33110
30
0
11
26250
21
33190
31
0
0
LINE
5
930
330
10E
100
AcDbEntity
8
ST-RB-PUNCH
100
AcDbLine
10
26350
20
33110
30
0
11
26350
21
33190
31
0
0
LINE
5
931
330
10E
100
AcDbEntity
8
ST-RB-PUNCH
100
AcDbLine
10
25750
20
33250
30
0
11
26350
21
33250
31
0
0
LINE
5
932
330
10E
100
AcDbEntity
8
ST-RB-PUNCH
100
AcDbLine
10
25750
20
33210
30
0
11
25750
21
33290
31
0
0
LINE
5
933
330
10E
100
AcDbEntity
8
ST-RB-PUNCH
100
AcDbLine
10
25850
20
33210
30
0
11
25850
21
33290
31
0
0
LINE
5
934
330
10E
100
AcDbEntity
8
ST-RB-PUNCH
100
AcDbLine
10
25950
20
33210
30
0
11
25950
21
33290
31
0
0
LINE
5
935
330
10E
100
AcDbEntity
8
ST-RB-PUNCH
100
AcDbLine
10
26050
20
33210
30
0
11
26050
21
33290
31
0
0
LINE
5
936
330
10E
100
AcDbEntity
8
ST-RB-PUNCH
100
AcDbLine
10
26150
20
33210
30
0
11
26150
21
33290
31
0
0
LINE
5
937
330
10E
100
AcDbEntity
8
ST-RB-PUNCH
100
AcDbLine
10
26250
20
33210
30
0
11
26250
21
33290
31
0
0
LINE
5
938
330
10E
100
AcDbEntity
8
ST-RB-PUNCH
100
AcDbLine
10
26350
20
33210
30
0
11
26350
21
33290
31
0
0
LINE
5
939
330
10E
100
AcDbEntity
8
ST-RB-PUNCH
100
AcDbLine
10
25750
20
33350
30
0
11
26350
21
33350
31
0
0
LINE
5
93A
330
10E
100
AcDbEntity
8
ST-RB-PUNCH
100
AcDbLine
10
25750
20
33310
30
0
11
25750
21
33390
31
0
0
LINE
5
93B
330
10E
100
AcDbEntity
8
ST-RB-PUNCH
100
AcDbLine
10
25850
20
33310
30
0
11
25850
21
33390
31
0
0
LINE
5
93C
330
10E
100
AcDbEntity
8
ST-RB-PUNCH
100
AcDbLine
10
25950
20
33310
30
0
11
25950
21
33390
31
0
0
LINE
5
93D
330
10E
100
AcDbEntity
8
ST-RB-PUNCH
100
AcDbLine
10
26050
20
33310
30
0
11
26050
21
33390
31
0
0
LINE
5
93E
330
10E
100
AcDbEntity
8
ST-RB-PUNCH
100
AcDbLine
10
26150
20
33310
30
0
11
26150
21
33390
31
0
0
LINE
5
93F
330
10E
100
AcDbEntity
8
ST-RB-PUNCH
100
AcDbLine
10
26250
20
33310
30
0
11
26250
21
33390
31
0
0
LINE
5
940
330
10E
100
AcDbEntity
8
ST-RB-PUNCH
100
AcDbLine
10
26350
20
33310
30
0
11
26350
21
33390
31
0
0
LINE
5
941
330
10E
100
AcDbEntity
8
ST-RB-PUNCH
100
AcDbLine
10
25750
20
33450
30
0
11
26350
21
33450
31
0
0
LINE
5
942
330
10E
100
AcDbEntity
8
ST-RB-PUNCH
100
AcDbLine
10
25750
20
33410
30
0
11
25750
21
33490
31
0
0
LINE
5
943
330
10E
100
AcDbEntity
8
ST-RB-PUNCH
100
AcDbLine
10
25850
20
33410
30
0
11
25850
21
33490
31
0
0
LINE
5
944
330
10E
100
AcDbEntity
8
ST-RB-PUNCH
100
AcDbLine
10
25950
20
33410
30
0
11
25950
21
33490
31
0
0
LINE
5
945
330
10E
100
AcDbEntity
8
ST-RB-PUNCH
100
AcDbLine
10
26050
20
33410
30
0
11
26050
21
33490
31
0
0
LINE
5
946
330
10E
100
AcDbEntity
8
ST-RB-PUNCH
100
AcDbLine
10
26150
20
33410
30
0
11
26150
21
33490
31
0
0
LINE
5
947
330
10E
100
AcDbEntity
8
ST-RB-PUNCH
100
AcDbLine
10
26250
20
33410
30
0
11
26250
21
33490
31
0
0
LINE
5
948
330
10E
100
AcDbEntity
8
ST-RB-PUNCH
100
AcDbLine
10
26350
20
33410
30
0
11
26350
21
33490
31
0
0
TEXT
5
949
330
10E
100
AcDbEntity
8
ST-RB-TEXT
100
AcDbText
10
26380
20
33550
30
0
40
160
1
5X7-T10-100
7
STANDARD
72
0
100
AcDbText
73
0
0
TEXT
5
94A
330
10E
100
AcDbEntity
8
ST-RB-TYPE
100
AcDbText
10
25600
20
33100
30
0
40
250
1
PS1
7
STANDARD
72
2
11
25600
21
33100
31
0
100
AcDbText
73
0
0
LINE
5
94B
330
10E
100
AcDbEntity
8
ST-RB-PUNCH
100
AcDbLine
10
33150
20
32350
30
0
11
33150
21
32950
31
0
0
LINE
5
94C
330
10E
100
AcDbEntity
8
ST-RB-PUNCH
100
AcDbLine
10
33110
20
32350
30
0
11
33190
21
32350
31
0
0
LINE
5
94D
330
10E
100
AcDbEntity
8
ST-RB-PUNCH
100
AcDbLine
10
33110
20
32450
30
0
11
33190
21
32450
31
0
0
LINE
5
94E
330
10E
100
AcDbEntity
8
ST-RB-PUNCH
100
AcDbLine
10
33110
20
32550
30
0
11
33190
21
32550
31
0
0
LINE
5
94F
330
10E
100
AcDbEntity
8
ST-RB-PUNCH
100
AcDbLine
10
33110
20
32650
30
0
11
33190
21
32650
31
0
0
LINE
5
950
330
10E
100
AcDbEntity
8
ST-RB-PUNCH
100
AcDbLine
10
33110
20
32750
30
0
11
33190
21
32750
31
0
0
LINE
5
951
330
10E
100
AcDbEntity
8
ST-RB-PUNCH
100
AcDbLine
10
33110
20
32850
30
0
11
33190
21
32850
31
0
0
LINE
5
952
330
10E
100
AcDbEntity
8
ST-RB-PUNCH
100
AcDbLine
10
33110
20
32950
30
0
11
33190
21
32950
31
0
0
LINE
5
953
330
10E
100
AcDbEntity
8
ST-RB-PUNCH
100
AcDbLine
10
33050
20
32350
30
0
11
33050
21
32950
31
0
0
LINE
5
954
330
10E
100
AcDbEntity
8
ST-RB-PUNCH
100
AcDbLine
10
33010
20
32350
30
0
11
33090
21
32350
31
0
0
LINE
5
955
330
10E
100
AcDbEntity
8
ST-RB-PUNCH
100
AcDbLine
10
33010
20
32450
30
0
11
33090
21
32450
31
0
0
LINE
5
956
330
10E
100
AcDbEntity
8
ST-RB-PUNCH
100
AcDbLine
10
33010
20
32550
30
0
11
33090
21
32550
31
0
0
LINE
5
957
330
10E
100
AcDbEntity
8
ST-RB-PUNCH
100
AcDbLine
10
33010
20
32650
30
0
11
33090
21
32650
31
0
0
LINE
5
958
330
10E
100
AcDbEntity
8
ST-RB-PUNCH
100
AcDbLine
10
33010
20
32750
30
0
11
33090
21
32750
31
0
0
LINE
5
959
330
10E
100
AcDbEntity
8
ST-RB-PUNCH
100
AcDbLine
10
33010
20
32850
30
0
11
33090
21
32850
31
0
0
LINE
5
95A
330
10E
100
AcDbEntity
8
ST-RB-PUNCH
100
AcDbLine
10
33010
20
32950
30
0
11
33090
21
32950
31
0
0
LINE
5
95B
330
10E
100
AcDbEntity
8
ST-RB-PUNCH
100
AcDbLine
10
32950
20
32350
30
0
11
32950
21
32950
31
0
0
LINE
5
95C
330
10E
100
AcDbEntity
8
ST-RB-PUNCH
100
AcDbLine
10
32910
20
32350
30
0
11
32990
21
32350
31
0
0
LINE
5
95D
330
10E
100
AcDbEntity
8
ST-RB-PUNCH
100
AcDbLine
10
32910
20
32450
30
0
11
32990
21
32450
31
0
0
LINE
5
95E
330
10E
100
AcDbEntity
8
ST-RB-PUNCH
100
AcDbLine
10
32910
20
32550
30
0
11
32990
21
32550
31
0
0
LINE
5
95F
330
10E
100
AcDbEntity
8
ST-RB-PUNCH
100
AcDbLine
10
32910
20
32650
30
0
11
32990
21
32650
31
0
0
LINE
5
960
330
10E
100
AcDbEntity
8
ST-RB-PUNCH
100
AcDbLine
10
32910
20
32750
30
0
11
32990
21
32750
31
0
0
LINE
5
961
330
10E
100
AcDbEntity
8
ST-RB-PUNCH
100
AcDbLine
10
32910
20
32850
30
0
11
32990
21
32850
31
0
0
LINE
5
962
330
10E
100
AcDbEntity
8
ST-RB-PUNCH
100
AcDbLine
10
32910
20
32950
30
0
11
32990
21
32950
31
0
0
LINE
5
963
330
10E
100
AcDbEntity
8
ST-RB-PUNCH
100
AcDbLine
10
32850
20
32350
30
0
11
32850
21
32950
31
0
0
LINE
5
964
330
10E
100
AcDbEntity
8
ST-RB-PUNCH
100
AcDbLine
10
32810
20
32350
30
0
11
32890
21
32350
31
0
0
LINE
5
965
330
10E
100
AcDbEntity
8
ST-RB-PUNCH
100
AcDbLine
10
32810
20
32450
30
0
11
32890
21
32450
31
0
0
LINE
5
966
330
10E
100
AcDbEntity
8
ST-RB-PUNCH
100
AcDbLine
10
32810
20
32550
30
0
11
32890
21
32550
31
0
0
LINE
5
967
330
10E
100
AcDbEntity
8
ST-RB-PUNCH
100
AcDbLine
10
32810
20
32650
30
0
11
32890
21
32650
31
0
0
LINE
5
968
330
10E
100
AcDbEntity
8
ST-RB-PUNCH
100
AcDbLine
10
32810
20
32750
30
0
11
32890
21
32750
31
0
0
LINE
5
969
330
10E
100
AcDbEntity
8
ST-RB-PUNCH
100
AcDbLine
10
32810
20
32850
30
0
11
32890
21
32850
31
0
0
LINE
5
96A
330
10E
100
AcDbEntity
8
ST-RB-PUNCH
100
AcDbLine
10
32810
20
32950
30
0
11
32890
21
32950
31
0
0
LINE
5
96B
330
10E
100
AcDbEntity
8
ST-RB-PUNCH
100
AcDbLine
10
32750
20
32350
30
0
11
32750
21
32950
31
0
0
LINE
5
96C
330
10E
100
AcDbEntity
8
ST-RB-PUNCH
100
AcDbLine
10
32710
20
32350
30
0
11
32790
21
32350
31
0
0
LINE
5
96D
330
10E
100
AcDbEntity
8
ST-RB-PUNCH
100
AcDbLine
10
32710
20
32450
30
0
11
32790
21
32450
31
0
0
LINE
5
96E
330
10E
100
AcDbEntity
8
ST-RB-PUNCH
100
AcDbLine
10
32710
20
32550
30
0
11
32790
21
32550
31
0
0
LINE
5
96F
330
10E
100
AcDbEntity
8
ST-RB-PUNCH
100
AcDbLine
10
32710
20
32650
30
0
11
32790
21
32650
31
0
0
LINE
5
970
330
10E
100
AcDbEntity
8
ST-RB-PUNCH
100
AcDbLine
10
32710
20
32750
30
0
11
32790
21
32750
31
0
0
LINE
5
971
330
10E
100
AcDbEntity
8
ST-RB-PUNCH
100
AcDbLine
10
32710
20
32850
30
0
11
32790
21
32850
31
0
0
LINE
5
972
330
10E
100
AcDbEntity
8
ST-RB-PUNCH
100
AcDbLine
10
32710
20
32950
30
0
11
32790
21
32950
31
0
0
TEXT
5
973
330
10E
100
AcDbEntity
8
ST-RB-TEXT
100
AcDbText
10
32620
20
32980
30
0
40
160
1
5X7-T10-100
50
90
7
STANDARD
72
0
100
AcDbText
73
0
0
LINE
5
974
330
10E
100
AcDbEntity
8
ST-RB-PUNCH
100
AcDbLine
10
33950
20
32350
30
0
11
33950
21
32950
31
0
0
LINE
5
975
330
10E
100
AcDbEntity
8
ST-RB-PUNCH
100
AcDbLine
10
33910
20
32350
30
0
11
33990
21
32350
31
0
0
LINE
5
976
330
10E
100
AcDbEntity
8
ST-RB-PUNCH
100
AcDbLine
10
33910
20
32450
30
0
11
33990
21
32450
31
0
0
LINE
5
977
330
10E
100
AcDbEntity
8
ST-RB-PUNCH
100
AcDbLine
10
33910
20
32550
30
0
11
33990
21
32550
31
0
0
LINE
5
978
330
10E
100
AcDbEntity
8
ST-RB-PUNCH
100
AcDbLine
10
33910
20
32650
30
0
11
33990
21
32650
31
0
0
LINE
5
979
330
10E
100
AcDbEntity
8
ST-RB-PUNCH
100
AcDbLine
10
33910
20
32750
30
0
11
33990
21
32750
31
0
0
LINE
5
97A
330
10E
100
AcDbEntity
8
ST-RB-PUNCH
100
AcDbLine
10
33910
20
32850
30
0
11
33990
21
32850
31
0
0
LINE
5
97B
330
10E
100
AcDbEntity
8
ST-RB-PUNCH
100
AcDbLine
10
33910
20
32950
30
0
11
33990
21
32950
31
0
0
LINE
5
97C
330
10E
100
AcDbEntity
8
ST-RB-PUNCH
100
AcDbLine
10
34050
20
32350
30
0
11
34050
21
32950
31
0
0
LINE
5
97D
330
10E
100
AcDbEntity
8
ST-RB-PUNCH
100
AcDbLine
10
34010
20
32350
30
0
11
34090
21
32350
31
0
0
LINE
5
97E
330
10E
100
AcDbEntity
8
ST-RB-PUNCH
100
AcDbLine
10
34010
20
32450
30
0
11
34090
21
32450
31
0
0
LINE
5
97F
330
10E
100
AcDbEntity
8
ST-RB-PUNCH
100
AcDbLine
10
34010
20
32550
30
0
11
34090
21
32550
31
0
0
LINE
5
980
330
10E
100
AcDbEntity
8
ST-RB-PUNCH
100
AcDbLine
10
34010
20
32650
30
0
11
34090
21
32650
31
0
0
LINE
5
981
330
10E
100
AcDbEntity
8
ST-RB-PUNCH
100
AcDbLine
10
34010
20
32750
30
0
11
34090
21
32750
31
0
0
LINE
5
982
330
10E
100
AcDbEntity
8
ST-RB-PUNCH
100
AcDbLine
10
34010
20
32850
30
0
11
34090
21
32850
31
0
0
LINE
5
983
330
10E
100
AcDbEntity
8
ST-RB-PUNCH
100
AcDbLine
10
34010
20
32950
30
0
11
34090
21
32950
31
0
0
LINE
5
984
330
10E
100
AcDbEntity
8
ST-RB-PUNCH
100
AcDbLine
10
34150
20
32350
30
0
11
34150
21
32950
31
0
0
LINE
5
985
330
10E
100
AcDbEntity
8
ST-RB-PUNCH
100
AcDbLine
10
34110
20
32350
30
0
11
34190
21
32350
31
0
0
LINE
5
986
330
10E
100
AcDbEntity
8
ST-RB-PUNCH
100
AcDbLine
10
34110
20
32450
30
0
11
34190
21
32450
31
0
0
LINE
5
987
330
10E
100
AcDbEntity
8
ST-RB-PUNCH
100
AcDbLine
10
34110
20
32550
30
0
11
34190
21
32550
31
0
0
LINE
5
988
330
10E
100
AcDbEntity
8
ST-RB-PUNCH
100
AcDbLine
10
34110
20
32650
30
0
11
34190
21
32650
31
0
0
LINE
5
989
330
10E
100
AcDbEntity
8
ST-RB-PUNCH
100
AcDbLine
10
34110
20
32750
30
0
11
34190
21
32750
31
0
0
LINE
5
98A
330
10E
100
AcDbEntity
8
ST-RB-PUNCH
100
AcDbLine
10
34110
20
32850
30
0
11
34190
21
32850
31
0
0
LINE
5
98B
330
10E
100
AcDbEntity
8
ST-RB-PUNCH
100
AcDbLine
10
34110
20
32950
30
0
11
34190
21
32950
31
0
0
LINE
5
98C
330
10E
100
AcDbEntity
8
ST-RB-PUNCH
100
AcDbLine
10
34250
20
32350
30
0
11
34250
21
32950
31
0
0
LINE
5
98D
330
10E
100
AcDbEntity
8
ST-RB-PUNCH
100
AcDbLine
10
34210
20
32350
30
0
11
34290
21
32350
31
0
0
LINE
5
98E
330
10E
100
AcDbEntity
8
ST-RB-PUNCH
100
AcDbLine
10
34210
20
32450
30
0
11
34290
21
32450
31
0
0
LINE
5
98F
330
10E
100
AcDbEntity
8
ST-RB-PUNCH
100
AcDbLine
10
34210
20
32550
30
0
11
34290
21
32550
31
0
0
LINE
5
990
330
10E
100
AcDbEntity
8
ST-RB-PUNCH
100
AcDbLine
10
34210
20
32650
30
0
11
34290
21
32650
31
0
0
LINE
5
991
330
10E
100
AcDbEntity
8
ST-RB-PUNCH
100
AcDbLine
10
34210
20
32750
30
0
11
34290
21
32750
31
0
0
LINE
5
992
330
10E
100
AcDbEntity
8
ST-RB-PUNCH
100
AcDbLine
10
34210
20
32850
30
0
11
34290
21
32850
31
0
0
LINE
5
993
330
10E
100
AcDbEntity
8
ST-RB-PUNCH
100
AcDbLine
10
34210
20
32950
30
0
11
34290
21
32950
31
0
0
LINE
5
994
330
10E
100
AcDbEntity
8
ST-RB-PUNCH
100
AcDbLine
10
34350
20
32350
30
0
11
34350
21
32950
31
0
0
LINE
5
995
330
10E
100
AcDbEntity
8
ST-RB-PUNCH
100
AcDbLine
10
34310
20
32350
30
0
11
34390
21
32350
31
0
0
LINE
5
996
330
10E
100
AcDbEntity
8
ST-RB-PUNCH
100
AcDbLine
10
34310
20
32450
30
0
11
34390
21
32450
31
0
0
LINE
5
997
330
10E
100
AcDbEntity
8
ST-RB-PUNCH
100
AcDbLine
10
34310
20
32550
30
0
11
34390
21
32550
31
0
0
LINE
5
998
330
10E
100
AcDbEntity
8
ST-RB-PUNCH
100
AcDbLine
10
34310
20
32650
30
0
11
34390
21
32650
31
0
0
LINE
5
999
330
10E
100
AcDbEntity
8
ST-RB-PUNCH
100
AcDbLine
10
34310
20
32750
30
0
11
34390
21
32750
31
0
0
LINE
5
99A
330
10E
100
AcDbEntity
8
ST-RB-PUNCH
100
AcDbLine
10
34310
20
32850
30
0
11
34390
21
32850
31
0
0
LINE
5
99B
330
10E
100
AcDbEntity
8
ST-RB-PUNCH
100
AcDbLine
10
34310
20
32950
30
0
11
34390
21
32950
31
0
0
TEXT
5
99C
330
10E
100
AcDbEntity
8
ST-RB-TEXT
100
AcDbText
10
34480
20
32980
30
0
40
160
1
5X7-T10-100
50
90
7
STANDARD
72
0
100
AcDbText
73
0
0
LINE
5
99D
330
10E
100
AcDbEntity
8
ST-RB-PUNCH
100
AcDbLine
10
33250
20
32250
30
0
11
33850
21
32250
31
0
0
LINE
5
99E
330
10E
100
AcDbEntity
8
ST-RB-PUNCH
100
AcDbLine
10
33250
20
32210
30
0
11
33250
21
32290
31
0
0
LINE
5
99F
330
10E
100
AcDbEntity
8
ST-RB-PUNCH
100
AcDbLine
10
33350
20
32210
30
0
11
33350
21
32290
31
0
0
LINE
5
9A0
330
10E
100
AcDbEntity
8
ST-RB-PUNCH
100
AcDbLine
10
33450
20
32210
30
0
11
33450
21
32290
31
0
0
LINE
5
9A1
330
10E
100
AcDbEntity
8
ST-RB-PUNCH
100
AcDbLine
10
33550
20
32210
30
0
11
33550
21
32290
31
0
0
LINE
5
9A2
330
10E
100
AcDbEntity
8
ST-RB-PUNCH
100
AcDbLine
10
33650
20
32210
30
0
11
33650
21
32290
31
0
0
LINE
5
9A3
330
10E
100
AcDbEntity
8
ST-RB-PUNCH
100
AcDbLine
10
33750
20
32210
30
0
11
33750
21
32290
31
0
0
LINE
5
9A4
330
10E
100
AcDbEntity
8
ST-RB-PUNCH
100
AcDbLine
10
33850
20
32210
30
0
11
33850
21
32290
31
0
0
LINE
5
9A5
330
10E
100
AcDbEntity
8
ST-RB-PUNCH
100
AcDbLine
10
33250
20
32150
30
0
11
33850
21
32150
31
0
0
LINE
5
9A6
330
10E
100
AcDbEntity
8
ST-RB-PUNCH
100
AcDbLine
10
33250
20
32110
30
0
11
33250
21
32190
31
0
0
LINE
5
9A7
330
10E
100
AcDbEntity
8
ST-RB-PUNCH
100
AcDbLine
10
33350
20
32110
30
0
11
33350
21
32190
31
0
0
LINE
5
9A8
330
10E
100
AcDbEntity
8
ST-RB-PUNCH
100
AcDbLine
10
33450
20
32110
30
0
11
33450
21
32190
31
0
0
LINE
5
9A9
330
10E
100
AcDbEntity
8
ST-RB-PUNCH
100
AcDbLine
10
33550
20
32110
30
0
11
33550
21
32190
31
0
0
LINE
5
9AA
330
10E
100
AcDbEntity
8
ST-RB-PUNCH
100
AcDbLine
10
33650
20
32110
30
0
11
33650
21
32190
31
0
0
LINE
5
9AB
330
10E
100
AcDbEntity
8
ST-RB-PUNCH
100
AcDbLine
10
33750
20
32110
30
0
11
33750
21
32190
31
0
0
LINE
5
9AC
330
10E
100
AcDbEntity
8
ST-RB-PUNCH
100
AcDbLine
10
33850
20
32110
30
0
11
33850
21
32190
31
0
0
LINE
5
9AD
330
10E
100
AcDbEntity
8
ST-RB-PUNCH
100
AcDbLine
10
33250
20
32050
30
0
11
33850
21
32050
31
0
0
LINE
5
9AE
330
10E
100
AcDbEntity
8
ST-RB-PUNCH
100
AcDbLine
10
33250
20
32010
30
0
11
33250
21
32090
31
0
0
LINE
5
9AF
330
10E
100
AcDbEntity
8
ST-RB-PUNCH
100
AcDbLine
10
33350
20
32010
30
0
11
33350
21
32090
31
0
0
LINE
5
9B0
330
10E
100
AcDbEntity
8
ST-RB-PUNCH
100
AcDbLine
10
33450
20
32010
30
0
11
33450
21
32090
31
0
0
LINE
5
9B1
330
10E
100
AcDbEntity
8
ST-RB-PUNCH
100
AcDbLine
10
33550
20
32010
30
0
11
33550
21
32090
31
0
0
LINE
5
9B2
330
10E
100
AcDbEntity
8
ST-RB-PUNCH
100
AcDbLine
10
33650
20
32010
30
0
11
33650
21
32090
31
0
0
LINE
5
9B3
330
10E
100
AcDbEntity
8
ST-RB-PUNCH
100
AcDbLine
10
33750
20
32010
30
0
11
33750
21
32090
31
0
0
LINE
5
9B4
330
10E
100
AcDbEntity
8
ST-RB-PUNCH
100
AcDbLine
10
33850
20
32010
30
0
11
33850
21
32090
31
0
0
LINE
5
9B5
330
10E
100
AcDbEntity
8
ST-RB-PUNCH
100
AcDbLine
10
33250
20
31950
30
0
11
33850
21
31950
31
0
0
LINE
5
9B6
330
10E
100
AcDbEntity
8
ST-RB-PUNCH
100
AcDbLine
10
33250
20
31910
30
0
11
33250
21
31990
31
0
0
LINE
5
9B7
330
10E
100
AcDbEntity
8
ST-RB-PUNCH
100
AcDbLine
10
33350
20
31910
30
0
11
33350
21
31990
31
0
0
LINE
5
9B8
330
10E
100
AcDbEntity
8
ST-RB-PUNCH
100
AcDbLine
10
33450
20
31910
30
0
11
33450
21
31990
31
0
0
LINE
5
9B9
330
10E
100
AcDbEntity
8
ST-RB-PUNCH
100
AcDbLine
10
33550
20
31910
30
0
11
33550
21
31990
31
0
0
LINE
5
9BA
330
10E
100
AcDbEntity
8
ST-RB-PUNCH
100
AcDbLine
10
33650
20
31910
30
0
11
33650
21
31990
31
0
0
LINE
5
9BB
330
10E
100
AcDbEntity
8
ST-RB-PUNCH
100
AcDbLine
10
33750
20
31910
30
0
11
33750
21
31990
31
0
0
LINE
5
9BC
330
10E
100
AcDbEntity
8
ST-RB-PUNCH
100
AcDbLine
10
33850
20
31910
30
0
11
33850
21
31990
31
0
0
LINE
5
9BD
330
10E
100
AcDbEntity
8
ST-RB-PUNCH
100
AcDbLine
10
33250
20
31850
30
0
11
33850
21
31850
31
0
0
LINE
5
9BE
330
10E
100
AcDbEntity
8
ST-RB-PUNCH
100
AcDbLine
10
33250
20
31810
30
0
11
33250
21
31890
31
0
0
LINE
5
9BF
330
10E
100
AcDbEntity
8
ST-RB-PUNCH
100
AcDbLine
10
33350
20
31810
30
0
11
33350
21
31890
31
0
0
LINE
5
9C0
330
10E
100
AcDbEntity
8
ST-RB-PUNCH
100
AcDbLine
10
33450
20
31810
30
0
11
33450
21
31890
31
0
0
LINE
5
9C1
330
10E
100
AcDbEntity
8
ST-RB-PUNCH
100
AcDbLine
10
33550
20
31810
30
0
11
33550
21
31890
31
0
0
LINE
5
9C2
330
10E
100
AcDbEntity
8
ST-RB-PUNCH
100
AcDbLine
10
33650
20
31810
30
0
11
33650
21
31890
31
0
0
LINE
5
9C3
330
10E
100
AcDbEntity
8
ST-RB-PUNCH
100
AcDbLine
10
33750
20
31810
30
0
11
33750
21
31890
31
0
0
LINE
5
9C4
330
10E
100
AcDbEntity
8
ST-RB-PUNCH
100
AcDbLine
10
33850
20
31810
30
0
11
33850
21
31890
31
0
0
TEXT
5
9C5
330
10E
100
AcDbEntity
8
ST-RB-TEXT
100
AcDbText
10
33880
20
31750
30
0
40
160
1
5X7-T10-100
7
STANDARD
72
0
100
AcDbText
73
0
0
LINE
5
9C6
330
10E
100
AcDbEntity
8
ST-RB-PUNCH
100
AcDbLine
10
33250
20
33050
30
0
11
33850
21
33050
31
0
0
LINE
5
9C7
330
10E
100
AcDbEntity
8
ST-RB-PUNCH
100
AcDbLine
10
33250
20
33010
30
0
11
33250
21
33090
31
0
0
LINE
5
9C8
330
10E
100
AcDbEntity
8
ST-RB-PUNCH
100
AcDbLine
10
33350
20
33010
30
0
11
33350
21
33090
31
0
0
LINE
5
9C9
330
10E
100
AcDbEntity
8
ST-RB-PUNCH
100
AcDbLine
10
33450
20
33010
30
0
11
33450
21
33090
31
0
0
LINE
5
9CA
330
10E
100
AcDbEntity
8
ST-RB-PUNCH
100
AcDbLine
10
33550
20
33010
30
0
11
33550
21
33090
31
0
0
LINE
5
9CB
330
10E
100
AcDbEntity
8
ST-RB-PUNCH
100
AcDbLine
10
33650
20
33010
30
0
11
33650
21
33090
31
0
0
LINE
5
9CC
330
10E
100
AcDbEntity
8
ST-RB-PUNCH
100
AcDbLine
10
33750
20
33010
30
0
11
33750
21
33090
31
0
0
LINE
5
9CD
330
10E
100
AcDbEntity
8
ST-RB-PUNCH
100
AcDbLine
10
33850
20
33010
30
0
11
33850
21
33090
31
0
0
LINE
5
9CE
330
10E
100
AcDbEntity
8
ST-RB-PUNCH
100
AcDbLine
10
33250
20
33150
30
0
11
33850
21
33150
31
0
0
LINE
5
9CF
330
10E
100
AcDbEntity
8
ST-RB-PUNCH
100
AcDbLine
10
33250
20
33110
30
0
11
33250
21
33190
31
0
0
LINE
5
9D0
330
10E
100
AcDbEntity
8
ST-RB-PUNCH
100
AcDbLine
10
33350
20
33110
30
0
11
33350
21
33190
31
0
0
LINE
5
9D1
330
10E
100
AcDbEntity
8
ST-RB-PUNCH
100
AcDbLine
10
33450
20
33110
30
0
11
33450
21
33190
31
0
0
LINE
5
9D2
330
10E
100
AcDbEntity
8
ST-RB-PUNCH
100
AcDbLine
10
33550
20
33110
30
0
11
33550
21
33190
31
0
0
LINE
5
9D3
330
10E
100
AcDbEntity
8
ST-RB-PUNCH
100
AcDbLine
10
33650
20
33110
30
0
11
33650
21
33190
31
0
0
LINE
5
9D4
330
10E
100
AcDbEntity
8
ST-RB-PUNCH
100
AcDbLine
10
33750
20
33110
30
0
11
33750
21
33190
31
0
0
LINE
5
9D5
330
10E
100
AcDbEntity
8
ST-RB-PUNCH
100
AcDbLine
10
33850
20
33110
30
0
11
33850
21
33190
31
0
0
LINE
5
9D6
330
10E
100
AcDbEntity
8
ST-RB-PUNCH
100
AcDbLine
10
33250
20
33250
30
0
11
33850
21
33250
31
0
0
LINE
5
9D7
330
10E
100
AcDbEntity
8
ST-RB-PUNCH
100
AcDbLine
10
33250
20
33210
30
0
11
33250
21
33290
31
0
0
LINE
5
9D8
330
10E
100
AcDbEntity
8
ST-RB-PUNCH
100
AcDbLine
10
33350
20
33210
30
0
11
33350
21
33290
31
0
0
LINE
5
9D9
330
10E
100
AcDbEntity
8
ST-RB-PUNCH
100
AcDbLine
10
33450
20
33210
30
0
11
33450
21
33290
31
0
0
LINE
5
9DA
330
10E
100
AcDbEntity
8
ST-RB-PUNCH
100
AcDbLine
10
33550
20
33210
30
0
11
33550
21
33290
31
0
0
LINE
5
9DB
330
10E
100
AcDbEntity
8
ST-RB-PUNCH
100
AcDbLine
10
33650
20
33210
30
0
11
33650
21
33290
31
0
0
LINE
5
9DC
330
10E
100
AcDbEntity
8
ST-RB-PUNCH
100
AcDbLine
10
33750
20
33210
30
0
11
33750
21
33290
31
0
0
LINE
5
9DD
330
10E
100
AcDbEntity
8
ST-RB-PUNCH
100
AcDbLine
10
33850
20
33210
30
0
11
33850
21
33290
31
0
0
LINE
5
9DE
330
10E
100
AcDbEntity
8
ST-RB-PUNCH
100
AcDbLine
10
33250
20
33350
30
0
11
33850
21
33350
31
0
0
LINE
5
9DF
330
10E
100
AcDbEntity
8
ST-RB-PUNCH
100
AcDbLine
10
33250
20
33310
30
0
11
33250
21
33390
31
0
0
LINE
5
9E0
330
10E
100
AcDbEntity
8
ST-RB-PUNCH
100
AcDbLine
10
33350
20
33310
30
0
11
33350
21
33390
31
0
0
LINE
5
9E1
330
10E
100
AcDbEntity
8
ST-RB-PUNCH
100
AcDbLine
10
33450
20
33310
30
0
11
33450
21
33390
31
0
0
LINE
5
9E2
330
10E
100
AcDbEntity
8
ST-RB-PUNCH
100
AcDbLine
10
33550
20
33310
30
0
11
33550
21
33390
31
0
0
LINE
5
9E3
330
10E
100
AcDbEntity
8
ST-RB-PUNCH
100
AcDbLine
10
33650
20
33310
30
0
11
33650
21
33390
31
0
0
LINE
5
9E4
330
10E
100
AcDbEntity
8
ST-RB-PUNCH
100
AcDbLine
10
33750
20
33310
30
0
11
33750
21
33390
31
0
0
LINE
5
9E5
330
10E
100
AcDbEntity
8
ST-RB-PUNCH
100
AcDbLine
10
33850
20
33310
30
0
11
33850
21
33390
31
0
0
LINE
5
9E6
330
10E
100
AcDbEntity
8
ST-RB-PUNCH
100
AcDbLine
10
33250
20
33450
30
0
11
33850
21
33450
31
0
0
LINE
5
9E7
330
10E
100
AcDbEntity
8
ST-RB-PUNCH
100
AcDbLine
10
33250
20
33410
30
0
11
33250
21
33490
31
0
0
LINE
5
9E8
330
10E
100
AcDbEntity
8
ST-RB-PUNCH
100
AcDbLine
10
33350
20
33410
30
0
11
33350
21
33490
31
0
0
LINE
5
9E9
330
10E
100
AcDbEntity
8
ST-RB-PUNCH
100
AcDbLine
10
33450
20
33410
30
0
11
33450
21
33490
31
0
0
LINE
5
9EA
330
10E
100
AcDbEntity
8
ST-RB-PUNCH
100
AcDbLine
10
33550
20
33410
30
0
11
33550
21
33490
31
0
0
LINE
5
9EB
330
10E
100
AcDbEntity
8
ST-RB-PUNCH
100
AcDbLine
10
33650
20
33410
30
0
11
33650
21
33490
31
0
0
LINE
5
9EC
330
10E
100
AcDbEntity
8
ST-RB-PUNCH
100
AcDbLine
10
33750
20
33410
30
0
11
33750
21
33490
31
0
0
LINE
5
9ED
330
10E
100
AcDbEntity
8
ST-RB-PUNCH
100
AcDbLine
10
33850
20
33410
30
0
11
33850
21
33490
31
0
0
TEXT
5
9EE
330
10E
100
AcDbEntity
8
ST-RB-TEXT
100
AcDbText
10
33880
20
33550
30
0
40
160
1
5X7-T10-100
7
STANDARD
72
0
100
AcDbText
73
0
0
TEXT
5
9EF
330
10E
100
AcDbEntity
8
ST-RB-TYPE
100
AcDbText
10
33100
20
33100
30
0
40
250
1
PS1
7
STANDARD
72
2
11
33100
21
33100
31
0
100
AcDbText
73
0
0
LINE
5
9F0
330
10E
100
AcDbEntity
8
ST-RB-PUNCH
100
AcDbLine
10
40650
20
32350
30
0
11
40650
21
32950
31
0
0
LINE
5
9F1
330
10E
100
AcDbEntity
8
ST-RB-PUNCH
100
AcDbLine
10
40610
20
32350
30
0
11
40690
21
32350
31
0
0
LINE
5
9F2
330
10E
100
AcDbEntity
8
ST-RB-PUNCH
100
AcDbLine
10
40610
20
32450
30
0
11
40690
21
32450
31
0
0
LINE
5
9F3
330
10E
100
AcDbEntity
8
ST-RB-PUNCH
100
AcDbLine
10
40610
20
32550
30
0
11
40690
21
32550
31
0
0
LINE
5
9F4
330
10E
100
AcDbEntity
8
ST-RB-PUNCH
100
AcDbLine
10
40610
20
32650
30
0
11
40690
21
32650
31
0
0
LINE
5
9F5
330
10E
100
AcDbEntity
8
ST-RB-PUNCH
100
AcDbLine
10
40610
20
32750
30
0
11
40690
21
32750
31
0
0
LINE
5
9F6
330
10E
100
AcDbEntity
8
ST-RB-PUNCH
100
AcDbLine
10
40610
20
32850
30
0
11
40690
21
32850
31
0
0
LINE
5
9F7
330
10E
100
AcDbEntity
8
ST-RB-PUNCH
100
AcDbLine
10
40610
20
32950
30
0
11
40690
21
32950
31
0
0
LINE
5
9F8
330
10E
100
AcDbEntity
8
ST-RB-PUNCH
100
AcDbLine
10
40550
20
32350
30
0
11
40550
21
32950
31
0
0
LINE
5
9F9
330
10E
100
AcDbEntity
8
ST-RB-PUNCH
100
AcDbLine
10
40510
20
32350
30
0
11
40590
21
32350
31
0
0
LINE
5
9FA
330
10E
100
AcDbEntity
8
ST-RB-PUNCH
100
AcDbLine
10
40510
20
32450
30
0
11
40590
21
32450
31
0
0
LINE
5
9FB
330
10E
100
AcDbEntity
8
ST-RB-PUNCH
100
AcDbLine
10
40510
20
32550
30
0
11
40590
21
32550
31
0
0
LINE
5
9FC
330
10E
100
AcDbEntity
8
ST-RB-PUNCH
100
AcDbLine
10
40510
20
32650
30
0
11
40590
21
32650
31
0
0
LINE
5
9FD
330
10E
100
AcDbEntity
8
ST-RB-PUNCH
100
AcDbLine
10
40510
20
32750
30
0
11
40590
21
32750
31
0
0
LINE
5
9FE
330
10E
100
AcDbEntity
8
ST-RB-PUNCH
100
AcDbLine
10
40510
20
32850
30
0
11
40590
21
32850
31
0
0
LINE
5
9FF
330
10E
100
AcDbEntity
8
ST-RB-PUNCH
100
AcDbLine
10
40510
20
32950
30
0
11
40590
21
32950
31
0
0
LINE
5
A00
330
10E
100
AcDbEntity
8
ST-RB-PUNCH
100
AcDbLine
10
40450
20
32350
30
0
11
40450
21
32950
31
0
0
LINE
5
A01
330
10E
100
AcDbEntity
8
ST-RB-PUNCH
100
AcDbLine
10
40410
20
32350
30
0
11
40490
21
32350
31
0
0
LINE
5
A02
330
10E
100
AcDbEntity
8
ST-RB-PUNCH
100
AcDbLine
10
40410
20
32450
30
0
11
40490
21
32450
31
0
0
LINE
5
A03
330
10E
100
AcDbEntity
8
ST-RB-PUNCH
100
AcDbLine
10
40410
20
32550
30
0
11
40490
21
32550
31
0
0
LINE
5
A04
330
10E
100
AcDbEntity
8
ST-RB-PUNCH
100
AcDbLine
10
40410
20
32650
30
0
11
40490
21
32650
31
0
0
LINE
5
A05
330
10E
100
AcDbEntity
8
ST-RB-PUNCH
100
AcDbLine
10
40410
20
32750
30
0
11
40490
21
32750
31
0
0
LINE
5
A06
330
10E
100
AcDbEntity
8
ST-RB-PUNCH
100
AcDbLine
10
40410
20
32850
30
0
11
40490
21
32850
31
0
0
LINE
5
A07
330
10E
100
AcDbEntity
8
ST-RB-PUNCH
100
AcDbLine
10
40410
20
32950
30
0
11
40490
21
32950
31
0
0
LINE
5
A08
330
10E
100
AcDbEntity
8
ST-RB-PUNCH
100
AcDbLine
10
40350
20
32350
30
0
11
40350
21
32950
31
0
0
LINE
5
A09
330
10E
100
AcDbEntity
8
ST-RB-PUNCH
100
AcDbLine
10
40310
20
32350
30
0
11
40390
21
32350
31
0
0
LINE
5
A0A
330
10E
100
AcDbEntity
8
ST-RB-PUNCH
100
AcDbLine
10
40310
20
32450
30
0
11
40390
21
32450
31
0
0
LINE
5
A0B
330
10E
100
AcDbEntity
8
ST-RB-PUNCH
100
AcDbLine
10
40310
20
32550
30
0
11
40390
21
32550
31
0
0
LINE
5
A0C
330
10E
100
AcDbEntity
8
ST-RB-PUNCH
100
AcDbLine
10
40310
20
32650
30
0
11
40390
21
32650
31
0
0
LINE
5
A0D
330
10E
100
AcDbEntity
8
ST-RB-PUNCH
100
AcDbLine
10
40310
20
32750
30
0
11
40390
21
32750
31
0
0
LINE
5
A0E
330
10E
100
AcDbEntity
8
ST-RB-PUNCH
100
AcDbLine
10
40310
20
32850
30
0
11
40390
21
32850
31
0
0
LINE
5
A0F
330
10E
100
AcDbEntity
8
ST-RB-PUNCH
100
AcDbLine
10
40310
20
32950
30
0
11
40390
21
32950
31
0
0
LINE
5
A10
330
10E
100
AcDbEntity
8
ST-RB-PUNCH
100
AcDbLine
10
40250
20
32350
30
0
11
40250
21
32950
31
0
0
LINE
5
A11
330
10E
100
AcDbEntity
8
ST-RB-PUNCH
100
AcDbLine
10
40210
20
32350
30
0
11
40290
21
32350
31
0
0
LINE
5
A12
330
10E
100
AcDbEntity
8
ST-RB-PUNCH
100
AcDbLine
10
40210
20
32450
30
0
11
40290
21
32450
31
0
0
LINE
5
A13
330
10E
100
AcDbEntity
8
ST-RB-PUNCH
100
AcDbLine
10
40210
20
32550
30
0
11
40290
21
32550
31
0
0
LINE
5
A14
330
10E
100
AcDbEntity
8
ST-RB-PUNCH
100
AcDbLine
10
40210
20
32650
30
0
11
40290
21
32650
31
0
0
LINE
5
A15
330
10E
100
AcDbEntity
8
ST-RB-PUNCH
100
AcDbLine
10
40210
20
32750
30
0
11
40290
21
32750
31
0
0
LINE
5
A16
330
10E
100
AcDbEntity
8
ST-RB-PUNCH
100
AcDbLine
10
40210
20
32850
30
0
11
40290
21
32850
31
0
0
LINE
5
A17
330
10E
100
AcDbEntity
8
ST-RB-PUNCH
100
AcDbLine
10
40210
20
32950
30
0
11
40290
21
32950
31
0
0
TEXT
5
A18
330
10E
100
AcDbEntity
8
ST-RB-TEXT
100
AcDbText
10
40120
20
32980
30
0
40
160
1
5X7-T10-100
50
90
7
STANDARD
72
0
100
AcDbText
73
0
0
LINE
5
A19
330
10E
100
AcDbEntity
8
ST-RB-PUNCH
100
AcDbLine
10
41450
20
32350
30
0
11
41450
21
32950
31
0
0
LINE
5
A1A
330
10E
100
AcDbEntity
8
ST-RB-PUNCH
100
AcDbLine
10
41410
20
32350
30
0
11
41490
21
32350
31
0
0
LINE
5
A1B
330
10E
100
AcDbEntity
8
ST-RB-PUNCH
100
AcDbLine
10
41410
20
32450
30
0
11
41490
21
32450
31
0
0
LINE
5
A1C
330
10E
100
AcDbEntity
8
ST-RB-PUNCH
100
AcDbLine
10
41410
20
32550
30
0
11
41490
21
32550
31
0
0
LINE
5
A1D
330
10E
100
AcDbEntity
8
ST-RB-PUNCH
100
AcDbLine
10
41410
20
32650
30
0
11
41490
21
32650
31
0
0
LINE
5
A1E
330
10E
100
AcDbEntity
8
ST-RB-PUNCH
100
AcDbLine
10
41410
20
32750
30
0
11
41490
21
32750
31
0
0
LINE
5
A1F
330
10E
100
AcDbEntity
8
ST-RB-PUNCH
100
AcDbLine
10
41410
20
32850
30
0
11
41490
21
32850
31
0
0
LINE
5
A20
330
10E
100
AcDbEntity
8
ST-RB-PUNCH
100
AcDbLine
10
41410
20
32950
30
0
11
41490
21
32950
31
0
0
LINE
5
A21
330
10E
100
AcDbEntity
8
ST-RB-PUNCH
100
AcDbLine
10
41550
20
32350
30
0
11
41550
21
32950
31
0
0
LINE
5
A22
330
10E
100
AcDbEntity
8
ST-RB-PUNCH
100
AcDbLine
10
41510
20
32350
30
0
11
41590
21
32350
31
0
0
LINE
5
A23
330
10E
100
AcDbEntity
8
ST-RB-PUNCH
100
AcDbLine
10
41510
20
32450
30
0
11
41590
21
32450
31
0
0
LINE
5
A24
330
10E
100
AcDbEntity
8
ST-RB-PUNCH
100
AcDbLine
10
41510
20
32550
30
0
11
41590
21
32550
31
0
0
LINE
5
A25
330
10E
100
AcDbEntity
8
ST-RB-PUNCH
100
AcDbLine
10
41510
20
32650
30
0
11
41590
21
32650
31
0
0
LINE
5
A26
330
10E
100
AcDbEntity
8
ST-RB-PUNCH
100
AcDbLine
10
41510
20
32750
30
0
11
41590
21
32750
31
0
0
LINE
5
A27
330
10E
100
AcDbEntity
8
ST-RB-PUNCH
100
AcDbLine
10
41510
20
32850
30
0
11
41590
21
32850
31
0
0
LINE
5
A28
330
10E
100
AcDbEntity
8
ST-RB-PUNCH
100
AcDbLine
10
41510
20
32950
30
0
11
41590
21
32950
31
0
0
LINE
5
A29
330
10E
100
AcDbEntity
8
ST-RB-PUNCH
100
AcDbLine
10
41650
20
32350
30
0
11
41650
21
32950
31
0
0
LINE
5
A2A
330
10E
100
AcDbEntity
8
ST-RB-PUNCH
100
AcDbLine
10
41610
20
32350
30
0
11
41690
21
32350
31
0
0
LINE
5
A2B
330
10E
100
AcDbEntity
8
ST-RB-PUNCH
100
AcDbLine
10
41610
20
32450
30
0
11
41690
21
32450
31
0
0
LINE
5
A2C
330
10E
100
AcDbEntity
8
ST-RB-PUNCH
100
AcDbLine
10
41610
20
32550
30
0
11
41690
21
32550
31
0
0
LINE
5
A2D
330
10E
100
AcDbEntity
8
ST-RB-PUNCH
100
AcDbLine
10
41610
20
32650
30
0
11
41690
21
32650
31
0
0
LINE
5
A2E
330
10E
100
AcDbEntity
8
ST-RB-PUNCH
100
AcDbLine
10
41610
20
32750
30
0
11
41690
21
32750
31
0
0
LINE
5
A2F
330
10E
100
AcDbEntity
8
ST-RB-PUNCH
100
AcDbLine
10
41610
20
32850
30
0
11
41690
21
32850
31
0
0
LINE
5
A30
330
10E
100
AcDbEntity
8
ST-RB-PUNCH
100
AcDbLine
10
41610
20
32950
30
0
11
41690
21
32950
31
0
0
LINE
5
A31
330
10E
100
AcDbEntity
8
ST-RB-PUNCH
100
AcDbLine
10
41750
20
32350
30
0
11
41750
21
32950
31
0
0
LINE
5
A32
330
10E
100
AcDbEntity
8
ST-RB-PUNCH
100
AcDbLine
10
41710
20
32350
30
0
11
41790
21
32350
31
0
0
LINE
5
A33
330
10E
100
AcDbEntity
8
ST-RB-PUNCH
100
AcDbLine
10
41710
20
32450
30
0
11
41790
21
32450
31
0
0
LINE
5
A34
330
10E
100
AcDbEntity
8
ST-RB-PUNCH
100
AcDbLine
10
41710
20
32550
30
0
11
41790
21
32550
31
0
0
LINE
5
A35
330
10E
100
AcDbEntity
8
ST-RB-PUNCH
100
AcDbLine
10
41710
20
32650
30
0
11
41790
21
32650
31
0
0
LINE
5
A36
330
10E
100
AcDbEntity
8
ST-RB-PUNCH
100
AcDbLine
10
41710
20
32750
30
0
11
41790
21
32750
31
0
0
LINE
5
A37
330
10E
100
AcDbEntity
8
ST-RB-PUNCH
100
AcDbLine
10
41710
20
32850
30
0
11
41790
21
32850
31
0
0
LINE
5
A38
330
10E
100
AcDbEntity
8
ST-RB-PUNCH
100
AcDbLine
10
41710
20
32950
30
0
11
41790
21
32950
31
0
0
LINE
5
A39
330
10E
100
AcDbEntity
8
ST-RB-PUNCH
100
AcDbLine
10
41850
20
32350
30
0
11
41850
21
32950
31
0
0
LINE
5
A3A
330
10E
100
AcDbEntity
8
ST-RB-PUNCH
100
AcDbLine
10
41810
20
32350
30
0
11
41890
21
32350
31
0
0
LINE
5
A3B
330
10E
100
AcDbEntity
8
ST-RB-PUNCH
100
AcDbLine
10
41810
20
32450
30
0
11
41890
21
32450
31
0
0
LINE
5
A3C
330
10E
100
AcDbEntity
8
ST-RB-PUNCH
100
AcDbLine
10
41810
20
32550
30
0
11
41890
21
32550
31
0
0
LINE
5
A3D
330
10E
100
AcDbEntity
8
ST-RB-PUNCH
100
AcDbLine
10
41810
20
32650
30
0
11
41890
21
32650
31
0
0
LINE
5
A3E
330
10E
100
AcDbEntity
8
ST-RB-PUNCH
100
AcDbLine
10
41810
20
32750
30
0
11
41890
21
32750
31
0
0
LINE
5
A3F
330
10E
100
AcDbEntity
8
ST-RB-PUNCH
100
AcDbLine
10
41810
20
32850
30
0
11
41890
21
32850
31
0
0
LINE
5
A40
330
10E
100
AcDbEntity
8
ST-RB-PUNCH
100
AcDbLine
10
41810
20
32950
30
0
11
41890
21
32950
31
0
0
TEXT
5
A41
330
10E
100
AcDbEntity
8
ST-RB-TEXT
100
AcDbText
10
41980
20
32980
30
0
40
160
1
5X7-T10-100
50
90
7
STANDARD
72
0
100
AcDbText
73
0
0
LINE
5
A42
330
10E
100
AcDbEntity
8
ST-RB-PUNCH
100
AcDbLine
10
40750
20
32250
30
0
11
41350
21
32250
31
0
0
LINE
5
A43
330
10E
100
AcDbEntity
8
ST-RB-PUNCH
100
AcDbLine
10
40750
20
32210
30
0
11
40750
21
32290
31
0
0
LINE
5
A44
330
10E
100
AcDbEntity
8
ST-RB-PUNCH
100
AcDbLine
10
40850
20
32210
30
0
11
40850
21
32290
31
0
0
LINE
5
A45
330
10E
100
AcDbEntity
8
ST-RB-PUNCH
100
AcDbLine
10
40950
20
32210
30
0
11
40950
21
32290
31
0
0
LINE
5
A46
330
10E
100
AcDbEntity
8
ST-RB-PUNCH
100
AcDbLine
10
41050
20
32210
30
0
11
41050
21
32290
31
0
0
LINE
5
A47
330
10E
100
AcDbEntity
8
ST-RB-PUNCH
100
AcDbLine
10
41150
20
32210
30
0
11
41150
21
32290
31
0
0
LINE
5
A48
330
10E
100
AcDbEntity
8
ST-RB-PUNCH
100
AcDbLine
10
41250
20
32210
30
0
11
41250
21
32290
31
0
0
LINE
5
A49
330
10E
100
AcDbEntity
8
ST-RB-PUNCH
100
AcDbLine
10
41350
20
32210
30
0
11
41350
21
32290
31
0
0
LINE
5
A4A
330
10E
100
AcDbEntity
8
ST-RB-PUNCH
100
AcDbLine
10
40750
20
32150
30
0
11
41350
21
32150
31
0
0
LINE
5
A4B
330
10E
100
AcDbEntity
8
ST-RB-PUNCH
100
AcDbLine
10
40750
20
32110
30
0
11
40750
21
32190
31
0
0
LINE
5
A4C
330
10E
100
AcDbEntity
8
ST-RB-PUNCH
100
AcDbLine
10
40850
20
32110
30
0
11
40850
21
32190
31
0
0
LINE
5
A4D
330
10E
100
AcDbEntity
8
ST-RB-PUNCH
100
AcDbLine
10
40950
20
32110
30
0
11
40950
21
32190
31
0
0
LINE
5
A4E
330
10E
100
AcDbEntity
8
ST-RB-PUNCH
100
AcDbLine
10
41050
20
32110
30
0
11
41050
21
32190
31
0
0
LINE
5
A4F
330
10E
100
AcDbEntity
8
ST-RB-PUNCH
100
AcDbLine
10
41150
20
32110
30
0
11
41150
21
32190
31
0
0
LINE
5
A50
330
10E
100
AcDbEntity
8
ST-RB-PUNCH
100
AcDbLine
10
41250
20
32110
30
0
11
41250
21
32190
31
0
0
LINE
5
A51
330
10E
100
AcDbEntity
8
ST-RB-PUNCH
100
AcDbLine
10
41350
20
32110
30
0
11
41350
21
32190
31
0
0
LINE
5
A52
330
10E
100
AcDbEntity
8
ST-RB-PUNCH
100
AcDbLine
10
40750
20
32050
30
0
11
41350
21
32050
31
0
0
LINE
5
A53
330
10E
100
AcDbEntity
8
ST-RB-PUNCH
100
AcDbLine
10
40750
20
32010
30
0
11
40750
21
32090
31
0
0
LINE
5
A54
330
10E
100
AcDbEntity
8
ST-RB-PUNCH
100
AcDbLine
10
40850
20
32010
30
0
11
40850
21
32090
31
0
0
LINE
5
A55
330
10E
100
AcDbEntity
8
ST-RB-PUNCH
100
AcDbLine
10
40950
20
32010
30
0
11
40950
21
32090
31
0
0
LINE
5
A56
330
10E
100
AcDbEntity
8
ST-RB-PUNCH
100
AcDbLine
10
41050
20
32010
30
0
11
41050
21
32090
31
0
0
LINE
5
A57
330
10E
100
AcDbEntity
8
ST-RB-PUNCH
100
AcDbLine
10
41150
20
32010
30
0
11
41150
21
32090
31
0
0
LINE
5
A58
330
10E
100
AcDbEntity
8
ST-RB-PUNCH
100
AcDbLine
10
41250
20
32010
30
0
11
41250
21
32090
31
0
0
LINE
5
A59
330
10E
100
AcDbEntity
8
ST-RB-PUNCH
100
AcDbLine
10
41350
20
32010
30
0
11
41350
21
32090
31
0
0
LINE
5
A5A
330
10E
100
AcDbEntity
8
ST-RB-PUNCH
100
AcDbLine
10
40750
20
31950
30
0
11
41350
21
31950
31
0
0
LINE
5
A5B
330
10E
100
AcDbEntity
8
ST-RB-PUNCH
100
AcDbLine
10
40750
20
31910
30
0
11
40750
21
31990
31
0
0
LINE
5
A5C
330
10E
100
AcDbEntity
8
ST-RB-PUNCH
100
AcDbLine
10
40850
20
31910
30
0
11
40850
21
31990
31
0
0
LINE
5
A5D
330
10E
100
AcDbEntity
8
ST-RB-PUNCH
100
AcDbLine
10
40950
20
31910
30
0
11
40950
21
31990
31
0
0
LINE
5
A5E
330
10E
100
AcDbEntity
8
ST-RB-PUNCH
100
AcDbLine
10
41050
20
31910
30
0
11
41050
21
31990
31
0
0
LINE
5
A5F
330
10E
100
AcDbEntity
8
ST-RB-PUNCH
100
AcDbLine
10
41150
20
31910
30
0
11
41150
21
31990
31
0
0
LINE
5
A60
330
10E
100
AcDbEntity
8
ST-RB-PUNCH
100
AcDbLine
10
41250
20
31910
30
0
11
41250
21
31990
31
0
0
LINE
5
A61
330
10E
100
AcDbEntity
8
ST-RB-PUNCH
100
AcDbLine
10
41350
20
31910
30
0
11
41350
21
31990
31
0
0
LINE
5
A62
330
10E
100
AcDbEntity
8
ST-RB-PUNCH
100
AcDbLine
10
40750
20
31850
30
0
11
41350
21
31850
31
0
0
LINE
5
A63
330
10E
100
AcDbEntity
8
ST-RB-PUNCH
100
AcDbLine
10
40750
20
31810
30
0
11
40750
21
31890
31
0
0
LINE
5
A64
330
10E
100
AcDbEntity
8
ST-RB-PUNCH
100
AcDbLine
10
40850
20
31810
30
0
11
40850
21
31890
31
0
0
LINE
5
A65
330
10E
100
AcDbEntity
8
ST-RB-PUNCH
100
AcDbLine
10
40950
20
31810
30
0
11
40950
21
31890
31
0
0
LINE
5
A66
330
10E
100
AcDbEntity
8
ST-RB-PUNCH
100
AcDbLine
10
41050
20
31810
30
0
11
41050
21
31890
31
0
0
LINE
5
A67
330
10E
100
AcDbEntity
8
ST-RB-PUNCH
100
AcDbLine
10
41150
20
31810
30
0
11
41150
21
31890
31
0
0
LINE
5
A68
330
10E
100
AcDbEntity
8
ST-RB-PUNCH
100
AcDbLine
10
41250
20
31810
30
0
11
41250
21
31890
31
0
0
LINE
5
A69
330
10E
100
AcDbEntity
8
ST-RB-PUNCH
100
AcDbLine
10
41350
20
31810
30
0
11
41350
21
31890
31
0
0
TEXT
5
A6A
330
10E
100
AcDbEntity
8
ST-RB-TEXT
100
AcDbText
10
41380
20
31750
30
0
40
160
1
5X7-T10-100
7
STANDARD
72
0
100
AcDbText
73
0
0
LINE
5
A6B
330
10E
100
AcDbEntity
8
ST-RB-PUNCH
100
AcDbLine
10
40750
20
33050
30
0
11
41350
21
33050
31
0
0
LINE
5
A6C
330
10E
100
AcDbEntity
8
ST-RB-PUNCH
100
AcDbLine
10
40750
20
33010
30
0
11
40750
21
33090
31
0
0
LINE
5
A6D
330
10E
100
AcDbEntity
8
ST-RB-PUNCH
100
AcDbLine
10
40850
20
33010
30
0
11
40850
21
33090
31
0
0
LINE
5
A6E
330
10E
100
AcDbEntity
8
ST-RB-PUNCH
100
AcDbLine
10
40950
20
33010
30
0
11
40950
21
33090
31
0
0
LINE
5
A6F
330
10E
100
AcDbEntity
8
ST-RB-PUNCH
100
AcDbLine
10
41050
20
33010
30
0
11
41050
21
33090
31
0
0
LINE
5
A70
330
10E
100
AcDbEntity
8
ST-RB-PUNCH
100
AcDbLine
10
41150
20
33010
30
0
11
41150
21
33090
31
0
0
LINE
5
A71
330
10E
100
AcDbEntity
8
ST-RB-PUNCH
100
AcDbLine
10
41250
20
33010
30
0
11
41250
21
33090
31
0
0
LINE
5
A72
330
10E
100
AcDbEntity
8
ST-RB-PUNCH
100
AcDbLine
10
41350
20
33010
30
0
11
41350
21
33090
31
0
0
LINE
5
A73
330
10E
100
AcDbEntity
8
ST-RB-PUNCH
100
AcDbLine
10
40750
20
33150
30
0
11
41350
21
33150
31
0
0
LINE
5
A74
330
10E
100
AcDbEntity
8
ST-RB-PUNCH
100
AcDbLine
10
40750
20
33110
30
0
11
40750
21
33190
31
0
0
LINE
5
A75
330
10E
100
AcDbEntity
8
ST-RB-PUNCH
100
AcDbLine
10
40850
20
33110
30
0
11
40850
21
33190
31
0
0
LINE
5
A76
330
10E
100
AcDbEntity
8
ST-RB-PUNCH
100
AcDbLine
10
40950
20
33110
30
0
11
40950
21
33190
31
0
0
LINE
5
A77
330
10E
100
AcDbEntity
8
ST-RB-PUNCH
100
AcDbLine
10
41050
20
33110
30
0
11
41050
21
33190
31
0
0
LINE
5
A78
330
10E
100
AcDbEntity
8
ST-RB-PUNCH
100
AcDbLine
10
41150
20
33110
30
0
11
41150
21
33190
31
0
0
LINE
5
A79
330
10E
100
AcDbEntity
8
ST-RB-PUNCH
100
AcDbLine
10
41250
20
33110
30
0
11
41250
21
33190
31
0
0
LINE
5
A7A
330
10E
100
AcDbEntity
8
ST-RB-PUNCH
100
AcDbLine
10
41350
20
33110
30
0
11
41350
21
33190
31
0
0
LINE
5
A7B
330
10E
100
AcDbEntity
8
ST-RB-PUNCH
100
AcDbLine
10
40750
20
33250
30
0
11
41350
21
33250
31
0
0
LINE
5
A7C
330
10E
100
AcDbEntity
8
ST-RB-PUNCH
100
AcDbLine
10
40750
20
33210
30
0
11
40750
21
33290
31
0
0
LINE
5
A7D
330
10E
100
AcDbEntity
8
ST-RB-PUNCH
100
AcDbLine
10
40850
20
33210
30
0
11
40850
21
33290
31
0
0
LINE
5
A7E
330
10E
100
AcDbEntity
8
ST-RB-PUNCH
100
AcDbLine
10
40950
20
33210
30
0
11
40950
21
33290
31
0
0
LINE
5
A7F
330
10E
100
AcDbEntity
8
ST-RB-PUNCH
100
AcDbLine
10
41050
20
33210
30
0
11
41050
21
33290
31
0
0
LINE
5
A80
330
10E
100
AcDbEntity
8
ST-RB-PUNCH
100
AcDbLine
10
41150
20
33210
30
0
11
41150
21
33290
31
0
0
LINE
5
A81
330
10E
100
AcDbEntity
8
ST-RB-PUNCH
100
AcDbLine
10
41250
20
33210
30
0
11
41250
21
33290
31
0
0
LINE
5
A82
330
10E
100
AcDbEntity
8
ST-RB-PUNCH
100
AcDbLine
10
41350
20
33210
30
0
11
41350
21
33290
31
0
0
LINE
5
A83
330
10E
100
AcDbEntity
8
ST-RB-PUNCH
100
AcDbLine
10
40750
20
33350
30
0
11
41350
21
33350
31
0
0
LINE
5
A84
330
10E
100
AcDbEntity
8
ST-RB-PUNCH
100
AcDbLine
10
40750
20
33310
30
0
11
40750
21
33390
31
0
0
LINE
5
A85
330
10E
100
AcDbEntity
8
ST-RB-PUNCH
100
AcDbLine
10
40850
20
33310
30
0
11
40850
21
33390
31
0
0
LINE
5
A86
330
10E
100
AcDbEntity
8
ST-RB-PUNCH
100
AcDbLine
10
40950
20
33310
30
0
11
40950
21
33390
31
0
0
LINE
5
A87
330
10E
100
AcDbEntity
8
ST-RB-PUNCH
100
AcDbLine
10
41050
20
33310
30
0
11
41050
21
33390
31
0
0
LINE
5
A88
330
10E
100
AcDbEntity
8
ST-RB-PUNCH
100
AcDbLine
10
41150
20
33310
30
0
11
41150
21
33390
31
0
0
LINE
5
A89
330
10E
100
AcDbEntity
8
ST-RB-PUNCH
100
AcDbLine
10
41250
20
33310
30
0
11
41250
21
33390
31
0
0
LINE
5
A8A
330
10E
100
AcDbEntity
8
ST-RB-PUNCH
100
AcDbLine
10
41350
20
33310
30
0
11
41350
21
33390
31
0
0
LINE
5
A8B
330
10E
100
AcDbEntity
8
ST-RB-PUNCH
100
AcDbLine
10
40750
20
33450
30
0
11
41350
21
33450
31
0
0
LINE
5
A8C
330
10E
100
AcDbEntity
8
ST-RB-PUNCH
100
AcDbLine
10
40750
20
33410
30
0
11
40750
21
33490
31
0
0
LINE
5
A8D
330
10E
100
AcDbEntity
8
ST-RB-PUNCH
100
AcDbLine
10
40850
20
33410
30
0
11
40850
21
33490
31
0
0
LINE
5
A8E
330
10E
100
AcDbEntity
8
ST-RB-PUNCH
100
AcDbLine
10
40950
20
33410
30
0
11
40950
21
33490
31
0
0
LINE
5
A8F
330
10E
100
AcDbEntity
8
ST-RB-PUNCH
100
AcDbLine
10
41050
20
33410
30
0
11
41050
21
33490
31
0
0
LINE
5
A90
330
10E
100
AcDbEntity
8
ST-RB-PUNCH
100
AcDbLine
10
41150
20
33410
30
0
11
41150
21
33490
31
0
0
LINE
5
A91
330
10E
100
AcDbEntity
8
ST-RB-PUNCH
100
AcDbLine
10
41250
20
33410
30
0
11
41250
21
33490
31
0
0
LINE
5
A92
330
10E
100
AcDbEntity
8
ST-RB-PUNCH
100
AcDbLine
10
41350
20
33410
30
0
11
41350
21
33490
31
0
0
TEXT
5
A93
330
10E
100
AcDbEntity
8
ST-RB-TEXT
100
AcDbText
10
41380
20
33550
30
0
40
160
1
5X7-T10-100
7
STANDARD
72
0
100
AcDbText
73
0
0
TEXT
5
A94
330
10E
100
AcDbEntity
8
ST-RB-TYPE
100
AcDbText
10
40600
20
33100
30
0
40
250
1
PS1
7
STANDARD
72
2
11
40600
21
33100
31
0
100
AcDbText
73
0
0
LINE
5
A95
330
10E
100
AcDbEntity
8
ST-RB-PUNCH
100
AcDbLine
10
48150
20
32350
30
0
11
48150
21
32950
31
0
0
LINE
5
A96
330
10E
100
AcDbEntity
8
ST-RB-PUNCH
100
AcDbLine
10
48110
20
32350
30
0
11
48190
21
32350
31
0
0
LINE
5
A97
330
10E
100
AcDbEntity
8
ST-RB-PUNCH
100
AcDbLine
10
48110
20
32450
30
0
11
48190
21
32450
31
0
0
LINE
5
A98
330
10E
100
AcDbEntity
8
ST-RB-PUNCH
100
AcDbLine
10
48110
20
32550
30
0
11
48190
21
32550
31
0
0
LINE
5
A99
330
10E
100
AcDbEntity
8
ST-RB-PUNCH
100
AcDbLine
10
48110
20
32650
30
0
11
48190
21
32650
31
0
0
LINE
5
A9A
330
10E
100
AcDbEntity
8
ST-RB-PUNCH
100
AcDbLine
10
48110
20
32750
30
0
11
48190
21
32750
31
0
0
LINE
5
A9B
330
10E
100
AcDbEntity
8
ST-RB-PUNCH
100
AcDbLine
10
48110
20
32850
30
0
11
48190
21
32850
31
0
0
LINE
5
A9C
330
10E
100
AcDbEntity
8
ST-RB-PUNCH
100
AcDbLine
10
48110
20
32950
30
0
11
48190
21
32950
31
0
0
LINE
5
A9D
330
10E
100
AcDbEntity
8
ST-RB-PUNCH
100
AcDbLine
10
48050
20
32350
30
0
11
48050
21
32950
31
0
0
LINE
5
A9E
330
10E
100
AcDbEntity
8
ST-RB-PUNCH
100
AcDbLine
10
48010
20
32350
30
0
11
48090
21
32350
31
0
0
LINE
5
A9F
330
10E
100
AcDbEntity
8
ST-RB-PUNCH
100
AcDbLine
10
48010
20
32450
30
0
11
48090
21
32450
31
0
0
LINE
5
AA0
330
10E
100
AcDbEntity
8
ST-RB-PUNCH
100
AcDbLine
10
48010
20
32550
30
0
11
48090
21
32550
31
0
0
LINE
5
AA1
330
10E
100
AcDbEntity
8
ST-RB-PUNCH
100
AcDbLine
10
48010
20
32650
30
0
11
48090
21
32650
31
0
0
LINE
5
AA2
330
10E
100
AcDbEntity
8
ST-RB-PUNCH
100
AcDbLine
10
48010
20
32750
30
0
11
48090
21
32750
31
0
0
LINE
5
AA3
330
10E
100
AcDbEntity
8
ST-RB-PUNCH
100
AcDbLine
10
48010
20
32850
30
0
11
48090
21
32850
31
0
0
LINE
5
AA4
330
10E
100
AcDbEntity
8
ST-RB-PUNCH
100
AcDbLine
10
48010
20
32950
30
0
11
48090
21
32950
31
0
0
LINE
5
AA5
330
10E
100
AcDbEntity
8
ST-RB-PUNCH
100
AcDbLine
10
47950
20
32350
30
0
11
47950
21
32950
31
0
0
LINE
5
AA6
330
10E
100
AcDbEntity
8
ST-RB-PUNCH
100
AcDbLine
10
47910
20
32350
30
0
11
47990
21
32350
31
0
0
LINE
5
AA7
330
10E
100
AcDbEntity
8
ST-RB-PUNCH
100
AcDbLine
10
47910
20
32450
30
0
11
47990
21
32450
31
0
0
LINE
5
AA8
330
10E
100
AcDbEntity
8
ST-RB-PUNCH
100
AcDbLine
10
47910
20
32550
30
0
11
47990
21
32550
31
0
0
LINE
5
AA9
330
10E
100
AcDbEntity
8
ST-RB-PUNCH
100
AcDbLine
10
47910
20
32650
30
0
11
47990
21
32650
31
0
0
LINE
5
AAA
330
10E
100
AcDbEntity
8
ST-RB-PUNCH
100
AcDbLine
10
47910
20
32750
30
0
11
47990
21
32750
31
0
0
LINE
5
AAB
330
10E
100
AcDbEntity
8
ST-RB-PUNCH
100
AcDbLine
10
47910
20
32850
30
0
11
47990
21
32850
31
0
0
LINE
5
AAC
330
10E
100
AcDbEntity
8
ST-RB-PUNCH
100
AcDbLine
10
47910
20
32950
30
0
11
47990
21
32950
31
0
0
LINE
5
AAD
330
10E
100
AcDbEntity
8
ST-RB-PUNCH
100
AcDbLine
10
47850
20
32350
30
0
11
47850
21
32950
31
0
0
LINE
5
AAE
330
10E
100
AcDbEntity
8
ST-RB-PUNCH
100
AcDbLine
10
47810
20
32350
30
0
11
47890
21
32350
31
0
0
LINE
5
AAF
330
10E
100
AcDbEntity
8
ST-RB-PUNCH
100
AcDbLine
10
47810
20
32450
30
0
11
47890
21
32450
31
0
0
LINE
5
AB0
330
10E
100
AcDbEntity
8
ST-RB-PUNCH
100
AcDbLine
10
47810
20
32550
30
0
11
47890
21
32550
31
0
0
LINE
5
AB1
330
10E
100
AcDbEntity
8
ST-RB-PUNCH
100
AcDbLine
10
47810
20
32650
30
0
11
47890
21
32650
31
0
0
LINE
5
AB2
330
10E
100
AcDbEntity
8
ST-RB-PUNCH
100
AcDbLine
10
47810
20
32750
30
0
11
47890
21
32750
31
0
0
LINE
5
AB3
330
10E
100
AcDbEntity
8
ST-RB-PUNCH
100
AcDbLine
10
47810
20
32850
30
0
11
47890
21
32850
31
0
0
LINE
5
AB4
330
10E
100
AcDbEntity
8
ST-RB-PUNCH
100
AcDbLine
10
47810
20
32950
30
0
11
47890
21
32950
31
0
0
LINE
5
AB5
330
10E
100
AcDbEntity
8
ST-RB-PUNCH
100
AcDbLine
10
47750
20
32350
30
0
11
47750
21
32950
31
0
0
LINE
5
AB6
330
10E
100
AcDbEntity
8
ST-RB-PUNCH
100
AcDbLine
10
47710
20
32350
30
0
11
47790
21
32350
31
0
0
LINE
5
AB7
330
10E
100
AcDbEntity
8
ST-RB-PUNCH
100
AcDbLine
10
47710
20
32450
30
0
11
47790
21
32450
31
0
0
LINE
5
AB8
330
10E
100
AcDbEntity
8
ST-RB-PUNCH
100
AcDbLine
10
47710
20
32550
30
0
11
47790
21
32550
31
0
0
LINE
5
AB9
330
10E
100
AcDbEntity
8
ST-RB-PUNCH
100
AcDbLine
10
47710
20
32650
30
0
11
47790
21
32650
31
0
0
LINE
5
ABA
330
10E
100
AcDbEntity
8
ST-RB-PUNCH
100
AcDbLine
10
47710
20
32750
30
0
11
47790
21
32750
31
0
0
LINE
5
ABB
330
10E
100
AcDbEntity
8
ST-RB-PUNCH
100
AcDbLine
10
47710
20
32850
30
0
11
47790
21
32850
31
0
0
LINE
5
ABC
330
10E
100
AcDbEntity
8
ST-RB-PUNCH
100
AcDbLine
10
47710
20
32950
30
0
11
47790
21
32950
31
0
0
TEXT
5
ABD
330
10E
100
AcDbEntity
8
ST-RB-TEXT
100
AcDbText
10
47620
20
32980
30
0
40
160
1
5X7-T10-100
50
90
7
STANDARD
72
0
100
AcDbText
73
0
0
LINE
5
ABE
330
10E
100
AcDbEntity
8
ST-RB-PUNCH
100
AcDbLine
10
48950
20
32350
30
0
11
48950
21
32950
31
0
0
LINE
5
ABF
330
10E
100
AcDbEntity
8
ST-RB-PUNCH
100
AcDbLine
10
48910
20
32350
30
0
11
48990
21
32350
31
0
0
LINE
5
AC0
330
10E
100
AcDbEntity
8
ST-RB-PUNCH
100
AcDbLine
10
48910
20
32450
30
0
11
48990
21
32450
31
0
0
LINE
5
AC1
330
10E
100
AcDbEntity
8
ST-RB-PUNCH
100
AcDbLine
10
48910
20
32550
30
0
11
48990
21
32550
31
0
0
LINE
5
AC2
330
10E
100
AcDbEntity
8
ST-RB-PUNCH
100
AcDbLine
10
48910
20
32650
30
0
11
48990
21
32650
31
0
0
LINE
5
AC3
330
10E
100
AcDbEntity
8
ST-RB-PUNCH
100
AcDbLine
10
48910
20
32750
30
0
11
48990
21
32750
31
0
0
LINE
5
AC4
330
10E
100
AcDbEntity
8
ST-RB-PUNCH
100
AcDbLine
10
48910
20
32850
30
0
11
48990
21
32850
31
0
0
LINE
5
AC5
330
10E
100
AcDbEntity
8
ST-RB-PUNCH
100
AcDbLine
10
48910
20
32950
30
0
11
48990
21
32950
31
0
0
LINE
5
AC6
330
10E
100
AcDbEntity
8
ST-RB-PUNCH
100
AcDbLine
10
49050
20
32350
30
0
11
49050
21
32950
31
0
0
LINE
5
AC7
330
10E
100
AcDbEntity
8
ST-RB-PUNCH
100
AcDbLine
10
49010
20
32350
30
0
11
49090
21
32350
31
0
0
LINE
5
AC8
330
10E
100
AcDbEntity
8
ST-RB-PUNCH
100
AcDbLine
10
49010
20
32450
30
0
11
49090
21
32450
31
0
0
LINE
5
AC9
330
10E
100
AcDbEntity
8
ST-RB-PUNCH
100
AcDbLine
10
49010
20
32550
30
0
11
49090
21
32550
31
0
0
LINE
5
ACA
330
10E
100
AcDbEntity
8
ST-RB-PUNCH
100
AcDbLine
10
49010
20
32650
30
0
11
49090
21
32650
31
0
0
LINE
5
ACB
330
10E
100
AcDbEntity
8
ST-RB-PUNCH
100
AcDbLine
10
49010
20
32750
30
0
11
49090
21
32750
31
0
0
LINE
5
ACC
330
10E
100
AcDbEntity
8
ST-RB-PUNCH
100
AcDbLine
10
49010
20
32850
30
0
11
49090
21
32850
31
0
0
LINE
5
ACD
330
10E
100
AcDbEntity
8
ST-RB-PUNCH
100
AcDbLine
10
49010
20
32950
30
0
11
49090
21
32950
31
0
0
LINE
5
ACE
330
10E
100
AcDbEntity
8
ST-RB-PUNCH
100
AcDbLine
10
49150
20
32350
30
0
11
49150
21
32950
31
0
0
LINE
5
ACF
330
10E
100
AcDbEntity
8
ST-RB-PUNCH
100
AcDbLine
10
49110
20
32350
30
0
11
49190
21
32350
31
0
0
LINE
5
AD0
330
10E
100
AcDbEntity
8
ST-RB-PUNCH
100
AcDbLine
10
49110
20
32450
30
0
11
49190
21
32450
31
0
0
LINE
5
AD1
330
10E
100
AcDbEntity
8
ST-RB-PUNCH
100
AcDbLine
10
49110
20
32550
30
0
11
49190
21
32550
31
0
0
LINE
5
AD2
330
10E
100
AcDbEntity
8
ST-RB-PUNCH
100
AcDbLine
10
49110
20
32650
30
0
11
49190
21
32650
31
0
0
LINE
5
AD3
330
10E
100
AcDbEntity
8
ST-RB-PUNCH
100
AcDbLine
10
49110
20
32750
30
0
11
49190
21
32750
31
0
0
LINE
5
AD4
330
10E
100
AcDbEntity
8
ST-RB-PUNCH
100
AcDbLine
10
49110
20
32850
30
0
11
49190
21
32850
31
0
0
LINE
5
AD5
330
10E
100
AcDbEntity
8
ST-RB-PUNCH
100
AcDbLine
10
49110
20
32950
30
0
11
49190
21
32950
31
0
0
LINE
5
AD6
330
10E
100
AcDbEntity
8
ST-RB-PUNCH
100
AcDbLine
10
49250
20
32350
30
0
11
49250
21
32950
31
0
0
LINE
5
AD7
330
10E
100
AcDbEntity
8
ST-RB-PUNCH
100
AcDbLine
10
49210
20
32350
30
0
11
49290
21
32350
31
0
0
LINE
5
AD8
330
10E
100
AcDbEntity
8
ST-RB-PUNCH
100
AcDbLine
10
49210
20
32450
30
0
11
49290
21
32450
31
0
0
LINE
5
AD9
330
10E
100
AcDbEntity
8
ST-RB-PUNCH
100
AcDbLine
10
49210
20
32550
30
0
11
49290
21
32550
31
0
0
LINE
5
ADA
330
10E
100
AcDbEntity
8
ST-RB-PUNCH
100
AcDbLine
10
49210
20
32650
30
0
11
49290
21
32650
31
0
0
LINE
5
ADB
330
10E
100
AcDbEntity
8
ST-RB-PUNCH
100
AcDbLine
10
49210
20
32750
30
0
11
49290
21
32750
31
0
0
LINE
5
ADC
330
10E
100
AcDbEntity
8
ST-RB-PUNCH
100
AcDbLine
10
49210
20
32850
30
0
11
49290
21
32850
31
0
0
LINE
5
ADD
330
10E
100
AcDbEntity
8
ST-RB-PUNCH
100
AcDbLine
10
49210
20
32950
30
0
11
49290
21
32950
31
0
0
LINE
5
ADE
330
10E
100
AcDbEntity
8
ST-RB-PUNCH
100
AcDbLine
10
49350
20
32350
30
0
11
49350
21
32950
31
0
0
LINE
5
ADF
330
10E
100
AcDbEntity
8
ST-RB-PUNCH
100
AcDbLine
10
49310
20
32350
30
0
11
49390
21
32350
31
0
0
LINE
5
AE0
330
10E
100
AcDbEntity
8
ST-RB-PUNCH
100
AcDbLine
10
49310
20
32450
30
0
11
49390
21
32450
31
0
0
LINE
5
AE1
330
10E
100
AcDbEntity
8
ST-RB-PUNCH
100
AcDbLine
10
49310
20
32550
30
0
11
49390
21
32550
31
0
0
LINE
5
AE2
330
10E
100
AcDbEntity
8
ST-RB-PUNCH
100
AcDbLine
10
49310
20
32650
30
0
11
49390
21
32650
31
0
0
LINE
5
AE3
330
10E
100
AcDbEntity
8
ST-RB-PUNCH
100
AcDbLine
10
49310
20
32750
30
0
11
49390
21
32750
31
0
0
LINE
5
AE4
330
10E
100
AcDbEntity
8
ST-RB-PUNCH
100
AcDbLine
10
49310
20
32850
30
0
11
49390
21
32850
31
0
0
LINE
5
AE5
330
10E
100
AcDbEntity
8
ST-RB-PUNCH
100
AcDbLine
10
49310
20
32950
30
0
11
49390
21
32950
31
0
0
TEXT
5
AE6
330
10E
100
AcDbEntity
8
ST-RB-TEXT
100
AcDbText
10
49480
20
32980
30
0
40
160
1
5X7-T10-100
50
90
7
STANDARD
72
0
100
AcDbText
73
0
0
LINE
5
AE7
330
10E
100
AcDbEntity
8
ST-RB-PUNCH
100
AcDbLine
10
48250
20
32250
30
0
11
48850
21
32250
31
0
0
LINE
5
AE8
330
10E
100
AcDbEntity
8
ST-RB-PUNCH
100
AcDbLine
10
48250
20
32210
30
0
11
48250
21
32290
31
0
0
LINE
5
AE9
330
10E
100
AcDbEntity
8
ST-RB-PUNCH
100
AcDbLine
10
48350
20
32210
30
0
11
48350
21
32290
31
0
0
LINE
5
AEA
330
10E
100
AcDbEntity
8
ST-RB-PUNCH
100
AcDbLine
10
48450
20
32210
30
0
11
48450
21
32290
31
0
0
LINE
5
AEB
330
10E
100
AcDbEntity
8
ST-RB-PUNCH
100
AcDbLine
10
48550
20
32210
30
0
11
48550
21
32290
31
0
0
LINE
5
AEC
330
10E
100
AcDbEntity
8
ST-RB-PUNCH
100
AcDbLine
10
48650
20
32210
30
0
11
48650
21
32290
31
0
0
LINE
5
AED
330
10E
100
AcDbEntity
8
ST-RB-PUNCH
100
AcDbLine
10
48750
20
32210
30
0
11
48750
21
32290
31
0
0
LINE
5
AEE
330
10E
100
AcDbEntity
8
ST-RB-PUNCH
100
AcDbLine
10
48850
20
32210
30
0
11
48850
21
32290
31
0
0
LINE
5
AEF
330
10E
100
AcDbEntity
8
ST-RB-PUNCH
100
AcDbLine
10
48250
20
32150
30
0
11
48850
21
32150
31
0
0
LINE
5
AF0
330
10E
100
AcDbEntity
8
ST-RB-PUNCH
100
AcDbLine
10
48250
20
32110
30
0
11
48250
21
32190
31
0
0
LINE
5
AF1
330
10E
100
AcDbEntity
8
ST-RB-PUNCH
100
AcDbLine
10
48350
20
32110
30
0
11
48350
21
32190
31
0
0
LINE
5
AF2
330
10E
100
AcDbEntity
8
ST-RB-PUNCH
100
AcDbLine
10
48450
20
32110
30
0
11
48450
21
32190
31
0
0
LINE
5
AF3
330
10E
100
AcDbEntity
8
ST-RB-PUNCH
100
AcDbLine
10
48550
20
32110
30
0
11
48550
21
32190
31
0
0
LINE
5
AF4
330
10E
100
AcDbEntity
8
ST-RB-PUNCH
100
AcDbLine
10
48650
20
32110
30
0
11
48650
21
32190
31
0
0
LINE
5
AF5
330
10E
100
AcDbEntity
8
ST-RB-PUNCH
100
AcDbLine
10
48750
20
32110
30
0
11
48750
21
32190
31
0
0
LINE
5
AF6
330
10E
100
AcDbEntity
8
ST-RB-PUNCH
100
AcDbLine
10
48850
20
32110
30
0
11
48850
21
32190
31
0
0
LINE
5
AF7
330
10E
100
AcDbEntity
8
ST-RB-PUNCH
100
AcDbLine
10
48250
20
32050
30
0
11
48850
21
32050
31
0
0
LINE
5
AF8
330
10E
100
AcDbEntity
8
ST-RB-PUNCH
100
AcDbLine
10
48250
20
32010
30
0
11
48250
21
32090
31
0
0
LINE
5
AF9
330
10E
100
AcDbEntity
8
ST-RB-PUNCH
100
AcDbLine
10
48350
20
32010
30
0
11
48350
21
32090
31
0
0
LINE
5
AFA
330
10E
100
AcDbEntity
8
ST-RB-PUNCH
100
AcDbLine
10
48450
20
32010
30
0
11
48450
21
32090
31
0
0
LINE
5
AFB
330
10E
100
AcDbEntity
8
ST-RB-PUNCH
100
AcDbLine
10
48550
20
32010
30
0
11
48550
21
32090
31
0
0
LINE
5
AFC
330
10E
100
AcDbEntity
8
ST-RB-PUNCH
100
AcDbLine
10
48650
20
32010
30
0
11
48650
21
32090
31
0
0
LINE
5
AFD
330
10E
100
AcDbEntity
8
ST-RB-PUNCH
100
AcDbLine
10
48750
20
32010
30
0
11
48750
21
32090
31
0
0
LINE
5
AFE
330
10E
100
AcDbEntity
8
ST-RB-PUNCH
100
AcDbLine
10
48850
20
32010
30
0
11
48850
21
32090
31
0
0
LINE
5
AFF
330
10E
100
AcDbEntity
8
ST-RB-PUNCH
100
AcDbLine
10
48250
20
31950
30
0
11
48850
21
31950
31
0
0
LINE
5
B00
330
10E
100
AcDbEntity
8
ST-RB-PUNCH
100
AcDbLine
10
48250
20
31910
30
0
11
48250
21
31990
31
0
0
LINE
5
B01
330
10E
100
AcDbEntity
8
ST-RB-PUNCH
100
AcDbLine
10
48350
20
31910
30
0
11
48350
21
31990
31
0
0
LINE
5
B02
330
10E
100
AcDbEntity
8
ST-RB-PUNCH
100
AcDbLine
10
48450
20
31910
30
0
11
48450
21
31990
31
0
0
LINE
5
B03
330
10E
100
AcDbEntity
8
ST-RB-PUNCH
100
AcDbLine
10
48550
20
31910
30
0
11
48550
21
31990
31
0
0
LINE
5
B04
330
10E
100
AcDbEntity
8
ST-RB-PUNCH
100
AcDbLine
10
48650
20
31910
30
0
11
48650
21
31990
31
0
0
LINE
5
B05
330
10E
100
AcDbEntity
8
ST-RB-PUNCH
100
AcDbLine
10
48750
20
31910
30
0
11
48750
21
31990
31
0
0
LINE
5
B06
330
10E
100
AcDbEntity
8
ST-RB-PUNCH
100
AcDbLine
10
48850
20
31910
30
0
11
48850
21
31990
31
0
0
LINE
5
B07
330
10E
100
AcDbEntity
8
ST-RB-PUNCH
100
AcDbLine
10
48250
20
31850
30
0
11
48850
21
31850
31
0
0
LINE
5
B08
330
10E
100
AcDbEntity
8
ST-RB-PUNCH
100
AcDbLine
10
48250
20
31810
30
0
11
48250
21
31890
31
0
0
LINE
5
B09
330
10E
100
AcDbEntity
8
ST-RB-PUNCH
100
AcDbLine
10
48350
20
31810
30
0
11
48350
21
31890
31
0
0
LINE
5
B0A
330
10E
100
AcDbEntity
8
ST-RB-PUNCH
100
AcDbLine
10
48450
20
31810
30
0
11
48450
21
31890
31
0
0
LINE
5
B0B
330
10E
100
AcDbEntity
8
ST-RB-PUNCH
100
AcDbLine
10
48550
20
31810
30
0
11
48550
21
31890
31
0
0
LINE
5
B0C
330
10E
100
AcDbEntity
8
ST-RB-PUNCH
100
AcDbLine
10
48650
20
31810
30
0
11
48650
21
31890
31
0
0
LINE
5
B0D
330
10E
100
AcDbEntity
8
ST-RB-PUNCH
100
AcDbLine
10
48750
20
31810
30
0
11
48750
21
31890
31
0
0
LINE
5
B0E
330
10E
100
AcDbEntity
8
ST-RB-PUNCH
100
AcDbLine
10
48850
20
31810
30
0
11
48850
21
31890
31
0
0
TEXT
5
B0F
330
10E
100
AcDbEntity
8
ST-RB-TEXT
100
AcDbText
10
48880
20
31750
30
0
40
160
1
5X7-T10-100
7
STANDARD
72
0
100
AcDbText
73
0
0
LINE
5
B10
330
10E
100
AcDbEntity
8
ST-RB-PUNCH
100
AcDbLine
10
48250
20
33050
30
0
11
48850
21
33050
31
0
0
LINE
5
B11
330
10E
100
AcDbEntity
8
ST-RB-PUNCH
100
AcDbLine
10
48250
20
33010
30
0
11
48250
21
33090
31
0
0
LINE
5
B12
330
10E
100
AcDbEntity
8
ST-RB-PUNCH
100
AcDbLine
10
48350
20
33010
30
0
11
48350
21
33090
31
0
0
LINE
5
B13
330
10E
100
AcDbEntity
8
ST-RB-PUNCH
100
AcDbLine
10
48450
20
33010
30
0
11
48450
21
33090
31
0
0
LINE
5
B14
330
10E
100
AcDbEntity
8
ST-RB-PUNCH
100
AcDbLine
10
48550
20
33010
30
0
11
48550
21
33090
31
0
0
LINE
5
B15
330
10E
100
AcDbEntity
8
ST-RB-PUNCH
100
AcDbLine
10
48650
20
33010
30
0
11
48650
21
33090
31
0
0
LINE
5
B16
330
10E
100
AcDbEntity
8
ST-RB-PUNCH
100
AcDbLine
10
48750
20
33010
30
0
11
48750
21
33090
31
0
0
LINE
5
B17
330
10E
100
AcDbEntity
8
ST-RB-PUNCH
100
AcDbLine
10
48850
20
33010
30
0
11
48850
21
33090
31
0
0
LINE
5
B18
330
10E
100
AcDbEntity
8
ST-RB-PUNCH
100
AcDbLine
10
48250
20
33150
30
0
11
48850
21
33150
31
0
0
LINE
5
B19
330
10E
100
AcDbEntity
8
ST-RB-PUNCH
100
AcDbLine
10
48250
20
33110
30
0
11
48250
21
33190
31
0
0
LINE
5
B1A
330
10E
100
AcDbEntity
8
ST-RB-PUNCH
100
AcDbLine
10
48350
20
33110
30
0
11
48350
21
33190
31
0
0
LINE
5
B1B
330
10E
100
AcDbEntity
8
ST-RB-PUNCH
100
AcDbLine
10
48450
20
33110
30
0
11
48450
21
33190
31
0
0
LINE
5
B1C
330
10E
100
AcDbEntity
8
ST-RB-PUNCH
100
AcDbLine
10
48550
20
33110
30
0
11
48550
21
33190
31
0
0
LINE
5
B1D
330
10E
100
AcDbEntity
8
ST-RB-PUNCH
100
AcDbLine
10
48650
20
33110
30
0
11
48650
21
33190
31
0
0
LINE
5
B1E
330
10E
100
AcDbEntity
8
ST-RB-PUNCH
100
AcDbLine
10
48750
20
33110
30
0
11
48750
21
33190
31
0
0
LINE
5
B1F
330
10E
100
AcDbEntity
8
ST-RB-PUNCH
100
AcDbLine
10
48850
20
33110
30
0
11
48850
21
33190
31
0
0
LINE
5
B20
330
10E
100
AcDbEntity
8
ST-RB-PUNCH
100
AcDbLine
10
48250
20
33250
30
0
11
48850
21
33250
31
0
0
LINE
5
B21
330
10E
100
AcDbEntity
8
ST-RB-PUNCH
100
AcDbLine
10
48250
20
33210
30
0
11
48250
21
33290
31
0
0
LINE
5
B22
330
10E
100
AcDbEntity
8
ST-RB-PUNCH
100
AcDbLine
10
48350
20
33210
30
0
11
48350
21
33290
31
0
0
LINE
5
B23
330
10E
100
AcDbEntity
8
ST-RB-PUNCH
100
AcDbLine
10
48450
20
33210
30
0
11
48450
21
33290
31
0
0
LINE
5
B24
330
10E
100
AcDbEntity
8
ST-RB-PUNCH
100
AcDbLine
10
48550
20
33210
30
0
11
48550
21
33290
31
0
0
LINE
5
B25
330
10E
100
AcDbEntity
8
ST-RB-PUNCH
100
AcDbLine
10
48650
20
33210
30
0
11
48650
21
33290
31
0
0
LINE
5
B26
330
10E
100
AcDbEntity
8
ST-RB-PUNCH
100
AcDbLine
10
48750
20
33210
30
0
11
48750
21
33290
31
0
0
LINE
5
B27
330
10E
100
AcDbEntity
8
ST-RB-PUNCH
100
AcDbLine
10
48850
20
33210
30
0
11
48850
21
33290
31
0
0
LINE
5
B28
330
10E
100
AcDbEntity
8
ST-RB-PUNCH
100
AcDbLine
10
48250
20
33350
30
0
11
48850
21
33350
31
0
0
LINE
5
B29
330
10E
100
AcDbEntity
8
ST-RB-PUNCH
100
AcDbLine
10
48250
20
33310
30
0
11
48250
21
33390
31
0
0
LINE
5
B2A
330
10E
100
AcDbEntity
8
ST-RB-PUNCH
100
AcDbLine
10
48350
20
33310
30
0
11
48350
21
33390
31
0
0
LINE
5
B2B
330
10E
100
AcDbEntity
8
ST-RB-PUNCH
100
AcDbLine
10
48450
20
33310
30
0
11
48450
21
33390
31
0
0
LINE
5
B2C
330
10E
100
AcDbEntity
8
ST-RB-PUNCH
100
AcDbLine
10
48550
20
33310
30
0
11
48550
21
33390
31
0
0
LINE
5
B2D
330
10E
100
AcDbEntity
8
ST-RB-PUNCH
100
AcDbLine
10
48650
20
33310
30
0
11
48650
21
33390
31
0
0
LINE
5
B2E
330
10E
100
AcDbEntity
8
ST-RB-PUNCH
100
AcDbLine
10
48750
20
33310
30
0
11
48750
21
33390
31
0
0
LINE
5
B2F
330
10E
100
AcDbEntity
8
ST-RB-PUNCH
100
AcDbLine
10
48850
20
33310
30
0
11
48850
21
33390
31
0
0
LINE
5
B30
330
10E
100
AcDbEntity
8
ST-RB-PUNCH
100
AcDbLine
10
48250
20
33450
30
0
11
48850
21
33450
31
0
0
LINE
5
B31
330
10E
100
AcDbEntity
8
ST-RB-PUNCH
100
AcDbLine
10
48250
20
33410
30
0
11
48250
21
33490
31
0
0
LINE
5
B32
330
10E
100
AcDbEntity
8
ST-RB-PUNCH
100
AcDbLine
10
48350
20
33410
30
0
11
48350
21
33490
31
0
0
LINE
5
B33
330
10E
100
AcDbEntity
8
ST-RB-PUNCH
100
AcDbLine
10
48450
20
33410
30
0
11
48450
21
33490
31
0
0
LINE
5
B34
330
10E
100
AcDbEntity
8
ST-RB-PUNCH
100
AcDbLine
10
48550
20
33410
30
0
11
48550
21
33490
31
0
0
LINE
5
B35
330
10E
100
AcDbEntity
8
ST-RB-PUNCH
100
AcDbLine
10
48650
20
33410
30
0
11
48650
21
33490
31
0
0
LINE
5
B36
330
10E
100
AcDbEntity
8
ST-RB-PUNCH
100
AcDbLine
10
48750
20
33410
30
0
11
48750
21
33490
31
0
0
LINE
5
B37
330
10E
100
AcDbEntity
8
ST-RB-PUNCH
100
AcDbLine
10
48850
20
33410
30
0
11
48850
21
33490
31
0
0
TEXT
5
B38
330
10E
100
AcDbEntity
8
ST-RB-TEXT
100
AcDbText
10
48880
20
33550
30
0
40
160
1
5X7-T10-100
7
STANDARD
72
0
100
AcDbText
73
0
0
TEXT
5
B39
330
10E
100
AcDbEntity
8
ST-RB-TYPE
100
AcDbText
10
48100
20
33100
30
0
40
250
1
PS1
7
STANDARD
72
2
11
48100
21
33100
31
0
100
AcDbText
73
0
0
LINE
5
B3A
330
10E
100
AcDbEntity
8
ST-RB-PUNCH
100
AcDbLine
10
18150
20
24350
30
0
11
18150
21
24950
31
0
0
LINE
5
B3B
330
10E
100
AcDbEntity
8
ST-RB-PUNCH
100
AcDbLine
10
18110
20
24350
30
0
11
18190
21
24350
31
0
0
LINE
5
B3C
330
10E
100
AcDbEntity
8
ST-RB-PUNCH
100
AcDbLine
10
18110
20
24450
30
0
11
18190
21
24450
31
0
0
LINE
5
B3D
330
10E
100
AcDbEntity
8
ST-RB-PUNCH
100
AcDbLine
10
18110
20
24550
30
0
11
18190
21
24550
31
0
0
LINE
5
B3E
330
10E
100
AcDbEntity
8
ST-RB-PUNCH
100
AcDbLine
10
18110
20
24650
30
0
11
18190
21
24650
31
0
0
LINE
5
B3F
330
10E
100
AcDbEntity
8
ST-RB-PUNCH
100
AcDbLine
10
18110
20
24750
30
0
11
18190
21
24750
31
0
0
LINE
5
B40
330
10E
100
AcDbEntity
8
ST-RB-PUNCH
100
AcDbLine
10
18110
20
24850
30
0
11
18190
21
24850
31
0
0
LINE
5
B41
330
10E
100
AcDbEntity
8
ST-RB-PUNCH
100
AcDbLine
10
18110
20
24950
30
0
11
18190
21
24950
31
0
0
LINE
5
B42
330
10E
100
AcDbEntity
8
ST-RB-PUNCH
100
AcDbLine
10
18050
20
24350
30
0
11
18050
21
24950
31
0
0
LINE
5
B43
330
10E
100
AcDbEntity
8
ST-RB-PUNCH
100
AcDbLine
10
18010
20
24350
30
0
11
18090
21
24350
31
0
0
LINE
5
B44
330
10E
100
AcDbEntity
8
ST-RB-PUNCH
100
AcDbLine
10
18010
20
24450
30
0
11
18090
21
24450
31
0
0
LINE
5
B45
330
10E
100
AcDbEntity
8
ST-RB-PUNCH
100
AcDbLine
10
18010
20
24550
30
0
11
18090
21
24550
31
0
0
LINE
5
B46
330
10E
100
AcDbEntity
8
ST-RB-PUNCH
100
AcDbLine
10
18010
20
24650
30
0
11
18090
21
24650
31
0
0
LINE
5
B47
330
10E
100
AcDbEntity
8
ST-RB-PUNCH
100
AcDbLine
10
18010
20
24750
30
0
11
18090
21
24750
31
0
0
LINE
5
B48
330
10E
100
AcDbEntity
8
ST-RB-PUNCH
100
AcDbLine
10
18010
20
24850
30
0
11
18090
21
24850
31
0
0
LINE
5
B49
330
10E
100
AcDbEntity
8
ST-RB-PUNCH
100
AcDbLine
10
18010
20
24950
30
0
11
18090
21
24950
31
0
0
LINE
5
B4A
330
10E
100
AcDbEntity
8
ST-RB-PUNCH
100
AcDbLine
10
17950
20
24350
30
0
11
17950
21
24950
31
0
0
LINE
5
B4B
330
10E
100
AcDbEntity
8
ST-RB-PUNCH
100
AcDbLine
10
17910
20
24350
30
0
11
17990
21
24350
31
0
0
LINE
5
B4C
330
10E
100
AcDbEntity
8
ST-RB-PUNCH
100
AcDbLine
10
17910
20
24450
30
0
11
17990
21
24450
31
0
0
LINE
5
B4D
330
10E
100
AcDbEntity
8
ST-RB-PUNCH
100
AcDbLine
10
17910
20
24550
30
0
11
17990
21
24550
31
0
0
LINE
5
B4E
330
10E
100
AcDbEntity
8
ST-RB-PUNCH
100
AcDbLine
10
17910
20
24650
30
0
11
17990
21
24650
31
0
0
LINE
5
B4F
330
10E
100
AcDbEntity
8
ST-RB-PUNCH
100
AcDbLine
10
17910
20
24750
30
0
11
17990
21
24750
31
0
0
LINE
5
B50
330
10E
100
AcDbEntity
8
ST-RB-PUNCH
100
AcDbLine
10
17910
20
24850
30
0
11
17990
21
24850
31
0
0
LINE
5
B51
330
10E
100
AcDbEntity
8
ST-RB-PUNCH
100
AcDbLine
10
17910
20
24950
30
0
11
17990
21
24950
31
0
0
LINE
5
B52
330
10E
100
AcDbEntity
8
ST-RB-PUNCH
100
AcDbLine
10
17850
20
24350
30
0
11
17850
21
24950
31
0
0
LINE
5
B53
330
10E
100
AcDbEntity
8
ST-RB-PUNCH
100
AcDbLine
10
17810
20
24350
30
0
11
17890
21
24350
31
0
0
LINE
5
B54
330
10E
100
AcDbEntity
8
ST-RB-PUNCH
100
AcDbLine
10
17810
20
24450
30
0
11
17890
21
24450
31
0
0
LINE
5
B55
330
10E
100
AcDbEntity
8
ST-RB-PUNCH
100
AcDbLine
10
17810
20
24550
30
0
11
17890
21
24550
31
0
0
LINE
5
B56
330
10E
100
AcDbEntity
8
ST-RB-PUNCH
100
AcDbLine
10
17810
20
24650
30
0
11
17890
21
24650
31
0
0
LINE
5
B57
330
10E
100
AcDbEntity
8
ST-RB-PUNCH
100
AcDbLine
10
17810
20
24750
30
0
11
17890
21
24750
31
0
0
LINE
5
B58
330
10E
100
AcDbEntity
8
ST-RB-PUNCH
100
AcDbLine
10
17810
20
24850
30
0
11
17890
21
24850
31
0
0
LINE
5
B59
330
10E
100
AcDbEntity
8
ST-RB-PUNCH
100
AcDbLine
10
17810
20
24950
30
0
11
17890
21
24950
31
0
0
LINE
5
B5A
330
10E
100
AcDbEntity
8
ST-RB-PUNCH
100
AcDbLine
10
17750
20
24350
30
0
11
17750
21
24950
31
0
0
LINE
5
B5B
330
10E
100
AcDbEntity
8
ST-RB-PUNCH
100
AcDbLine
10
17710
20
24350
30
0
11
17790
21
24350
31
0
0
LINE
5
B5C
330
10E
100
AcDbEntity
8
ST-RB-PUNCH
100
AcDbLine
10
17710
20
24450
30
0
11
17790
21
24450
31
0
0
LINE
5
B5D
330
10E
100
AcDbEntity
8
ST-RB-PUNCH
100
AcDbLine
10
17710
20
24550
30
0
11
17790
21
24550
31
0
0
LINE
5
B5E
330
10E
100
AcDbEntity
8
ST-RB-PUNCH
100
AcDbLine
10
17710
20
24650
30
0
11
17790
21
24650
31
0
0
LINE
5
B5F
330
10E
100
AcDbEntity
8
ST-RB-PUNCH
100
AcDbLine
10
17710
20
24750
30
0
11
17790
21
24750
31
0
0
LINE
5
B60
330
10E
100
AcDbEntity
8
ST-RB-PUNCH
100
AcDbLine
10
17710
20
24850
30
0
11
17790
21
24850
31
0
0
LINE
5
B61
330
10E
100
AcDbEntity
8
ST-RB-PUNCH
100
AcDbLine
10
17710
20
24950
30
0
11
17790
21
24950
31
0
0
TEXT
5
B62
330
10E
100
AcDbEntity
8
ST-RB-TEXT
100
AcDbText
10
17620
20
24980
30
0
40
160
1
5X7-T10-100
50
90
7
STANDARD
72
0
100
AcDbText
73
0
0
LINE
5
B63
330
10E
100
AcDbEntity
8
ST-RB-PUNCH
100
AcDbLine
10
18950
20
24350
30
0
11
18950
21
24950
31
0
0
LINE
5
B64
330
10E
100
AcDbEntity
8
ST-RB-PUNCH
100
AcDbLine
10
18910
20
24350
30
0
11
18990
21
24350
31
0
0
LINE
5
B65
330
10E
100
AcDbEntity
8
ST-RB-PUNCH
100
AcDbLine
10
18910
20
24450
30
0
11
18990
21
24450
31
0
0
LINE
5
B66
330
10E
100
AcDbEntity
8
ST-RB-PUNCH
100
AcDbLine
10
18910
20
24550
30
0
11
18990
21
24550
31
0
0
LINE
5
B67
330
10E
100
AcDbEntity
8
ST-RB-PUNCH
100
AcDbLine
10
18910
20
24650
30
0
11
18990
21
24650
31
0
0
LINE
5
B68
330
10E
100
AcDbEntity
8
ST-RB-PUNCH
100
AcDbLine
10
18910
20
24750
30
0
11
18990
21
24750
31
0
0
LINE
5
B69
330
10E
100
AcDbEntity
8
ST-RB-PUNCH
100
AcDbLine
10
18910
20
24850
30
0
11
18990
21
24850
31
0
0
LINE
5
B6A
330
10E
100
AcDbEntity
8
ST-RB-PUNCH
100
AcDbLine
10
18910
20
24950
30
0
11
18990
21
24950
31
0
0
LINE
5
B6B
330
10E
100
AcDbEntity
8
ST-RB-PUNCH
100
AcDbLine
10
19050
20
24350
30
0
11
19050
21
24950
31
0
0
LINE
5
B6C
330
10E
100
AcDbEntity
8
ST-RB-PUNCH
100
AcDbLine
10
19010
20
24350
30
0
11
19090
21
24350
31
0
0
LINE
5
B6D
330
10E
100
AcDbEntity
8
ST-RB-PUNCH
100
AcDbLine
10
19010
20
24450
30
0
11
19090
21
24450
31
0
0
LINE
5
B6E
330
10E
100
AcDbEntity
8
ST-RB-PUNCH
100
AcDbLine
10
19010
20
24550
30
0
11
19090
21
24550
31
0
0
LINE
5
B6F
330
10E
100
AcDbEntity
8
ST-RB-PUNCH
100
AcDbLine
10
19010
20
24650
30
0
11
19090
21
24650
31
0
0
LINE
5
B70
330
10E
100
AcDbEntity
8
ST-RB-PUNCH
100
AcDbLine
10
19010
20
24750
30
0
11
19090
21
24750
31
0
0
LINE
5
B71
330
10E
100
AcDbEntity
8
ST-RB-PUNCH
100
AcDbLine
10
19010
20
24850
30
0
11
19090
21
24850
31
0
0
LINE
5
B72
330
10E
100
AcDbEntity
8
ST-RB-PUNCH
100
AcDbLine
10
19010
20
24950
30
0
11
19090
21
24950
31
0
0
LINE
5
B73
330
10E
100
AcDbEntity
8
ST-RB-PUNCH
100
AcDbLine
10
19150
20
24350
30
0
11
19150
21
24950
31
0
0
LINE
5
B74
330
10E
100
AcDbEntity
8
ST-RB-PUNCH
100
AcDbLine
10
19110
20
24350
30
0
11
19190
21
24350
31
0
0
LINE
5
B75
330
10E
100
AcDbEntity
8
ST-RB-PUNCH
100
AcDbLine
10
19110
20
24450
30
0
11
19190
21
24450
31
0
0
LINE
5
B76
330
10E
100
AcDbEntity
8
ST-RB-PUNCH
100
AcDbLine
10
19110
20
24550
30
0
11
19190
21
24550
31
0
0
LINE
5
B77
330
10E
100
AcDbEntity
8
ST-RB-PUNCH
100
AcDbLine
10
19110
20
24650
30
0
11
19190
21
24650
31
0
0
LINE
5
B78
330
10E
100
AcDbEntity
8
ST-RB-PUNCH
100
AcDbLine
10
19110
20
24750
30
0
11
19190
21
24750
31
0
0
LINE
5
B79
330
10E
100
AcDbEntity
8
ST-RB-PUNCH
100
AcDbLine
10
19110
20
24850
30
0
11
19190
21
24850
31
0
0
LINE
5
B7A
330
10E
100
AcDbEntity
8
ST-RB-PUNCH
100
AcDbLine
10
19110
20
24950
30
0
11
19190
21
24950
31
0
0
LINE
5
B7B
330
10E
100
AcDbEntity
8
ST-RB-PUNCH
100
AcDbLine
10
19250
20
24350
30
0
11
19250
21
24950
31
0
0
LINE
5
B7C
330
10E
100
AcDbEntity
8
ST-RB-PUNCH
100
AcDbLine
10
19210
20
24350
30
0
11
19290
21
24350
31
0
0
LINE
5
B7D
330
10E
100
AcDbEntity
8
ST-RB-PUNCH
100
AcDbLine
10
19210
20
24450
30
0
11
19290
21
24450
31
0
0
LINE
5
B7E
330
10E
100
AcDbEntity
8
ST-RB-PUNCH
100
AcDbLine
10
19210
20
24550
30
0
11
19290
21
24550
31
0
0
LINE
5
B7F
330
10E
100
AcDbEntity
8
ST-RB-PUNCH
100
AcDbLine
10
19210
20
24650
30
0
11
19290
21
24650
31
0
0
LINE
5
B80
330
10E
100
AcDbEntity
8
ST-RB-PUNCH
100
AcDbLine
10
19210
20
24750
30
0
11
19290
21
24750
31
0
0
LINE
5
B81
330
10E
100
AcDbEntity
8
ST-RB-PUNCH
100
AcDbLine
10
19210
20
24850
30
0
11
19290
21
24850
31
0
0
LINE
5
B82
330
10E
100
AcDbEntity
8
ST-RB-PUNCH
100
AcDbLine
10
19210
20
24950
30
0
11
19290
21
24950
31
0
0
LINE
5
B83
330
10E
100
AcDbEntity
8
ST-RB-PUNCH
100
AcDbLine
10
19350
20
24350
30
0
11
19350
21
24950
31
0
0
LINE
5
B84
330
10E
100
AcDbEntity
8
ST-RB-PUNCH
100
AcDbLine
10
19310
20
24350
30
0
11
19390
21
24350
31
0
0
LINE
5
B85
330
10E
100
AcDbEntity
8
ST-RB-PUNCH
100
AcDbLine
10
19310
20
24450
30
0
11
19390
21
24450
31
0
0
LINE
5
B86
330
10E
100
AcDbEntity
8
ST-RB-PUNCH
100
AcDbLine
10
19310
20
24550
30
0
11
19390
21
24550
31
0
0
LINE
5
B87
330
10E
100
AcDbEntity
8
ST-RB-PUNCH
100
AcDbLine
10
19310
20
24650
30
0
11
19390
21
24650
31
0
0
LINE
5
B88
330
10E
100
AcDbEntity
8
ST-RB-PUNCH
100
AcDbLine
10
19310
20
24750
30
0
11
19390
21
24750
31
0
0
LINE
5
B89
330
10E
100
AcDbEntity
8
ST-RB-PUNCH
100
AcDbLine
10
19310
20
24850
30
0
11
19390
21
24850
31
0
0
LINE
5
B8A
330
10E
100
AcDbEntity
8
ST-RB-PUNCH
100
AcDbLine
10
19310
20
24950
30
0
11
19390
21
24950
31
0
0
TEXT
5
B8B
330
10E
100
AcDbEntity
8
ST-RB-TEXT
100
AcDbText
10
19480
20
24980
30
0
40
160
1
5X7-T10-100
50
90
7
STANDARD
72
0
100
AcDbText
73
0
0
LINE
5
B8C
330
10E
100
AcDbEntity
8
ST-RB-PUNCH
100
AcDbLine
10
18250
20
24250
30
0
11
18850
21
24250
31
0
0
LINE
5
B8D
330
10E
100
AcDbEntity
8
ST-RB-PUNCH
100
AcDbLine
10
18250
20
24210
30
0
11
18250
21
24290
31
0
0
LINE
5
B8E
330
10E
100
AcDbEntity
8
ST-RB-PUNCH
100
AcDbLine
10
18350
20
24210
30
0
11
18350
21
24290
31
0
0
LINE
5
B8F
330
10E
100
AcDbEntity
8
ST-RB-PUNCH
100
AcDbLine
10
18450
20
24210
30
0
11
18450
21
24290
31
0
0
LINE
5
B90
330
10E
100
AcDbEntity
8
ST-RB-PUNCH
100
AcDbLine
10
18550
20
24210
30
0
11
18550
21
24290
31
0
0
LINE
5
B91
330
10E
100
AcDbEntity
8
ST-RB-PUNCH
100
AcDbLine
10
18650
20
24210
30
0
11
18650
21
24290
31
0
0
LINE
5
B92
330
10E
100
AcDbEntity
8
ST-RB-PUNCH
100
AcDbLine
10
18750
20
24210
30
0
11
18750
21
24290
31
0
0
LINE
5
B93
330
10E
100
AcDbEntity
8
ST-RB-PUNCH
100
AcDbLine
10
18850
20
24210
30
0
11
18850
21
24290
31
0
0
LINE
5
B94
330
10E
100
AcDbEntity
8
ST-RB-PUNCH
100
AcDbLine
10
18250
20
24150
30
0
11
18850
21
24150
31
0
0
LINE
5
B95
330
10E
100
AcDbEntity
8
ST-RB-PUNCH
100
AcDbLine
10
18250
20
24110
30
0
11
18250
21
24190
31
0
0
LINE
5
B96
330
10E
100
AcDbEntity
8
ST-RB-PUNCH
100
AcDbLine
10
18350
20
24110
30
0
11
18350
21
24190
31
0
0
LINE
5
B97
330
10E
100
AcDbEntity
8
ST-RB-PUNCH
100
AcDbLine
10
18450
20
24110
30
0
11
18450
21
24190
31
0
0
LINE
5
B98
330
10E
100
AcDbEntity
8
ST-RB-PUNCH
100
AcDbLine
10
18550
20
24110
30
0
11
18550
21
24190
31
0
0
LINE
5
B99
330
10E
100
AcDbEntity
8
ST-RB-PUNCH
100
AcDbLine
10
18650
20
24110
30
0
11
18650
21
24190
31
0
0
LINE
5
B9A
330
10E
100
AcDbEntity
8
ST-RB-PUNCH
100
AcDbLine
10
18750
20
24110
30
0
11
18750
21
24190
31
0
0
LINE
5
B9B
330
10E
100
AcDbEntity
8
ST-RB-PUNCH
100
AcDbLine
10
18850
20
24110
30
0
11
18850
21
24190
31
0
0
LINE
5
B9C
330
10E
100
AcDbEntity
8
ST-RB-PUNCH
100
AcDbLine
10
18250
20
24050
30
0
11
18850
21
24050
31
0
0
LINE
5
B9D
330
10E
100
AcDbEntity
8
ST-RB-PUNCH
100
AcDbLine
10
18250
20
24010
30
0
11
18250
21
24090
31
0
0
LINE
5
B9E
330
10E
100
AcDbEntity
8
ST-RB-PUNCH
100
AcDbLine
10
18350
20
24010
30
0
11
18350
21
24090
31
0
0
LINE
5
B9F
330
10E
100
AcDbEntity
8
ST-RB-PUNCH
100
AcDbLine
10
18450
20
24010
30
0
11
18450
21
24090
31
0
0
LINE
5
BA0
330
10E
100
AcDbEntity
8
ST-RB-PUNCH
100
AcDbLine
10
18550
20
24010
30
0
11
18550
21
24090
31
0
0
LINE
5
BA1
330
10E
100
AcDbEntity
8
ST-RB-PUNCH
100
AcDbLine
10
18650
20
24010
30
0
11
18650
21
24090
31
0
0
LINE
5
BA2
330
10E
100
AcDbEntity
8
ST-RB-PUNCH
100
AcDbLine
10
18750
20
24010
30
0
11
18750
21
24090
31
0
0
LINE
5
BA3
330
10E
100
AcDbEntity
8
ST-RB-PUNCH
100
AcDbLine
10
18850
20
24010
30
0
11
18850
21
24090
31
0
0
LINE
5
BA4
330
10E
100
AcDbEntity
8
ST-RB-PUNCH
100
AcDbLine
10
18250
20
23950
30
0
11
18850
21
23950
31
0
0
LINE
5
BA5
330
10E
100
AcDbEntity
8
ST-RB-PUNCH
100
AcDbLine
10
18250
20
23910
30
0
11
18250
21
23990
31
0
0
LINE
5
BA6
330
10E
100
AcDbEntity
8
ST-RB-PUNCH
100
AcDbLine
10
18350
20
23910
30
0
11
18350
21
23990
31
0
0
LINE
5
BA7
330
10E
100
AcDbEntity
8
ST-RB-PUNCH
100
AcDbLine
10
18450
20
23910
30
0
11
18450
21
23990
31
0
0
LINE
5
BA8
330
10E
100
AcDbEntity
8
ST-RB-PUNCH
100
AcDbLine
10
18550
20
23910
30
0
11
18550
21
23990
31
0
0
LINE
5
BA9
330
10E
100
AcDbEntity
8
ST-RB-PUNCH
100
AcDbLine
10
18650
20
23910
30
0
11
18650
21
23990
31
0
0
LINE
5
BAA
330
10E
100
AcDbEntity
8
ST-RB-PUNCH
100
AcDbLine
10
18750
20
23910
30
0
11
18750
21
23990
31
0
0
LINE
5
BAB
330
10E
100
AcDbEntity
8
ST-RB-PUNCH
100
AcDbLine
10
18850
20
23910
30
0
11
18850
21
23990
31
0
0
LINE
5
BAC
330
10E
100
AcDbEntity
8
ST-RB-PUNCH
100
AcDbLine
10
18250
20
23850
30
0
11
18850
21
23850
31
0
0
LINE
5
BAD
330
10E
100
AcDbEntity
8
ST-RB-PUNCH
100
AcDbLine
10
18250
20
23810
30
0
11
18250
21
23890
31
0
0
LINE
5
BAE
330
10E
100
AcDbEntity
8
ST-RB-PUNCH
100
AcDbLine
10
18350
20
23810
30
0
11
18350
21
23890
31
0
0
LINE
5
BAF
330
10E
100
AcDbEntity
8
ST-RB-PUNCH
100
AcDbLine
10
18450
20
23810
30
0
11
18450
21
23890
31
0
0
LINE
5
BB0
330
10E
100
AcDbEntity
8
ST-RB-PUNCH
100
AcDbLine
10
18550
20
23810
30
0
11
18550
21
23890
31
0
0
LINE
5
BB1
330
10E
100
AcDbEntity
8
ST-RB-PUNCH
100
AcDbLine
10
18650
20
23810
30
0
11
18650
21
23890
31
0
0
LINE
5
BB2
330
10E
100
AcDbEntity
8
ST-RB-PUNCH
100
AcDbLine
10
18750
20
23810
30
0
11
18750
21
23890
31
0
0
LINE
5
BB3
330
10E
100
AcDbEntity
8
ST-RB-PUNCH
100
AcDbLine
10
18850
20
23810
30
0
11
18850
21
23890
31
0
0
TEXT
5
BB4
330
10E
100
AcDbEntity
8
ST-RB-TEXT
100
AcDbText
10
18880
20
23750
30
0
40
160
1
5X7-T10-100
7
STANDARD
72
0
100
AcDbText
73
0
0
LINE
5
BB5
330
10E
100
AcDbEntity
8
ST-RB-PUNCH
100
AcDbLine
10
18250
20
25050
30
0
11
18850
21
25050
31
0
0
LINE
5
BB6
330
10E
100
AcDbEntity
8
ST-RB-PUNCH
100
AcDbLine
10
18250
20
25010
30
0
11
18250
21
25090
31
0
0
LINE
5
BB7
330
10E
100
AcDbEntity
8
ST-RB-PUNCH
100
AcDbLine
10
18350
20
25010
30
0
11
18350
21
25090
31
0
0
LINE
5
BB8
330
10E
100
AcDbEntity
8
ST-RB-PUNCH
100
AcDbLine
10
18450
20
25010
30
0
11
18450
21
25090
31
0
0
LINE
5
BB9
330
10E
100
AcDbEntity
8
ST-RB-PUNCH
100
AcDbLine
10
18550
20
25010
30
0
11
18550
21
25090
31
0
0
LINE
5
BBA
330
10E
100
AcDbEntity
8
ST-RB-PUNCH
100
AcDbLine
10
18650
20
25010
30
0
11
18650
21
25090
31
0
0
LINE
5
BBB
330
10E
100
AcDbEntity
8
ST-RB-PUNCH
100
AcDbLine
10
18750
20
25010
30
0
11
18750
21
25090
31
0
0
LINE
5
BBC
330
10E
100
AcDbEntity
8
ST-RB-PUNCH
100
AcDbLine
10
18850
20
25010
30
0
11
18850
21
25090
31
0
0
LINE
5
BBD
330
10E
100
AcDbEntity
8
ST-RB-PUNCH
100
AcDbLine
10
18250
20
25150
30
0
11
18850
21
25150
31
0
0
LINE
5
BBE
330
10E
100
AcDbEntity
8
ST-RB-PUNCH
100
AcDbLine
10
18250
20
25110
30
0
11
18250
21
25190
31
0
0
LINE
5
BBF
330
10E
100
AcDbEntity
8
ST-RB-PUNCH
100
AcDbLine
10
18350
20
25110
30
0
11
18350
21
25190
31
0
0
LINE
5
BC0
330
10E
100
AcDbEntity
8
ST-RB-PUNCH
100
AcDbLine
10
18450
20
25110
30
0
11
18450
21
25190
31
0
0
LINE
5
BC1
330
10E
100
AcDbEntity
8
ST-RB-PUNCH
100
AcDbLine
10
18550
20
25110
30
0
11
18550
21
25190
31
0
0
LINE
5
BC2
330
10E
100
AcDbEntity
8
ST-RB-PUNCH
100
AcDbLine
10
18650
20
25110
30
0
11
18650
21
25190
31
0
0
LINE
5
BC3
330
10E
100
AcDbEntity
8
ST-RB-PUNCH
100
AcDbLine
10
18750
20
25110
30
0
11
18750
21
25190
31
0
0
LINE
5
BC4
330
10E
100
AcDbEntity
8
ST-RB-PUNCH
100
AcDbLine
10
18850
20
25110
30
0
11
18850
21
25190
31
0
0
LINE
5
BC5
330
10E
100
AcDbEntity
8
ST-RB-PUNCH
100
AcDbLine
10
18250
20
25250
30
0
11
18850
21
25250
31
0
0
LINE
5
BC6
330
10E
100
AcDbEntity
8
ST-RB-PUNCH
100
AcDbLine
10
18250
20
25210
30
0
11
18250
21
25290
31
0
0
LINE
5
BC7
330
10E
100
AcDbEntity
8
ST-RB-PUNCH
100
AcDbLine
10
18350
20
25210
30
0
11
18350
21
25290
31
0
0
LINE
5
BC8
330
10E
100
AcDbEntity
8
ST-RB-PUNCH
100
AcDbLine
10
18450
20
25210
30
0
11
18450
21
25290
31
0
0
LINE
5
BC9
330
10E
100
AcDbEntity
8
ST-RB-PUNCH
100
AcDbLine
10
18550
20
25210
30
0
11
18550
21
25290
31
0
0
LINE
5
BCA
330
10E
100
AcDbEntity
8
ST-RB-PUNCH
100
AcDbLine
10
18650
20
25210
30
0
11
18650
21
25290
31
0
0
LINE
5
BCB
330
10E
100
AcDbEntity
8
ST-RB-PUNCH
100
AcDbLine
10
18750
20
25210
30
0
11
18750
21
25290
31
0
0
LINE
5
BCC
330
10E
100
AcDbEntity
8
ST-RB-PUNCH
100
AcDbLine
10
18850
20
25210
30
0
11
18850
21
25290
31
0
0
LINE
5
BCD
330
10E
100
AcDbEntity
8
ST-RB-PUNCH
100
AcDbLine
10
18250
20
25350
30
0
11
18850
21
25350
31
0
0
LINE
5
BCE
330
10E
100
AcDbEntity
8
ST-RB-PUNCH
100
AcDbLine
10
18250
20
25310
30
0
11
18250
21
25390
31
0
0
LINE
5
BCF
330
10E
100
AcDbEntity
8
ST-RB-PUNCH
100
AcDbLine
10
18350
20
25310
30
0
11
18350
21
25390
31
0
0
LINE
5
BD0
330
10E
100
AcDbEntity
8
ST-RB-PUNCH
100
AcDbLine
10
18450
20
25310
30
0
11
18450
21
25390
31
0
0
LINE
5
BD1
330
10E
100
AcDbEntity
8
ST-RB-PUNCH
100
AcDbLine
10
18550
20
25310
30
0
11
18550
21
25390
31
0
0
LINE
5
BD2
330
10E
100
AcDbEntity
8
ST-RB-PUNCH
100
AcDbLine
10
18650
20
25310
30
0
11
18650
21
25390
31
0
0
LINE
5
BD3
330
10E
100
AcDbEntity
8
ST-RB-PUNCH
100
AcDbLine
10
18750
20
25310
30
0
11
18750
21
25390
31
0
0
LINE
5
BD4
330
10E
100
AcDbEntity
8
ST-RB-PUNCH
100
AcDbLine
10
18850
20
25310
30
0
11
18850
21
25390
31
0
0
LINE
5
BD5
330
10E
100
AcDbEntity
8
ST-RB-PUNCH
100
AcDbLine
10
18250
20
25450
30
0
11
18850
21
25450
31
0
0
LINE
5
BD6
330
10E
100
AcDbEntity
8
ST-RB-PUNCH
100
AcDbLine
10
18250
20
25410
30
0
11
18250
21
25490
31
0
0
LINE
5
BD7
330
10E
100
AcDbEntity
8
ST-RB-PUNCH
100
AcDbLine
10
18350
20
25410
30
0
11
18350
21
25490
31
0
0
LINE
5
BD8
330
10E
100
AcDbEntity
8
ST-RB-PUNCH
100
AcDbLine
10
18450
20
25410
30
0
11
18450
21
25490
31
0
0
LINE
5
BD9
330
10E
100
AcDbEntity
8
ST-RB-PUNCH
100
AcDbLine
10
18550
20
25410
30
0
11
18550
21
25490
31
0
0
LINE
5
BDA
330
10E
100
AcDbEntity
8
ST-RB-PUNCH
100
AcDbLine
10
18650
20
25410
30
0
11
18650
21
25490
31
0
0
LINE
5
BDB
330
10E
100
AcDbEntity
8
ST-RB-PUNCH
100
AcDbLine
10
18750
20
25410
30
0
11
18750
21
25490
31
0
0
LINE
5
BDC
330
10E
100
AcDbEntity
8
ST-RB-PUNCH
100
AcDbLine
10
18850
20
25410
30
0
11
18850
21
25490
31
0
0
TEXT
5
BDD
330
10E
100
AcDbEntity
8
ST-RB-TEXT
100
AcDbText
10
18880
20
25550
30
0
40
160
1
5X7-T10-100
7
STANDARD
72
0
100
AcDbText
73
0
0
TEXT
5
BDE
330
10E
100
AcDbEntity
8
ST-RB-TYPE
100
AcDbText
10
18100
20
25100
30
0
40
250
1
PS1
7
STANDARD
72
2
11
18100
21
25100
31
0
100
AcDbText
73
0
0
LINE
5
BDF
330
10E
100
AcDbEntity
8
ST-RB-PUNCH
100
AcDbLine
10
25650
20
24350
30
0
11
25650
21
24950
31
0
0
LINE
5
BE0
330
10E
100
AcDbEntity
8
ST-RB-PUNCH
100
AcDbLine
10
25610
20
24350
30
0
11
25690
21
24350
31
0
0
LINE
5
BE1
330
10E
100
AcDbEntity
8
ST-RB-PUNCH
100
AcDbLine
10
25610
20
24450
30
0
11
25690
21
24450
31
0
0
LINE
5
BE2
330
10E
100
AcDbEntity
8
ST-RB-PUNCH
100
AcDbLine
10
25610
20
24550
30
0
11
25690
21
24550
31
0
0
LINE
5
BE3
330
10E
100
AcDbEntity
8
ST-RB-PUNCH
100
AcDbLine
10
25610
20
24650
30
0
11
25690
21
24650
31
0
0
LINE
5
BE4
330
10E
100
AcDbEntity
8
ST-RB-PUNCH
100
AcDbLine
10
25610
20
24750
30
0
11
25690
21
24750
31
0
0
LINE
5
BE5
330
10E
100
AcDbEntity
8
ST-RB-PUNCH
100
AcDbLine
10
25610
20
24850
30
0
11
25690
21
24850
31
0
0
LINE
5
BE6
330
10E
100
AcDbEntity
8
ST-RB-PUNCH
100
AcDbLine
10
25610
20
24950
30
0
11
25690
21
24950
31
0
0
LINE
5
BE7
330
10E
100
AcDbEntity
8
ST-RB-PUNCH
100
AcDbLine
10
25550
20
24350
30
0
11
25550
21
24950
31
0
0
LINE
5
BE8
330
10E
100
AcDbEntity
8
ST-RB-PUNCH
100
AcDbLine
10
25510
20
24350
30
0
11
25590
21
24350
31
0
0
LINE
5
BE9
330
10E
100
AcDbEntity
8
ST-RB-PUNCH
100
AcDbLine
10
25510
20
24450
30
0
11
25590
21
24450
31
0
0
LINE
5
BEA
330
10E
100
AcDbEntity
8
ST-RB-PUNCH
100
AcDbLine
10
25510
20
24550
30
0
11
25590
21
24550
31
0
0
LINE
5
BEB
330
10E
100
AcDbEntity
8
ST-RB-PUNCH
100
AcDbLine
10
25510
20
24650
30
0
11
25590
21
24650
31
0
0
LINE
5
BEC
330
10E
100
AcDbEntity
8
ST-RB-PUNCH
100
AcDbLine
10
25510
20
24750
30
0
11
25590
21
24750
31
0
0
LINE
5
BED
330
10E
100
AcDbEntity
8
ST-RB-PUNCH
100
AcDbLine
10
25510
20
24850
30
0
11
25590
21
24850
31
0
0
LINE
5
BEE
330
10E
100
AcDbEntity
8
ST-RB-PUNCH
100
AcDbLine
10
25510
20
24950
30
0
11
25590
21
24950
31
0
0
LINE
5
BEF
330
10E
100
AcDbEntity
8
ST-RB-PUNCH
100
AcDbLine
10
25450
20
24350
30
0
11
25450
21
24950
31
0
0
LINE
5
BF0
330
10E
100
AcDbEntity
8
ST-RB-PUNCH
100
AcDbLine
10
25410
20
24350
30
0
11
25490
21
24350
31
0
0
LINE
5
BF1
330
10E
100
AcDbEntity
8
ST-RB-PUNCH
100
AcDbLine
10
25410
20
24450
30
0
11
25490
21
24450
31
0
0
LINE
5
BF2
330
10E
100
AcDbEntity
8
ST-RB-PUNCH
100
AcDbLine
10
25410
20
24550
30
0
11
25490
21
24550
31
0
0
LINE
5
BF3
330
10E
100
AcDbEntity
8
ST-RB-PUNCH
100
AcDbLine
10
25410
20
24650
30
0
11
25490
21
24650
31
0
0
LINE
5
BF4
330
10E
100
AcDbEntity
8
ST-RB-PUNCH
100
AcDbLine
10
25410
20
24750
30
0
11
25490
21
24750
31
0
0
LINE
5
BF5
330
10E
100
AcDbEntity
8
ST-RB-PUNCH
100
AcDbLine
10
25410
20
24850
30
0
11
25490
21
24850
31
0
0
LINE
5
BF6
330
10E
100
AcDbEntity
8
ST-RB-PUNCH
100
AcDbLine
10
25410
20
24950
30
0
11
25490
21
24950
31
0
0
LINE
5
BF7
330
10E
100
AcDbEntity
8
ST-RB-PUNCH
100
AcDbLine
10
25350
20
24350
30
0
11
25350
21
24950
31
0
0
LINE
5
BF8
330
10E
100
AcDbEntity
8
ST-RB-PUNCH
100
AcDbLine
10
25310
20
24350
30
0
11
25390
21
24350
31
0
0
LINE
5
BF9
330
10E
100
AcDbEntity
8
ST-RB-PUNCH
100
AcDbLine
10
25310
20
24450
30
0
11
25390
21
24450
31
0
0
LINE
5
BFA
330
10E
100
AcDbEntity
8
ST-RB-PUNCH
100
AcDbLine
10
25310
20
24550
30
0
11
25390
21
24550
31
0
0
LINE
5
BFB
330
10E
100
AcDbEntity
8
ST-RB-PUNCH
100
AcDbLine
10
25310
20
24650
30
0
11
25390
21
24650
31
0
0
LINE
5
BFC
330
10E
100
AcDbEntity
8
ST-RB-PUNCH
100
AcDbLine
10
25310
20
24750
30
0
11
25390
21
24750
31
0
0
LINE
5
BFD
330
10E
100
AcDbEntity
8
ST-RB-PUNCH
100
AcDbLine
10
25310
20
24850
30
0
11
25390
21
24850
31
0
0
LINE
5
BFE
330
10E
100
AcDbEntity
8
ST-RB-PUNCH
100
AcDbLine
10
25310
20
24950
30
0
11
25390
21
24950
31
0
0
LINE
5
BFF
330
10E
100
AcDbEntity
8
ST-RB-PUNCH
100
AcDbLine
10
25250
20
24350
30
0
11
25250
21
24950
31
0
0
LINE
5
C00
330
10E
100
AcDbEntity
8
ST-RB-PUNCH
100
AcDbLine
10
25210
20
24350
30
0
11
25290
21
24350
31
0
0
LINE
5
C01
330
10E
100
AcDbEntity
8
ST-RB-PUNCH
100
AcDbLine
10
25210
20
24450
30
0
11
25290
21
24450
31
0
0
LINE
5
C02
330
10E
100
AcDbEntity
8
ST-RB-PUNCH
100
AcDbLine
10
25210
20
24550
30
0
11
25290
21
24550
31
0
0
LINE
5
C03
330
10E
100
AcDbEntity
8
ST-RB-PUNCH
100
AcDbLine
10
25210
20
24650
30
0
11
25290
21
24650
31
0
0
LINE
5
C04
330
10E
100
AcDbEntity
8
ST-RB-PUNCH
100
AcDbLine
10
25210
20
24750
30
0
11
25290
21
24750
31
0
0
LINE
5
C05
330
10E
100
AcDbEntity
8
ST-RB-PUNCH
100
AcDbLine
10
25210
20
24850
30
0
11
25290
21
24850
31
0
0
LINE
5
C06
330
10E
100
AcDbEntity
8
ST-RB-PUNCH
100
AcDbLine
10
25210
20
24950
30
0
11
25290
21
24950
31
0
0
TEXT
5
C07
330
10E
100
AcDbEntity
8
ST-RB-TEXT
100
AcDbText
10
25120
20
24980
30
0
40
160
1
5X7-T10-100
50
90
7
STANDARD
72
0
100
AcDbText
73
0
0
LINE
5
C08
330
10E
100
AcDbEntity
8
ST-RB-PUNCH
100
AcDbLine
10
26450
20
24350
30
0
11
26450
21
24950
31
0
0
LINE
5
C09
330
10E
100
AcDbEntity
8
ST-RB-PUNCH
100
AcDbLine
10
26410
20
24350
30
0
11
26490
21
24350
31
0
0
LINE
5
C0A
330
10E
100
AcDbEntity
8
ST-RB-PUNCH
100
AcDbLine
10
26410
20
24450
30
0
11
26490
21
24450
31
0
0
LINE
5
C0B
330
10E
100
AcDbEntity
8
ST-RB-PUNCH
100
AcDbLine
10
26410
20
24550
30
0
11
26490
21
24550
31
0
0
LINE
5
C0C
330
10E
100
AcDbEntity
8
ST-RB-PUNCH
100
AcDbLine
10
26410
20
24650
30
0
11
26490
21
24650
31
0
0
LINE
5
C0D
330
10E
100
AcDbEntity
8
ST-RB-PUNCH
100
AcDbLine
10
26410
20
24750
30
0
11
26490
21
24750
31
0
0
LINE
5
C0E
330
10E
100
AcDbEntity
8
ST-RB-PUNCH
100
AcDbLine
10
26410
20
24850
30
0
11
26490
21
24850
31
0
0
LINE
5
C0F
330
10E
100
AcDbEntity
8
ST-RB-PUNCH
100
AcDbLine
10
26410
20
24950
30
0
11
26490
21
24950
31
0
0
LINE
5
C10
330
10E
100
AcDbEntity
8
ST-RB-PUNCH
100
AcDbLine
10
26550
20
24350
30
0
11
26550
21
24950
31
0
0
LINE
5
C11
330
10E
100
AcDbEntity
8
ST-RB-PUNCH
100
AcDbLine
10
26510
20
24350
30
0
11
26590
21
24350
31
0
0
LINE
5
C12
330
10E
100
AcDbEntity
8
ST-RB-PUNCH
100
AcDbLine
10
26510
20
24450
30
0
11
26590
21
24450
31
0
0
LINE
5
C13
330
10E
100
AcDbEntity
8
ST-RB-PUNCH
100
AcDbLine
10
26510
20
24550
30
0
11
26590
21
24550
31
0
0
LINE
5
C14
330
10E
100
AcDbEntity
8
ST-RB-PUNCH
100
AcDbLine
10
26510
20
24650
30
0
11
26590
21
24650
31
0
0
LINE
5
C15
330
10E
100
AcDbEntity
8
ST-RB-PUNCH
100
AcDbLine
10
26510
20
24750
30
0
11
26590
21
24750
31
0
0
LINE
5
C16
330
10E
100
AcDbEntity
8
ST-RB-PUNCH
100
AcDbLine
10
26510
20
24850
30
0
11
26590
21
24850
31
0
0
LINE
5
C17
330
10E
100
AcDbEntity
8
ST-RB-PUNCH
100
AcDbLine
10
26510
20
24950
30
0
11
26590
21
24950
31
0
0
LINE
5
C18
330
10E
100
AcDbEntity
8
ST-RB-PUNCH
100
AcDbLine
10
26650
20
24350
30
0
11
26650
21
24950
31
0
0
LINE
5
C19
330
10E
100
AcDbEntity
8
ST-RB-PUNCH
100
AcDbLine
10
26610
20
24350
30
0
11
26690
21
24350
31
0
0
LINE
5
C1A
330
10E
100
AcDbEntity
8
ST-RB-PUNCH
100
AcDbLine
10
26610
20
24450
30
0
11
26690
21
24450
31
0
0
LINE
5
C1B
330
10E
100
AcDbEntity
8
ST-RB-PUNCH
100
AcDbLine
10
26610
20
24550
30
0
11
26690
21
24550
31
0
0
LINE
5
C1C
330
10E
100
AcDbEntity
8
ST-RB-PUNCH
100
AcDbLine
10
26610
20
24650
30
0
11
26690
21
24650
31
0
0
LINE
5
C1D
330
10E
100
AcDbEntity
8
ST-RB-PUNCH
100
AcDbLine
10
26610
20
24750
30
0
11
26690
21
24750
31
0
0
LINE
5
C1E
330
10E
100
AcDbEntity
8
ST-RB-PUNCH
100
AcDbLine
10
26610
20
24850
30
0
11
26690
21
24850
31
0
0
LINE
5
C1F
330
10E
100
AcDbEntity
8
ST-RB-PUNCH
100
AcDbLine
10
26610
20
24950
30
0
11
26690
21
24950
31
0
0
LINE
5
C20
330
10E
100
AcDbEntity
8
ST-RB-PUNCH
100
AcDbLine
10
26750
20
24350
30
0
11
26750
21
24950
31
0
0
LINE
5
C21
330
10E
100
AcDbEntity
8
ST-RB-PUNCH
100
AcDbLine
10
26710
20
24350
30
0
11
26790
21
24350
31
0
0
LINE
5
C22
330
10E
100
AcDbEntity
8
ST-RB-PUNCH
100
AcDbLine
10
26710
20
24450
30
0
11
26790
21
24450
31
0
0
LINE
5
C23
330
10E
100
AcDbEntity
8
ST-RB-PUNCH
100
AcDbLine
10
26710
20
24550
30
0
11
26790
21
24550
31
0
0
LINE
5
C24
330
10E
100
AcDbEntity
8
ST-RB-PUNCH
100
AcDbLine
10
26710
20
24650
30
0
11
26790
21
24650
31
0
0
LINE
5
C25
330
10E
100
AcDbEntity
8
ST-RB-PUNCH
100
AcDbLine
10
26710
20
24750
30
0
11
26790
21
24750
31
0
0
LINE
5
C26
330
10E
100
AcDbEntity
8
ST-RB-PUNCH
100
AcDbLine
10
26710
20
24850
30
0
11
26790
21
24850
31
0
0
LINE
5
C27
330
10E
100
AcDbEntity
8
ST-RB-PUNCH
100
AcDbLine
10
26710
20
24950
30
0
11
26790
21
24950
31
0
0
LINE
5
C28
330
10E
100
AcDbEntity
8
ST-RB-PUNCH
100
AcDbLine
10
26850
20
24350
30
0
11
26850
21
24950
31
0
0
LINE
5
C29
330
10E
100
AcDbEntity
8
ST-RB-PUNCH
100
AcDbLine
10
26810
20
24350
30
0
11
26890
21
24350
31
0
0
LINE
5
C2A
330
10E
100
AcDbEntity
8
ST-RB-PUNCH
100
AcDbLine
10
26810
20
24450
30
0
11
26890
21
24450
31
0
0
LINE
5
C2B
330
10E
100
AcDbEntity
8
ST-RB-PUNCH
100
AcDbLine
10
26810
20
24550
30
0
11
26890
21
24550
31
0
0
LINE
5
C2C
330
10E
100
AcDbEntity
8
ST-RB-PUNCH
100
AcDbLine
10
26810
20
24650
30
0
11
26890
21
24650
31
0
0
LINE
5
C2D
330
10E
100
AcDbEntity
8
ST-RB-PUNCH
100
AcDbLine
10
26810
20
24750
30
0
11
26890
21
24750
31
0
0
LINE
5
C2E
330
10E
100
AcDbEntity
8
ST-RB-PUNCH
100
AcDbLine
10
26810
20
24850
30
0
11
26890
21
24850
31
0
0
LINE
5
C2F
330
10E
100
AcDbEntity
8
ST-RB-PUNCH
100
AcDbLine
10
26810
20
24950
30
0
11
26890
21
24950
31
0
0
TEXT
5
C30
330
10E
100
AcDbEntity
8
ST-RB-TEXT
100
AcDbText
10
26980
20
24980
30
0
40
160
1
5X7-T10-100
50
90
7
STANDARD
72
0
100
AcDbText
73
0
0
LINE
5
C31
330
10E
100
AcDbEntity
8
ST-RB-PUNCH
100
AcDbLine
10
25750
20
24250
30
0
11
26350
21
24250
31
0
0
LINE
5
C32
330
10E
100
AcDbEntity
8
ST-RB-PUNCH
100
AcDbLine
10
25750
20
24210
30
0
11
25750
21
24290
31
0
0
LINE
5
C33
330
10E
100
AcDbEntity
8
ST-RB-PUNCH
100
AcDbLine
10
25850
20
24210
30
0
11
25850
21
24290
31
0
0
LINE
5
C34
330
10E
100
AcDbEntity
8
ST-RB-PUNCH
100
AcDbLine
10
25950
20
24210
30
0
11
25950
21
24290
31
0
0
LINE
5
C35
330
10E
100
AcDbEntity
8
ST-RB-PUNCH
100
AcDbLine
10
26050
20
24210
30
0
11
26050
21
24290
31
0
0
LINE
5
C36
330
10E
100
AcDbEntity
8
ST-RB-PUNCH
100
AcDbLine
10
26150
20
24210
30
0
11
26150
21
24290
31
0
0
LINE
5
C37
330
10E
100
AcDbEntity
8
ST-RB-PUNCH
100
AcDbLine
10
26250
20
24210
30
0
11
26250
21
24290
31
0
0
LINE
5
C38
330
10E
100
AcDbEntity
8
ST-RB-PUNCH
100
AcDbLine
10
26350
20
24210
30
0
11
26350
21
24290
31
0
0
LINE
5
C39
330
10E
100
AcDbEntity
8
ST-RB-PUNCH
100
AcDbLine
10
25750
20
24150
30
0
11
26350
21
24150
31
0
0
LINE
5
C3A
330
10E
100
AcDbEntity
8
ST-RB-PUNCH
100
AcDbLine
10
25750
20
24110
30
0
11
25750
21
24190
31
0
0
LINE
5
C3B
330
10E
100
AcDbEntity
8
ST-RB-PUNCH
100
AcDbLine
10
25850
20
24110
30
0
11
25850
21
24190
31
0
0
LINE
5
C3C
330
10E
100
AcDbEntity
8
ST-RB-PUNCH
100
AcDbLine
10
25950
20
24110
30
0
11
25950
21
24190
31
0
0
LINE
5
C3D
330
10E
100
AcDbEntity
8
ST-RB-PUNCH
100
AcDbLine
10
26050
20
24110
30
0
11
26050
21
24190
31
0
0
LINE
5
C3E
330
10E
100
AcDbEntity
8
ST-RB-PUNCH
100
AcDbLine
10
26150
20
24110
30
0
11
26150
21
24190
31
0
0
LINE
5
C3F
330
10E
100
AcDbEntity
8
ST-RB-PUNCH
100
AcDbLine
10
26250
20
24110
30
0
11
26250
21
24190
31
0
0
LINE
5
C40
330
10E
100
AcDbEntity
8
ST-RB-PUNCH
100
AcDbLine
10
26350
20
24110
30
0
11
26350
21
24190
31
0
0
LINE
5
C41
330
10E
100
AcDbEntity
8
ST-RB-PUNCH
100
AcDbLine
10
25750
20
24050
30
0
11
26350
21
24050
31
0
0
LINE
5
C42
330
10E
100
AcDbEntity
8
ST-RB-PUNCH
100
AcDbLine
10
25750
20
24010
30
0
11
25750
21
24090
31
0
0
LINE
5
C43
330
10E
100
AcDbEntity
8
ST-RB-PUNCH
100
AcDbLine
10
25850
20
24010
30
0
11
25850
21
24090
31
0
0
LINE
5
C44
330
10E
100
AcDbEntity
8
ST-RB-PUNCH
100
AcDbLine
10
25950
20
24010
30
0
11
25950
21
24090
31
0
0
LINE
5
C45
330
10E
100
AcDbEntity
8
ST-RB-PUNCH
100
AcDbLine
10
26050
20
24010
30
0
11
26050
21
24090
31
0
0
LINE
5
C46
330
10E
100
AcDbEntity
8
ST-RB-PUNCH
100
AcDbLine
10
26150
20
24010
30
0
11
26150
21
24090
31
0
0
LINE
5
C47
330
10E
100
AcDbEntity
8
ST-RB-PUNCH
100
AcDbLine
10
26250
20
24010
30
0
11
26250
21
24090
31
0
0
LINE
5
C48
330
10E
100
AcDbEntity
8
ST-RB-PUNCH
100
AcDbLine
10
26350
20
24010
30
0
11
26350
21
24090
31
0
0
LINE
5
C49
330
10E
100
AcDbEntity
8
ST-RB-PUNCH
100
AcDbLine
10
25750
20
23950
30
0
11
26350
21
23950
31
0
0
LINE
5
C4A
330
10E
100
AcDbEntity
8
ST-RB-PUNCH
100
AcDbLine
10
25750
20
23910
30
0
11
25750
21
23990
31
0
0
LINE
5
C4B
330
10E
100
AcDbEntity
8
ST-RB-PUNCH
100
AcDbLine
10
25850
20
23910
30
0
11
25850
21
23990
31
0
0
LINE
5
C4C
330
10E
100
AcDbEntity
8
ST-RB-PUNCH
100
AcDbLine
10
25950
20
23910
30
0
11
25950
21
23990
31
0
0
LINE
5
C4D
330
10E
100
AcDbEntity
8
ST-RB-PUNCH
100
AcDbLine
10
26050
20
23910
30
0
11
26050
21
23990
31
0
0
LINE
5
C4E
330
10E
100
AcDbEntity
8
ST-RB-PUNCH
100
AcDbLine
10
26150
20
23910
30
0
11
26150
21
23990
31
0
0
LINE
5
C4F
330
10E
100
AcDbEntity
8
ST-RB-PUNCH
100
AcDbLine
10
26250
20
23910
30
0
11
26250
21
23990
31
0
0
LINE
5
C50
330
10E
100
AcDbEntity
8
ST-RB-PUNCH
100
AcDbLine
10
26350
20
23910
30
0
11
26350
21
23990
31
0
0
LINE
5
C51
330
10E
100
AcDbEntity
8
ST-RB-PUNCH
100
AcDbLine
10
25750
20
23850
30
0
11
26350
21
23850
31
0
0
LINE
5
C52
330
10E
100
AcDbEntity
8
ST-RB-PUNCH
100
AcDbLine
10
25750
20
23810
30
0
11
25750
21
23890
31
0
0
LINE
5
C53
330
10E
100
AcDbEntity
8
ST-RB-PUNCH
100
AcDbLine
10
25850
20
23810
30
0
11
25850
21
23890
31
0
0
LINE
5
C54
330
10E
100
AcDbEntity
8
ST-RB-PUNCH
100
AcDbLine
10
25950
20
23810
30
0
11
25950
21
23890
31
0
0
LINE
5
C55
330
10E
100
AcDbEntity
8
ST-RB-PUNCH
100
AcDbLine
10
26050
20
23810
30
0
11
26050
21
23890
31
0
0
LINE
5
C56
330
10E
100
AcDbEntity
8
ST-RB-PUNCH
100
AcDbLine
10
26150
20
23810
30
0
11
26150
21
23890
31
0
0
LINE
5
C57
330
10E
100
AcDbEntity
8
ST-RB-PUNCH
100
AcDbLine
10
26250
20
23810
30
0
11
26250
21
23890
31
0
0
LINE
5
C58
330
10E
100
AcDbEntity
8
ST-RB-PUNCH
100
AcDbLine
10
26350
20
23810
30
0
11
26350
21
23890
31
0
0
TEXT
5
C59
330
10E
100
AcDbEntity
8
ST-RB-TEXT
100
AcDbText
10
26380
20
23750
30
0
40
160
1
5X7-T10-100
7
STANDARD
72
0
100
AcDbText
73
0
0
LINE
5
C5A
330
10E
100
AcDbEntity
8
ST-RB-PUNCH
100
AcDbLine
10
25750
20
25050
30
0
11
26350
21
25050
31
0
0
LINE
5
C5B
330
10E
100
AcDbEntity
8
ST-RB-PUNCH
100
AcDbLine
10
25750
20
25010
30
0
11
25750
21
25090
31
0
0
LINE
5
C5C
330
10E
100
AcDbEntity
8
ST-RB-PUNCH
100
AcDbLine
10
25850
20
25010
30
0
11
25850
21
25090
31
0
0
LINE
5
C5D
330
10E
100
AcDbEntity
8
ST-RB-PUNCH
100
AcDbLine
10
25950
20
25010
30
0
11
25950
21
25090
31
0
0
LINE
5
C5E
330
10E
100
AcDbEntity
8
ST-RB-PUNCH
100
AcDbLine
10
26050
20
25010
30
0
11
26050
21
25090
31
0
0
LINE
5
C5F
330
10E
100
AcDbEntity
8
ST-RB-PUNCH
100
AcDbLine
10
26150
20
25010
30
0
11
26150
21
25090
31
0
0
LINE
5
C60
330
10E
100
AcDbEntity
8
ST-RB-PUNCH
100
AcDbLine
10
26250
20
25010
30
0
11
26250
21
25090
31
0
0
LINE
5
C61
330
10E
100
AcDbEntity
8
ST-RB-PUNCH
100
AcDbLine
10
26350
20
25010
30
0
11
26350
21
25090
31
0
0
LINE
5
C62
330
10E
100
AcDbEntity
8
ST-RB-PUNCH
100
AcDbLine
10
25750
20
25150
30
0
11
26350
21
25150
31
0
0
LINE
5
C63
330
10E
100
AcDbEntity
8
ST-RB-PUNCH
100
AcDbLine
10
25750
20
25110
30
0
11
25750
21
25190
31
0
0
LINE
5
C64
330
10E
100
AcDbEntity
8
ST-RB-PUNCH
100
AcDbLine
10
25850
20
25110
30
0
11
25850
21
25190
31
0
0
LINE
5
C65
330
10E
100
AcDbEntity
8
ST-RB-PUNCH
100
AcDbLine
10
25950
20
25110
30
0
11
25950
21
25190
31
0
0
LINE
5
C66
330
10E
100
AcDbEntity
8
ST-RB-PUNCH
100
AcDbLine
10
26050
20
25110
30
0
11
26050
21
25190
31
0
0
LINE
5
C67
330
10E
100
AcDbEntity
8
ST-RB-PUNCH
100
AcDbLine
10
26150
20
25110
30
0
11
26150
21
25190
31
0
0
LINE
5
C68
330
10E
100
AcDbEntity
8
ST-RB-PUNCH
100
AcDbLine
10
26250
20
25110
30
0
11
26250
21
25190
31
0
0
LINE
5
C69
330
10E
100
AcDbEntity
8
ST-RB-PUNCH
100
AcDbLine
10
26350
20
25110
30
0
11
26350
21
25190
31
0
0
LINE
5
C6A
330
10E
100
AcDbEntity
8
ST-RB-PUNCH
100
AcDbLine
10
25750
20
25250
30
0
11
26350
21
25250
31
0
0
LINE
5
C6B
330
10E
100
AcDbEntity
8
ST-RB-PUNCH
100
AcDbLine
10
25750
20
25210
30
0
11
25750
21
25290
31
0
0
LINE
5
C6C
330
10E
100
AcDbEntity
8
ST-RB-PUNCH
100
AcDbLine
10
25850
20
25210
30
0
11
25850
21
25290
31
0
0
LINE
5
C6D
330
10E
100
AcDbEntity
8
ST-RB-PUNCH
100
AcDbLine
10
25950
20
25210
30
0
11
25950
21
25290
31
0
0
LINE
5
C6E
330
10E
100
AcDbEntity
8
ST-RB-PUNCH
100
AcDbLine
10
26050
20
25210
30
0
11
26050
21
25290
31
0
0
LINE
5
C6F
330
10E
100
AcDbEntity
8
ST-RB-PUNCH
100
AcDbLine
10
26150
20
25210
30
0
11
26150
21
25290
31
0
0
LINE
5
C70
330
10E
100
AcDbEntity
8
ST-RB-PUNCH
100
AcDbLine
10
26250
20
25210
30
0
11
26250
21
25290
31
0
0
LINE
5
C71
330
10E
100
AcDbEntity
8
ST-RB-PUNCH
100
AcDbLine
10
26350
20
25210
30
0
11
26350
21
25290
31
0
0
LINE
5
C72
330
10E
100
AcDbEntity
8
ST-RB-PUNCH
100
AcDbLine
10
25750
20
25350
30
0
11
26350
21
25350
31
0
0
LINE
5
C73
330
10E
100
AcDbEntity
8
ST-RB-PUNCH
100
AcDbLine
10
25750
20
25310
30
0
11
25750
21
25390
31
0
0
LINE
5
C74
330
10E
100
AcDbEntity
8
ST-RB-PUNCH
100
AcDbLine
10
25850
20
25310
30
0
11
25850
21
25390
31
0
0
LINE
5
C75
330
10E
100
AcDbEntity
8
ST-RB-PUNCH
100
AcDbLine
10
25950
20
25310
30
0
11
25950
21
25390
31
0
0
LINE
5
C76
330
10E
100
AcDbEntity
8
ST-RB-PUNCH
100
AcDbLine
10
26050
20
25310
30
0
11
26050
21
25390
31
0
0
LINE
5
C77
330
10E
100
AcDbEntity
8
ST-RB-PUNCH
100
AcDbLine
10
26150
20
25310
30
0
11
26150
21
25390
31
0
0
LINE
5
C78
330
10E
100
AcDbEntity
8
ST-RB-PUNCH
100
AcDbLine
10
26250
20
25310
30
0
11
26250
21
25390
31
0
0
LINE
5
C79
330
10E
100
AcDbEntity
8
ST-RB-PUNCH
100
AcDbLine
10
26350
20
25310
30
0
11
26350
21
25390
31
0
0
LINE
5
C7A
330
10E
100
AcDbEntity
8
ST-RB-PUNCH
100
AcDbLine
10
25750
20
25450
30
0
11
26350
21
25450
31
0
0
LINE
5
C7B
330
10E
100
AcDbEntity
8
ST-RB-PUNCH
100
AcDbLine
10
25750
20
25410
30
0
11
25750
21
25490
31
0
0
LINE
5
C7C
330
10E
100
AcDbEntity
8
ST-RB-PUNCH
100
AcDbLine
10
25850
20
25410
30
0
11
25850
21
25490
31
0
0
LINE
5
C7D
330
10E
100
AcDbEntity
8
ST-RB-PUNCH
100
AcDbLine
10
25950
20
25410
30
0
11
25950
21
25490
31
0
0
LINE
5
C7E
330
10E
100
AcDbEntity
8
ST-RB-PUNCH
100
AcDbLine
10
26050
20
25410
30
0
11
26050
21
25490
31
0
0
LINE
5
C7F
330
10E
100
AcDbEntity
8
ST-RB-PUNCH
100
AcDbLine
10
26150
20
25410
30
0
11
26150
21
25490
31
0
0
LINE
5
C80
330
10E
100
AcDbEntity
8
ST-RB-PUNCH
100
AcDbLine
10
26250
20
25410
30
0
11
26250
21
25490
31
0
0
LINE
5
C81
330
10E
100
AcDbEntity
8
ST-RB-PUNCH
100
AcDbLine
10
26350
20
25410
30
0
11
26350
21
25490
31
0
0
TEXT
5
C82
330
10E
100
AcDbEntity
8
ST-RB-TEXT
100
AcDbText
10
26380
20
25550
30
0
40
160
1
5X7-T10-100
7
STANDARD
72
0
100
AcDbText
73
0
0
TEXT
5
C83
330
10E
100
AcDbEntity
8
ST-RB-TYPE
100
AcDbText
10
25600
20
25100
30
0
40
250
1
PS1
7
STANDARD
72
2
11
25600
21
25100
31
0
100
AcDbText
73
0
0
LINE
5
C84
330
10E
100
AcDbEntity
8
ST-RB-PUNCH
100
AcDbLine
10
33150
20
24350
30
0
11
33150
21
24950
31
0
0
LINE
5
C85
330
10E
100
AcDbEntity
8
ST-RB-PUNCH
100
AcDbLine
10
33110
20
24350
30
0
11
33190
21
24350
31
0
0
LINE
5
C86
330
10E
100
AcDbEntity
8
ST-RB-PUNCH
100
AcDbLine
10
33110
20
24450
30
0
11
33190
21
24450
31
0
0
LINE
5
C87
330
10E
100
AcDbEntity
8
ST-RB-PUNCH
100
AcDbLine
10
33110
20
24550
30
0
11
33190
21
24550
31
0
0
LINE
5
C88
330
10E
100
AcDbEntity
8
ST-RB-PUNCH
100
AcDbLine
10
33110
20
24650
30
0
11
33190
21
24650
31
0
0
LINE
5
C89
330
10E
100
AcDbEntity
8
ST-RB-PUNCH
100
AcDbLine
10
33110
20
24750
30
0
11
33190
21
24750
31
0
0
LINE
5
C8A
330
10E
100
AcDbEntity
8
ST-RB-PUNCH
100
AcDbLine
10
33110
20
24850
30
0
11
33190
21
24850
31
0
0
LINE
5
C8B
330
10E
100
AcDbEntity
8
ST-RB-PUNCH
100
AcDbLine
10
33110
20
24950
30
0
11
33190
21
24950
31
0
0
LINE
5
C8C
330
10E
100
AcDbEntity
8
ST-RB-PUNCH
100
AcDbLine
10
33050
20
24350
30
0
11
33050
21
24950
31
0
0
LINE
5
C8D
330
10E
100
AcDbEntity
8
ST-RB-PUNCH
100
AcDbLine
10
33010
20
24350
30
0
11
33090
21
24350
31
0
0
LINE
5
C8E
330
10E
100
AcDbEntity
8
ST-RB-PUNCH
100
AcDbLine
10
33010
20
24450
30
0
11
33090
21
24450
31
0
0
LINE
5
C8F
330
10E
100
AcDbEntity
8
ST-RB-PUNCH
100
AcDbLine
10
33010
20
24550
30
0
11
33090
21
24550
31
0
0
LINE
5
C90
330
10E
100
AcDbEntity
8
ST-RB-PUNCH
100
AcDbLine
10
33010
20
24650
30
0
11
33090
21
24650
31
0
0
LINE
5
C91
330
10E
100
AcDbEntity
8
ST-RB-PUNCH
100
AcDbLine
10
33010
20
24750
30
0
11
33090
21
24750
31
0
0
LINE
5
C92
330
10E
100
AcDbEntity
8
ST-RB-PUNCH
100
AcDbLine
10
33010
20
24850
30
0
11
33090
21
24850
31
0
0
LINE
5
C93
330
10E
100
AcDbEntity
8
ST-RB-PUNCH
100
AcDbLine
10
33010
20
24950
30
0
11
33090
21
24950
31
0
0
LINE
5
C94
330
10E
100
AcDbEntity
8
ST-RB-PUNCH
100
AcDbLine
10
32950
20
24350
30
0
11
32950
21
24950
31
0
0
LINE
5
C95
330
10E
100
AcDbEntity
8
ST-RB-PUNCH
100
AcDbLine
10
32910
20
24350
30
0
11
32990
21
24350
31
0
0
LINE
5
C96
330
10E
100
AcDbEntity
8
ST-RB-PUNCH
100
AcDbLine
10
32910
20
24450
30
0
11
32990
21
24450
31
0
0
LINE
5
C97
330
10E
100
AcDbEntity
8
ST-RB-PUNCH
100
AcDbLine
10
32910
20
24550
30
0
11
32990
21
24550
31
0
0
LINE
5
C98
330
10E
100
AcDbEntity
8
ST-RB-PUNCH
100
AcDbLine
10
32910
20
24650
30
0
11
32990
21
24650
31
0
0
LINE
5
C99
330
10E
100
AcDbEntity
8
ST-RB-PUNCH
100
AcDbLine
10
32910
20
24750
30
0
11
32990
21
24750
31
0
0
LINE
5
C9A
330
10E
100
AcDbEntity
8
ST-RB-PUNCH
100
AcDbLine
10
32910
20
24850
30
0
11
32990
21
24850
31
0
0
LINE
5
C9B
330
10E
100
AcDbEntity
8
ST-RB-PUNCH
100
AcDbLine
10
32910
20
24950
30
0
11
32990
21
24950
31
0
0
LINE
5
C9C
330
10E
100
AcDbEntity
8
ST-RB-PUNCH
100
AcDbLine
10
32850
20
24350
30
0
11
32850
21
24950
31
0
0
LINE
5
C9D
330
10E
100
AcDbEntity
8
ST-RB-PUNCH
100
AcDbLine
10
32810
20
24350
30
0
11
32890
21
24350
31
0
0
LINE
5
C9E
330
10E
100
AcDbEntity
8
ST-RB-PUNCH
100
AcDbLine
10
32810
20
24450
30
0
11
32890
21
24450
31
0
0
LINE
5
C9F
330
10E
100
AcDbEntity
8
ST-RB-PUNCH
100
AcDbLine
10
32810
20
24550
30
0
11
32890
21
24550
31
0
0
LINE
5
CA0
330
10E
100
AcDbEntity
8
ST-RB-PUNCH
100
AcDbLine
10
32810
20
24650
30
0
11
32890
21
24650
31
0
0
LINE
5
CA1
330
10E
100
AcDbEntity
8
ST-RB-PUNCH
100
AcDbLine
10
32810
20
24750
30
0
11
32890
21
24750
31
0
0
LINE
5
CA2
330
10E
100
AcDbEntity
8
ST-RB-PUNCH
100
AcDbLine
10
32810
20
24850
30
0
11
32890
21
24850
31
0
0
LINE
5
CA3
330
10E
100
AcDbEntity
8
ST-RB-PUNCH
100
AcDbLine
10
32810
20
24950
30
0
11
32890
21
24950
31
0
0
LINE
5
CA4
330
10E
100
AcDbEntity
8
ST-RB-PUNCH
100
AcDbLine
10
32750
20
24350
30
0
11
32750
21
24950
31
0
0
LINE
5
CA5
330
10E
100
AcDbEntity
8
ST-RB-PUNCH
100
AcDbLine
10
32710
20
24350
30
0
11
32790
21
24350
31
0
0
LINE
5
CA6
330
10E
100
AcDbEntity
8
ST-RB-PUNCH
100
AcDbLine
10
32710
20
24450
30
0
11
32790
21
24450
31
0
0
LINE
5
CA7
330
10E
100
AcDbEntity
8
ST-RB-PUNCH
100
AcDbLine
10
32710
20
24550
30
0
11
32790
21
24550
31
0
0
LINE
5
CA8
330
10E
100
AcDbEntity
8
ST-RB-PUNCH
100
AcDbLine
10
32710
20
24650
30
0
11
32790
21
24650
31
0
0
LINE
5
CA9
330
10E
100
AcDbEntity
8
ST-RB-PUNCH
100
AcDbLine
10
32710
20
24750
30
0
11
32790
21
24750
31
0
0
LINE
5
CAA
330
10E
100
AcDbEntity
8
ST-RB-PUNCH
100
AcDbLine
10
32710
20
24850
30
0
11
32790
21
24850
31
0
0
LINE
5
CAB
330
10E
100
AcDbEntity
8
ST-RB-PUNCH
100
AcDbLine
10
32710
20
24950
30
0
11
32790
21
24950
31
0
0
TEXT
5
CAC
330
10E
100
AcDbEntity
8
ST-RB-TEXT
100
AcDbText
10
32620
20
24980
30
0
40
160
1
5X7-T10-100
50
90
7
STANDARD
72
0
100
AcDbText
73
0
0
LINE
5
CAD
330
10E
100
AcDbEntity
8
ST-RB-PUNCH
100
AcDbLine
10
33950
20
24350
30
0
11
33950
21
24950
31
0
0
LINE
5
CAE
330
10E
100
AcDbEntity
8
ST-RB-PUNCH
100
AcDbLine
10
33910
20
24350
30
0
11
33990
21
24350
31
0
0
LINE
5
CAF
330
10E
100
AcDbEntity
8
ST-RB-PUNCH
100
AcDbLine
10
33910
20
24450
30
0
11
33990
21
24450
31
0
0
LINE
5
CB0
330
10E
100
AcDbEntity
8
ST-RB-PUNCH
100
AcDbLine
10
33910
20
24550
30
0
11
33990
21
24550
31
0
0
LINE
5
CB1
330
10E
100
AcDbEntity
8
ST-RB-PUNCH
100
AcDbLine
10
33910
20
24650
30
0
11
33990
21
24650
31
0
0
LINE
5
CB2
330
10E
100
AcDbEntity
8
ST-RB-PUNCH
100
AcDbLine
10
33910
20
24750
30
0
11
33990
21
24750
31
0
0
LINE
5
CB3
330
10E
100
AcDbEntity
8
ST-RB-PUNCH
100
AcDbLine
10
33910
20
24850
30
0
11
33990
21
24850
31
0
0
LINE
5
CB4
330
10E
100
AcDbEntity
8
ST-RB-PUNCH
100
AcDbLine
10
33910
20
24950
30
0
11
33990
21
24950
31
0
0
LINE
5
CB5
330
10E
100
AcDbEntity
8
ST-RB-PUNCH
100
AcDbLine
10
34050
20
24350
30
0
11
34050
21
24950
31
0
0
LINE
5
CB6
330
10E
100
AcDbEntity
8
ST-RB-PUNCH
100
AcDbLine
10
34010
20
24350
30
0
11
34090
21
24350
31
0
0
LINE
5
CB7
330
10E
100
AcDbEntity
8
ST-RB-PUNCH
100
AcDbLine
10
34010
20
24450
30
0
11
34090
21
24450
31
0
0
LINE
5
CB8
330
10E
100
AcDbEntity
8
ST-RB-PUNCH
100
AcDbLine
10
34010
20
24550
30
0
11
34090
21
24550
31
0
0
LINE
5
CB9
330
10E
100
AcDbEntity
8
ST-RB-PUNCH
100
AcDbLine
10
34010
20
24650
30
0
11
34090
21
24650
31
0
0
LINE
5
CBA
330
10E
100
AcDbEntity
8
ST-RB-PUNCH
100
AcDbLine
10
34010
20
24750
30
0
11
34090
21
24750
31
0
0
LINE
5
CBB
330
10E
100
AcDbEntity
8
ST-RB-PUNCH
100
AcDbLine
10
34010
20
24850
30
0
11
34090
21
24850
31
0
0
LINE
5
CBC
330
10E
100
AcDbEntity
8
ST-RB-PUNCH
100
AcDbLine
10
34010
20
24950
30
0
11
34090
21
24950
31
0
0
LINE
5
CBD
330
10E
100
AcDbEntity
8
ST-RB-PUNCH
100
AcDbLine
10
34150
20
24350
30
0
11
34150
21
24950
31
0
0
LINE
5
CBE
330
10E
100
AcDbEntity
8
ST-RB-PUNCH
100
AcDbLine
10
34110
20
24350
30
0
11
34190
21
24350
31
0
0
LINE
5
CBF
330
10E
100
AcDbEntity
8
ST-RB-PUNCH
100
AcDbLine
10
34110
20
24450
30
0
11
34190
21
24450
31
0
0
LINE
5
CC0
330
10E
100
AcDbEntity
8
ST-RB-PUNCH
100
AcDbLine
10
34110
20
24550
30
0
11
34190
21
24550
31
0
0
LINE
5
CC1
330
10E
100
AcDbEntity
8
ST-RB-PUNCH
100
AcDbLine
10
34110
20
24650
30
0
11
34190
21
24650
31
0
0
LINE
5
CC2
330
10E
100
AcDbEntity
8
ST-RB-PUNCH
100
AcDbLine
10
34110
20
24750
30
0
11
34190
21
24750
31
0
0
LINE
5
CC3
330
10E
100
AcDbEntity
8
ST-RB-PUNCH
100
AcDbLine
10
34110
20
24850
30
0
11
34190
21
24850
31
0
0
LINE
5
CC4
330
10E
100
AcDbEntity
8
ST-RB-PUNCH
100
AcDbLine
10
34110
20
24950
30
0
11
34190
21
24950
31
0
0
LINE
5
CC5
330
10E
100
AcDbEntity
8
ST-RB-PUNCH
100
AcDbLine
10
34250
20
24350
30
0
11
34250
21
24950
31
0
0
LINE
5
CC6
330
10E
100
AcDbEntity
8
ST-RB-PUNCH
100
AcDbLine
10
34210
20
24350
30
0
11
34290
21
24350
31
0
0
LINE
5
CC7
330
10E
100
AcDbEntity
8
ST-RB-PUNCH
100
AcDbLine
10
34210
20
24450
30
0
11
34290
21
24450
31
0
0
LINE
5
CC8
330
10E
100
AcDbEntity
8
ST-RB-PUNCH
100
AcDbLine
10
34210
20
24550
30
0
11
34290
21
24550
31
0
0
LINE
5
CC9
330
10E
100
AcDbEntity
8
ST-RB-PUNCH
100
AcDbLine
10
34210
20
24650
30
0
11
34290
21
24650
31
0
0
LINE
5
CCA
330
10E
100
AcDbEntity
8
ST-RB-PUNCH
100
AcDbLine
10
34210
20
24750
30
0
11
34290
21
24750
31
0
0
LINE
5
CCB
330
10E
100
AcDbEntity
8
ST-RB-PUNCH
100
AcDbLine
10
34210
20
24850
30
0
11
34290
21
24850
31
0
0
LINE
5
CCC
330
10E
100
AcDbEntity
8
ST-RB-PUNCH
100
AcDbLine
10
34210
20
24950
30
0
11
34290
21
24950
31
0
0
LINE
5
CCD
330
10E
100
AcDbEntity
8
ST-RB-PUNCH
100
AcDbLine
10
34350
20
24350
30
0
11
34350
21
24950
31
0
0
LINE
5
CCE
330
10E
100
AcDbEntity
8
ST-RB-PUNCH
100
AcDbLine
10
34310
20
24350
30
0
11
34390
21
24350
31
0
0
LINE
5
CCF
330
10E
100
AcDbEntity
8
ST-RB-PUNCH
100
AcDbLine
10
34310
20
24450
30
0
11
34390
21
24450
31
0
0
LINE
5
CD0
330
10E
100
AcDbEntity
8
ST-RB-PUNCH
100
AcDbLine
10
34310
20
24550
30
0
11
34390
21
24550
31
0
0
LINE
5
CD1
330
10E
100
AcDbEntity
8
ST-RB-PUNCH
100
AcDbLine
10
34310
20
24650
30
0
11
34390
21
24650
31
0
0
LINE
5
CD2
330
10E
100
AcDbEntity
8
ST-RB-PUNCH
100
AcDbLine
10
34310
20
24750
30
0
11
34390
21
24750
31
0
0
LINE
5
CD3
330
10E
100
AcDbEntity
8
ST-RB-PUNCH
100
AcDbLine
10
34310
20
24850
30
0
11
34390
21
24850
31
0
0
LINE
5
CD4
330
10E
100
AcDbEntity
8
ST-RB-PUNCH
100
AcDbLine
10
34310
20
24950
30
0
11
34390
21
24950
31
0
0
TEXT
5
CD5
330
10E
100
AcDbEntity
8
ST-RB-TEXT
100
AcDbText
10
34480
20
24980
30
0
40
160
1
5X7-T10-100
50
90
7
STANDARD
72
0
100
AcDbText
73
0
0
LINE
5
CD6
330
10E
100
AcDbEntity
8
ST-RB-PUNCH
100
AcDbLine
10
33250
20
24250
30
0
11
33850
21
24250
31
0
0
LINE
5
CD7
330
10E
100
AcDbEntity
8
ST-RB-PUNCH
100
AcDbLine
10
33250
20
24210
30
0
11
33250
21
24290
31
0
0
LINE
5
CD8
330
10E
100
AcDbEntity
8
ST-RB-PUNCH
100
AcDbLine
10
33350
20
24210
30
0
11
33350
21
24290
31
0
0
LINE
5
CD9
330
10E
100
AcDbEntity
8
ST-RB-PUNCH
100
AcDbLine
10
33450
20
24210
30
0
11
33450
21
24290
31
0
0
LINE
5
CDA
330
10E
100
AcDbEntity
8
ST-RB-PUNCH
100
AcDbLine
10
33550
20
24210
30
0
11
33550
21
24290
31
0
0
LINE
5
CDB
330
10E
100
AcDbEntity
8
ST-RB-PUNCH
100
AcDbLine
10
33650
20
24210
30
0
11
33650
21
24290
31
0
0
LINE
5
CDC
330
10E
100
AcDbEntity
8
ST-RB-PUNCH
100
AcDbLine
10
33750
20
24210
30
0
11
33750
21
24290
31
0
0
LINE
5
CDD
330
10E
100
AcDbEntity
8
ST-RB-PUNCH
100
AcDbLine
10
33850
20
24210
30
0
11
33850
21
24290
31
0
0
LINE
5
CDE
330
10E
100
AcDbEntity
8
ST-RB-PUNCH
100
AcDbLine
10
33250
20
24150
30
0
11
33850
21
24150
31
0
0
LINE
5
CDF
330
10E
100
AcDbEntity
8
ST-RB-PUNCH
100
AcDbLine
10
33250
20
24110
30
0
11
33250
21
24190
31
0
0
LINE
5
CE0
330
10E
100
AcDbEntity
8
ST-RB-PUNCH
100
AcDbLine
10
33350
20
24110
30
0
11
33350
21
24190
31
0
0
LINE
5
CE1
330
10E
100
AcDbEntity
8
ST-RB-PUNCH
100
AcDbLine
10
33450
20
24110
30
0
11
33450
21
24190
31
0
0
LINE
5
CE2
330
10E
100
AcDbEntity
8
ST-RB-PUNCH
100
AcDbLine
10
33550
20
24110
30
0
11
33550
21
24190
31
0
0
LINE
5
CE3
330
10E
100
AcDbEntity
8
ST-RB-PUNCH
100
AcDbLine
10
33650
20
24110
30
0
11
33650
21
24190
31
0
0
LINE
5
CE4
330
10E
100
AcDbEntity
8
ST-RB-PUNCH
100
AcDbLine
10
33750
20
24110
30
0
11
33750
21
24190
31
0
0
LINE
5
CE5
330
10E
100
AcDbEntity
8
ST-RB-PUNCH
100
AcDbLine
10
33850
20
24110
30
0
11
33850
21
24190
31
0
0
LINE
5
CE6
330
10E
100
AcDbEntity
8
ST-RB-PUNCH
100
AcDbLine
10
33250
20
24050
30
0
11
33850
21
24050
31
0
0
LINE
5
CE7
330
10E
100
AcDbEntity
8
ST-RB-PUNCH
100
AcDbLine
10
33250
20
24010
30
0
11
33250
21
24090
31
0
0
LINE
5
CE8
330
10E
100
AcDbEntity
8
ST-RB-PUNCH
100
AcDbLine
10
33350
20
24010
30
0
11
33350
21
24090
31
0
0
LINE
5
CE9
330
10E
100
AcDbEntity
8
ST-RB-PUNCH
100
AcDbLine
10
33450
20
24010
30
0
11
33450
21
24090
31
0
0
LINE
5
CEA
330
10E
100
AcDbEntity
8
ST-RB-PUNCH
100
AcDbLine
10
33550
20
24010
30
0
11
33550
21
24090
31
0
0
LINE
5
CEB
330
10E
100
AcDbEntity
8
ST-RB-PUNCH
100
AcDbLine
10
33650
20
24010
30
0
11
33650
21
24090
31
0
0
LINE
5
CEC
330
10E
100
AcDbEntity
8
ST-RB-PUNCH
100
AcDbLine
10
33750
20
24010
30
0
11
33750
21
24090
31
0
0
LINE
5
CED
330
10E
100
AcDbEntity
8
ST-RB-PUNCH
100
AcDbLine
10
33850
20
24010
30
0
11
33850
21
24090
31
0
0
LINE
5
CEE
330
10E
100
AcDbEntity
8
ST-RB-PUNCH
100
AcDbLine
10
33250
20
23950
30
0
11
33850
21
23950
31
0
0
LINE
5
CEF
330
10E
100
AcDbEntity
8
ST-RB-PUNCH
100
AcDbLine
10
33250
20
23910
30
0
11
33250
21
23990
31
0
0
LINE
5
CF0
330
10E
100
AcDbEntity
8
ST-RB-PUNCH
100
AcDbLine
10
33350
20
23910
30
0
11
33350
21
23990
31
0
0
LINE
5
CF1
330
10E
100
AcDbEntity
8
ST-RB-PUNCH
100
AcDbLine
10
33450
20
23910
30
0
11
33450
21
23990
31
0
0
LINE
5
CF2
330
10E
100
AcDbEntity
8
ST-RB-PUNCH
100
AcDbLine
10
33550
20
23910
30
0
11
33550
21
23990
31
0
0
LINE
5
CF3
330
10E
100
AcDbEntity
8
ST-RB-PUNCH
100
AcDbLine
10
33650
20
23910
30
0
11
33650
21
23990
31
0
0
LINE
5
CF4
330
10E
100
AcDbEntity
8
ST-RB-PUNCH
100
AcDbLine
10
33750
20
23910
30
0
11
33750
21
23990
31
0
0
LINE
5
CF5
330
10E
100
AcDbEntity
8
ST-RB-PUNCH
100
AcDbLine
10
33850
20
23910
30
0
11
33850
21
23990
31
0
0
LINE
5
CF6
330
10E
100
AcDbEntity
8
ST-RB-PUNCH
100
AcDbLine
10
33250
20
23850
30
0
11
33850
21
23850
31
0
0
LINE
5
CF7
330
10E
100
AcDbEntity
8
ST-RB-PUNCH
100
AcDbLine
10
33250
20
23810
30
0
11
33250
21
23890
31
0
0
LINE
5
CF8
330
10E
100
AcDbEntity
8
ST-RB-PUNCH
100
AcDbLine
10
33350
20
23810
30
0
11
33350
21
23890
31
0
0
LINE
5
CF9
330
10E
100
AcDbEntity
8
ST-RB-PUNCH
100
AcDbLine
10
33450
20
23810
30
0
11
33450
21
23890
31
0
0
LINE
5
CFA
330
10E
100
AcDbEntity
8
ST-RB-PUNCH
100
AcDbLine
10
33550
20
23810
30
0
11
33550
21
23890
31
0
0
LINE
5
CFB
330
10E
100
AcDbEntity
8
ST-RB-PUNCH
100
AcDbLine
10
33650
20
23810
30
0
11
33650
21
23890
31
0
0
LINE
5
CFC
330
10E
100
AcDbEntity
8
ST-RB-PUNCH
100
AcDbLine
10
33750
20
23810
30
0
11
33750
21
23890
31
0
0
LINE
5
CFD
330
10E
100
AcDbEntity
8
ST-RB-PUNCH
100
AcDbLine
10
33850
20
23810
30
0
11
33850
21
23890
31
0
0
TEXT
5
CFE
330
10E
100
AcDbEntity
8
ST-RB-TEXT
100
AcDbText
10
33880
20
23750
30
0
40
160
1
5X7-T10-100
7
STANDARD
72
0
100
AcDbText
73
0
0
LINE
5
CFF
330
10E
100
AcDbEntity
8
ST-RB-PUNCH
100
AcDbLine
10
33250
20
25050
30
0
11
33850
21
25050
31
0
0
LINE
5
D00
330
10E
100
AcDbEntity
8
ST-RB-PUNCH
100
AcDbLine
10
33250
20
25010
30
0
11
33250
21
25090
31
0
0
LINE
5
D01
330
10E
100
AcDbEntity
8
ST-RB-PUNCH
100
AcDbLine
10
33350
20
25010
30
0
11
33350
21
25090
31
0
0
LINE
5
D02
330
10E
100
AcDbEntity
8
ST-RB-PUNCH
100
AcDbLine
10
33450
20
25010
30
0
11
33450
21
25090
31
0
0
LINE
5
D03
330
10E
100
AcDbEntity
8
ST-RB-PUNCH
100
AcDbLine
10
33550
20
25010
30
0
11
33550
21
25090
31
0
0
LINE
5
D04
330
10E
100
AcDbEntity
8
ST-RB-PUNCH
100
AcDbLine
10
33650
20
25010
30
0
11
33650
21
25090
31
0
0
LINE
5
D05
330
10E
100
AcDbEntity
8
ST-RB-PUNCH
100
AcDbLine
10
33750
20
25010
30
0
11
33750
21
25090
31
0
0
LINE
5
D06
330
10E
100
AcDbEntity
8
ST-RB-PUNCH
100
AcDbLine
10
33850
20
25010
30
0
11
33850
21
25090
31
0
0
LINE
5
D07
330
10E
100
AcDbEntity
8
ST-RB-PUNCH
100
AcDbLine
10
33250
20
25150
30
0
11
33850
21
25150
31
0
0
LINE
5
D08
330
10E
100
AcDbEntity
8
ST-RB-PUNCH
100
AcDbLine
10
33250
20
25110
30
0
11
33250
21
25190
31
0
0
LINE
5
D09
330
10E
100
AcDbEntity
8
ST-RB-PUNCH
100
AcDbLine
10
33350
20
25110
30
0
11
33350
21
25190
31
0
0
LINE
5
D0A
330
10E
100
AcDbEntity
8
ST-RB-PUNCH
100
AcDbLine
10
33450
20
25110
30
0
11
33450
21
25190
31
0
0
LINE
5
D0B
330
10E
100
AcDbEntity
8
ST-RB-PUNCH
100
AcDbLine
10
33550
20
25110
30
0
11
33550
21
25190
31
0
0
LINE
5
D0C
330
10E
100
AcDbEntity
8
ST-RB-PUNCH
100
AcDbLine
10
33650
20
25110
30
0
11
33650
21
25190
31
0
0
LINE
5
D0D
330
10E
100
AcDbEntity
8
ST-RB-PUNCH
100
AcDbLine
10
33750
20
25110
30
0
11
33750
21
25190
31
0
0
LINE
5
D0E
330
10E
100
AcDbEntity
8
ST-RB-PUNCH
100
AcDbLine
10
33850
20
25110
30
0
11
33850
21
25190
31
0
0
LINE
5
D0F
330
10E
100
AcDbEntity
8
ST-RB-PUNCH
100
AcDbLine
10
33250
20
25250
30
0
11
33850
21
25250
31
0
0
LINE
5
D10
330
10E
100
AcDbEntity
8
ST-RB-PUNCH
100
AcDbLine
10
33250
20
25210
30
0
11
33250
21
25290
31
0
0
LINE
5
D11
330
10E
100
AcDbEntity
8
ST-RB-PUNCH
100
AcDbLine
10
33350
20
25210
30
0
11
33350
21
25290
31
0
0
LINE
5
D12
330
10E
100
AcDbEntity
8
ST-RB-PUNCH
100
AcDbLine
10
33450
20
25210
30
0
11
33450
21
25290
31
0
0
LINE
5
D13
330
10E
100
AcDbEntity
8
ST-RB-PUNCH
100
AcDbLine
10
33550
20
25210
30
0
11
33550
21
25290
31
0
0
LINE
5
D14
330
10E
100
AcDbEntity
8
ST-RB-PUNCH
100
AcDbLine
10
33650
20
25210
30
0
11
33650
21
25290
31
0
0
LINE
5
D15
330
10E
100
AcDbEntity
8
ST-RB-PUNCH
100
AcDbLine
10
33750
20
25210
30
0
11
33750
21
25290
31
0
0
LINE
5
D16
330
10E
100
AcDbEntity
8
ST-RB-PUNCH
100
AcDbLine
10
33850
20
25210
30
0
11
33850
21
25290
31
0
0
LINE
5
D17
330
10E
100
AcDbEntity
8
ST-RB-PUNCH
100
AcDbLine
10
33250
20
25350
30
0
11
33850
21
25350
31
0
0
LINE
5
D18
330
10E
100
AcDbEntity
8
ST-RB-PUNCH
100
AcDbLine
10
33250
20
25310
30
0
11
33250
21
25390
31
0
0
LINE
5
D19
330
10E
100
AcDbEntity
8
ST-RB-PUNCH
100
AcDbLine
10
33350
20
25310
30
0
11
33350
21
25390
31
0
0
LINE
5
D1A
330
10E
100
AcDbEntity
8
ST-RB-PUNCH
100
AcDbLine
10
33450
20
25310
30
0
11
33450
21
25390
31
0
0
LINE
5
D1B
330
10E
100
AcDbEntity
8
ST-RB-PUNCH
100
AcDbLine
10
33550
20
25310
30
0
11
33550
21
25390
31
0
0
LINE
5
D1C
330
10E
100
AcDbEntity
8
ST-RB-PUNCH
100
AcDbLine
10
33650
20
25310
30
0
11
33650
21
25390
31
0
0
LINE
5
D1D
330
10E
100
AcDbEntity
8
ST-RB-PUNCH
100
AcDbLine
10
33750
20
25310
30
0
11
33750
21
25390
31
0
0
LINE
5
D1E
330
10E
100
AcDbEntity
8
ST-RB-PUNCH
100
AcDbLine
10
33850
20
25310
30
0
11
33850
21
25390
31
0
0
LINE
5
D1F
330
10E
100
AcDbEntity
8
ST-RB-PUNCH
100
AcDbLine
10
33250
20
25450
30
0
11
33850
21
25450
31
0
0
LINE
5
D20
330
10E
100
AcDbEntity
8
ST-RB-PUNCH
100
AcDbLine
10
33250
20
25410
30
0
11
33250
21
25490
31
0
0
LINE
5
D21
330
10E
100
AcDbEntity
8
ST-RB-PUNCH
100
AcDbLine
10
33350
20
25410
30
0
11
33350
21
25490
31
0
0
LINE
5
D22
330
10E
100
AcDbEntity
8
ST-RB-PUNCH
100
AcDbLine
10
33450
20
25410
30
0
11
33450
21
25490
31
0
0
LINE
5
D23
330
10E
100
AcDbEntity
8
ST-RB-PUNCH
100
AcDbLine
10
33550
20
25410
30
0
11
33550
21
25490
31
0
0
LINE
5
D24
330
10E
100
AcDbEntity
8
ST-RB-PUNCH
100
AcDbLine
10
33650
20
25410
30
0
11
33650
21
25490
31
0
0
LINE
5
D25
330
10E
100
AcDbEntity
8
ST-RB-PUNCH
100
AcDbLine
10
33750
20
25410
30
0
11
33750
21
25490
31
0
0
LINE
5
D26
330
10E
100
AcDbEntity
8
ST-RB-PUNCH
100
AcDbLine
10
33850
20
25410
30
0
11
33850
21
25490
31
0
0
TEXT
5
D27
330
10E
100
AcDbEntity
8
ST-RB-TEXT
100
AcDbText
10
33880
20
25550
30
0
40
160
1
5X7-T10-100
7
STANDARD
72
0
100
AcDbText
73
0
0
TEXT
5
D28
330
10E
100
AcDbEntity
8
ST-RB-TYPE
100
AcDbText
10
33100
20
25100
30
0
40
250
1
PS1
7
STANDARD
72
2
11
33100
21
25100
31
0
100
AcDbText
73
0
0
LINE
5
D29
330
10E
100
AcDbEntity
8
ST-RB-PUNCH
100
AcDbLine
10
40650
20
24350
30
0
11
40650
21
24950
31
0
0
LINE
5
D2A
330
10E
100
AcDbEntity
8
ST-RB-PUNCH
100
AcDbLine
10
40610
20
24350
30
0
11
40690
21
24350
31
0
0
LINE
5
D2B
330
10E
100
AcDbEntity
8
ST-RB-PUNCH
100
AcDbLine
10
40610
20
24450
30
0
11
40690
21
24450
31
0
0
LINE
5
D2C
330
10E
100
AcDbEntity
8
ST-RB-PUNCH
100
AcDbLine
10
40610
20
24550
30
0
11
40690
21
24550
31
0
0
LINE
5
D2D
330
10E
100
AcDbEntity
8
ST-RB-PUNCH
100
AcDbLine
10
40610
20
24650
30
0
11
40690
21
24650
31
0
0
LINE
5
D2E
330
10E
100
AcDbEntity
8
ST-RB-PUNCH
100
AcDbLine
10
40610
20
24750
30
0
11
40690
21
24750
31
0
0
LINE
5
D2F
330
10E
100
AcDbEntity
8
ST-RB-PUNCH
100
AcDbLine
10
40610
20
24850
30
0
11
40690
21
24850
31
0
0
LINE
5
D30
330
10E
100
AcDbEntity
8
ST-RB-PUNCH
100
AcDbLine
10
40610
20
24950
30
0
11
40690
21
24950
31
0
0
LINE
5
D31
330
10E
100
AcDbEntity
8
ST-RB-PUNCH
100
AcDbLine
10
40550
20
24350
30
0
11
40550
21
24950
31
0
0
LINE
5
D32
330
10E
100
AcDbEntity
8
ST-RB-PUNCH
100
AcDbLine
10
40510
20
24350
30
0
11
40590
21
24350
31
0
0
LINE
5
D33
330
10E
100
AcDbEntity
8
ST-RB-PUNCH
100
AcDbLine
10
40510
20
24450
30
0
11
40590
21
24450
31
0
0
LINE
5
D34
330
10E
100
AcDbEntity
8
ST-RB-PUNCH
100
AcDbLine
10
40510
20
24550
30
0
11
40590
21
24550
31
0
0
LINE
5
D35
330
10E
100
AcDbEntity
8
ST-RB-PUNCH
100
AcDbLine
10
40510
20
24650
30
0
11
40590
21
24650
31
0
0
LINE
5
D36
330
10E
100
AcDbEntity
8
ST-RB-PUNCH
100
AcDbLine
10
40510
20
24750
30
0
11
40590
21
24750
31
0
0
LINE
5
D37
330
10E
100
AcDbEntity
8
ST-RB-PUNCH
100
AcDbLine
10
40510
20
24850
30
0
11
40590
21
24850
31
0
0
LINE
5
D38
330
10E
100
AcDbEntity
8
ST-RB-PUNCH
100
AcDbLine
10
40510
20
24950
30
0
11
40590
21
24950
31
0
0
LINE
5
D39
330
10E
100
AcDbEntity
8
ST-RB-PUNCH
100
AcDbLine
10
40450
20
24350
30
0
11
40450
21
24950
31
0
0
LINE
5
D3A
330
10E
100
AcDbEntity
8
ST-RB-PUNCH
100
AcDbLine
10
40410
20
24350
30
0
11
40490
21
24350
31
0
0
LINE
5
D3B
330
10E
100
AcDbEntity
8
ST-RB-PUNCH
100
AcDbLine
10
40410
20
24450
30
0
11
40490
21
24450
31
0
0
LINE
5
D3C
330
10E
100
AcDbEntity
8
ST-RB-PUNCH
100
AcDbLine
10
40410
20
24550
30
0
11
40490
21
24550
31
0
0
LINE
5
D3D
330
10E
100
AcDbEntity
8
ST-RB-PUNCH
100
AcDbLine
10
40410
20
24650
30
0
11
40490
21
24650
31
0
0
LINE
5
D3E
330
10E
100
AcDbEntity
8
ST-RB-PUNCH
100
AcDbLine
10
40410
20
24750
30
0
11
40490
21
24750
31
0
0
LINE
5
D3F
330
10E
100
AcDbEntity
8
ST-RB-PUNCH
100
AcDbLine
10
40410
20
24850
30
0
11
40490
21
24850
31
0
0
LINE
5
D40
330
10E
100
AcDbEntity
8
ST-RB-PUNCH
100
AcDbLine
10
40410
20
24950
30
0
11
40490
21
24950
31
0
0
LINE
5
D41
330
10E
100
AcDbEntity
8
ST-RB-PUNCH
100
AcDbLine
10
40350
20
24350
30
0
11
40350
21
24950
31
0
0
LINE
5
D42
330
10E
100
AcDbEntity
8
ST-RB-PUNCH
100
AcDbLine
10
40310
20
24350
30
0
11
40390
21
24350
31
0
0
LINE
5
D43
330
10E
100
AcDbEntity
8
ST-RB-PUNCH
100
AcDbLine
10
40310
20
24450
30
0
11
40390
21
24450
31
0
0
LINE
5
D44
330
10E
100
AcDbEntity
8
ST-RB-PUNCH
100
AcDbLine
10
40310
20
24550
30
0
11
40390
21
24550
31
0
0
LINE
5
D45
330
10E
100
AcDbEntity
8
ST-RB-PUNCH
100
AcDbLine
10
40310
20
24650
30
0
11
40390
21
24650
31
0
0
LINE
5
D46
330
10E
100
AcDbEntity
8
ST-RB-PUNCH
100
AcDbLine
10
40310
20
24750
30
0
11
40390
21
24750
31
0
0
LINE
5
D47
330
10E
100
AcDbEntity
8
ST-RB-PUNCH
100
AcDbLine
10
40310
20
24850
30
0
11
40390
21
24850
31
0
0
LINE
5
D48
330
10E
100
AcDbEntity
8
ST-RB-PUNCH
100
AcDbLine
10
40310
20
24950
30
0
11
40390
21
24950
31
0
0
LINE
5
D49
330
10E
100
AcDbEntity
8
ST-RB-PUNCH
100
AcDbLine
10
40250
20
24350
30
0
11
40250
21
24950
31
0
0
LINE
5
D4A
330
10E
100
AcDbEntity
8
ST-RB-PUNCH
100
AcDbLine
10
40210
20
24350
30
0
11
40290
21
24350
31
0
0
LINE
5
D4B
330
10E
100
AcDbEntity
8
ST-RB-PUNCH
100
AcDbLine
10
40210
20
24450
30
0
11
40290
21
24450
31
0
0
LINE
5
D4C
330
10E
100
AcDbEntity
8
ST-RB-PUNCH
100
AcDbLine
10
40210
20
24550
30
0
11
40290
21
24550
31
0
0
LINE
5
D4D
330
10E
100
AcDbEntity
8
ST-RB-PUNCH
100
AcDbLine
10
40210
20
24650
30
0
11
40290
21
24650
31
0
0
LINE
5
D4E
330
10E
100
AcDbEntity
8
ST-RB-PUNCH
100
AcDbLine
10
40210
20
24750
30
0
11
40290
21
24750
31
0
0
LINE
5
D4F
330
10E
100
AcDbEntity
8
ST-RB-PUNCH
100
AcDbLine
10
40210
20
24850
30
0
11
40290
21
24850
31
0
0
LINE
5
D50
330
10E
100
AcDbEntity
8
ST-RB-PUNCH
100
AcDbLine
10
40210
20
24950
30
0
11
40290
21
24950
31
0
0
TEXT
5
D51
330
10E
100
AcDbEntity
8
ST-RB-TEXT
100
AcDbText
10
40120
20
24980
30
0
40
160
1
5X7-T10-100
50
90
7
STANDARD
72
0
100
AcDbText
73
0
0
LINE
5
D52
330
10E
100
AcDbEntity
8
ST-RB-PUNCH
100
AcDbLine
10
41450
20
24350
30
0
11
41450
21
24950
31
0
0
LINE
5
D53
330
10E
100
AcDbEntity
8
ST-RB-PUNCH
100
AcDbLine
10
41410
20
24350
30
0
11
41490
21
24350
31
0
0
LINE
5
D54
330
10E
100
AcDbEntity
8
ST-RB-PUNCH
100
AcDbLine
10
41410
20
24450
30
0
11
41490
21
24450
31
0
0
LINE
5
D55
330
10E
100
AcDbEntity
8
ST-RB-PUNCH
100
AcDbLine
10
41410
20
24550
30
0
11
41490
21
24550
31
0
0
LINE
5
D56
330
10E
100
AcDbEntity
8
ST-RB-PUNCH
100
AcDbLine
10
41410
20
24650
30
0
11
41490
21
24650
31
0
0
LINE
5
D57
330
10E
100
AcDbEntity
8
ST-RB-PUNCH
100
AcDbLine
10
41410
20
24750
30
0
11
41490
21
24750
31
0
0
LINE
5
D58
330
10E
100
AcDbEntity
8
ST-RB-PUNCH
100
AcDbLine
10
41410
20
24850
30
0
11
41490
21
24850
31
0
0
LINE
5
D59
330
10E
100
AcDbEntity
8
ST-RB-PUNCH
100
AcDbLine
10
41410
20
24950
30
0
11
41490
21
24950
31
0
0
LINE
5
D5A
330
10E
100
AcDbEntity
8
ST-RB-PUNCH
100
AcDbLine
10
41550
20
24350
30
0
11
41550
21
24950
31
0
0
LINE
5
D5B
330
10E
100
AcDbEntity
8
ST-RB-PUNCH
100
AcDbLine
10
41510
20
24350
30
0
11
41590
21
24350
31
0
0
LINE
5
D5C
330
10E
100
AcDbEntity
8
ST-RB-PUNCH
100
AcDbLine
10
41510
20
24450
30
0
11
41590
21
24450
31
0
0
LINE
5
D5D
330
10E
100
AcDbEntity
8
ST-RB-PUNCH
100
AcDbLine
10
41510
20
24550
30
0
11
41590
21
24550
31
0
0
LINE
5
D5E
330
10E
100
AcDbEntity
8
ST-RB-PUNCH
100
AcDbLine
10
41510
20
24650
30
0
11
41590
21
24650
31
0
0
LINE
5
D5F
330
10E
100
AcDbEntity
8
ST-RB-PUNCH
100
AcDbLine
10
41510
20
24750
30
0
11
41590
21
24750
31
0
0
LINE
5
D60
330
10E
100
AcDbEntity
8
ST-RB-PUNCH
100
AcDbLine
10
41510
20
24850
30
0
11
41590
21
24850
31
0
0
LINE
5
D61
330
10E
100
AcDbEntity
8
ST-RB-PUNCH
100
AcDbLine
10
41510
20
24950
30
0
11
41590
21
24950
31
0
0
LINE
5
D62
330
10E
100
AcDbEntity
8
ST-RB-PUNCH
100
AcDbLine
10
41650
20
24350
30
0
11
41650
21
24950
31
0
0
LINE
5
D63
330
10E
100
AcDbEntity
8
ST-RB-PUNCH
100
AcDbLine
10
41610
20
24350
30
0
11
41690
21
24350
31
0
0
LINE
5
D64
330
10E
100
AcDbEntity
8
ST-RB-PUNCH
100
AcDbLine
10
41610
20
24450
30
0
11
41690
21
24450
31
0
0
LINE
5
D65
330
10E
100
AcDbEntity
8
ST-RB-PUNCH
100
AcDbLine
10
41610
20
24550
30
0
11
41690
21
24550
31
0
0
LINE
5
D66
330
10E
100
AcDbEntity
8
ST-RB-PUNCH
100
AcDbLine
10
41610
20
24650
30
0
11
41690
21
24650
31
0
0
LINE
5
D67
330
10E
100
AcDbEntity
8
ST-RB-PUNCH
100
AcDbLine
10
41610
20
24750
30
0
11
41690
21
24750
31
0
0
LINE
5
D68
330
10E
100
AcDbEntity
8
ST-RB-PUNCH
100
AcDbLine
10
41610
20
24850
30
0
11
41690
21
24850
31
0
0
LINE
5
D69
330
10E
100
AcDbEntity
8
ST-RB-PUNCH
100
AcDbLine
10
41610
20
24950
30
0
11
41690
21
24950
31
0
0
LINE
5
D6A
330
10E
100
AcDbEntity
8
ST-RB-PUNCH
100
AcDbLine
10
41750
20
24350
30
0
11
41750
21
24950
31
0
0
LINE
5
D6B
330
10E
100
AcDbEntity
8
ST-RB-PUNCH
100
AcDbLine
10
41710
20
24350
30
0
11
41790
21
24350
31
0
0
LINE
5
D6C
330
10E
100
AcDbEntity
8
ST-RB-PUNCH
100
AcDbLine
10
41710
20
24450
30
0
11
41790
21
24450
31
0
0
LINE
5
D6D
330
10E
100
AcDbEntity
8
ST-RB-PUNCH
100
AcDbLine
10
41710
20
24550
30
0
11
41790
21
24550
31
0
0
LINE
5
D6E
330
10E
100
AcDbEntity
8
ST-RB-PUNCH
100
AcDbLine
10
41710
20
24650
30
0
11
41790
21
24650
31
0
0
LINE
5
D6F
330
10E
100
AcDbEntity
8
ST-RB-PUNCH
100
AcDbLine
10
41710
20
24750
30
0
11
41790
21
24750
31
0
0
LINE
5
D70
330
10E
100
AcDbEntity
8
ST-RB-PUNCH
100
AcDbLine
10
41710
20
24850
30
0
11
41790
21
24850
31
0
0
LINE
5
D71
330
10E
100
AcDbEntity
8
ST-RB-PUNCH
100
AcDbLine
10
41710
20
24950
30
0
11
41790
21
24950
31
0
0
LINE
5
D72
330
10E
100
AcDbEntity
8
ST-RB-PUNCH
100
AcDbLine
10
41850
20
24350
30
0
11
41850
21
24950
31
0
0
LINE
5
D73
330
10E
100
AcDbEntity
8
ST-RB-PUNCH
100
AcDbLine
10
41810
20
24350
30
0
11
41890
21
24350
31
0
0
LINE
5
D74
330
10E
100
AcDbEntity
8
ST-RB-PUNCH
100
AcDbLine
10
41810
20
24450
30
0
11
41890
21
24450
31
0
0
LINE
5
D75
330
10E
100
AcDbEntity
8
ST-RB-PUNCH
100
AcDbLine
10
41810
20
24550
30
0
11
41890
21
24550
31
0
0
LINE
5
D76
330
10E
100
AcDbEntity
8
ST-RB-PUNCH
100
AcDbLine
10
41810
20
24650
30
0
11
41890
21
24650
31
0
0
LINE
5
D77
330
10E
100
AcDbEntity
8
ST-RB-PUNCH
100
AcDbLine
10
41810
20
24750
30
0
11
41890
21
24750
31
0
0
LINE
5
D78
330
10E
100
AcDbEntity
8
ST-RB-PUNCH
100
AcDbLine
10
41810
20
24850
30
0
11
41890
21
24850
31
0
0
LINE
5
D79
330
10E
100
AcDbEntity
8
ST-RB-PUNCH
100
AcDbLine
10
41810
20
24950
30
0
11
41890
21
24950
31
0
0
TEXT
5
D7A
330
10E
100
AcDbEntity
8
ST-RB-TEXT
100
AcDbText
10
41980
20
24980
30
0
40
160
1
5X7-T10-100
50
90
7
STANDARD
72
0
100
AcDbText
73
0
0
LINE
5
D7B
330
10E
100
AcDbEntity
8
ST-RB-PUNCH
100
AcDbLine
10
40750
20
24250
30
0
11
41350
21
24250
31
0
0
LINE
5
D7C
330
10E
100
AcDbEntity
8
ST-RB-PUNCH
100
AcDbLine
10
40750
20
24210
30
0
11
40750
21
24290
31
0
0
LINE
5
D7D
330
10E
100
AcDbEntity
8
ST-RB-PUNCH
100
AcDbLine
10
40850
20
24210
30
0
11
40850
21
24290
31
0
0
LINE
5
D7E
330
10E
100
AcDbEntity
8
ST-RB-PUNCH
100
AcDbLine
10
40950
20
24210
30
0
11
40950
21
24290
31
0
0
LINE
5
D7F
330
10E
100
AcDbEntity
8
ST-RB-PUNCH
100
AcDbLine
10
41050
20
24210
30
0
11
41050
21
24290
31
0
0
LINE
5
D80
330
10E
100
AcDbEntity
8
ST-RB-PUNCH
100
AcDbLine
10
41150
20
24210
30
0
11
41150
21
24290
31
0
0
LINE
5
D81
330
10E
100
AcDbEntity
8
ST-RB-PUNCH
100
AcDbLine
10
41250
20
24210
30
0
11
41250
21
24290
31
0
0
LINE
5
D82
330
10E
100
AcDbEntity
8
ST-RB-PUNCH
100
AcDbLine
10
41350
20
24210
30
0
11
41350
21
24290
31
0
0
LINE
5
D83
330
10E
100
AcDbEntity
8
ST-RB-PUNCH
100
AcDbLine
10
40750
20
24150
30
0
11
41350
21
24150
31
0
0
LINE
5
D84
330
10E
100
AcDbEntity
8
ST-RB-PUNCH
100
AcDbLine
10
40750
20
24110
30
0
11
40750
21
24190
31
0
0
LINE
5
D85
330
10E
100
AcDbEntity
8
ST-RB-PUNCH
100
AcDbLine
10
40850
20
24110
30
0
11
40850
21
24190
31
0
0
LINE
5
D86
330
10E
100
AcDbEntity
8
ST-RB-PUNCH
100
AcDbLine
10
40950
20
24110
30
0
11
40950
21
24190
31
0
0
LINE
5
D87
330
10E
100
AcDbEntity
8
ST-RB-PUNCH
100
AcDbLine
10
41050
20
24110
30
0
11
41050
21
24190
31
0
0
LINE
5
D88
330
10E
100
AcDbEntity
8
ST-RB-PUNCH
100
AcDbLine
10
41150
20
24110
30
0
11
41150
21
24190
31
0
0
LINE
5
D89
330
10E
100
AcDbEntity
8
ST-RB-PUNCH
100
AcDbLine
10
41250
20
24110
30
0
11
41250
21
24190
31
0
0
LINE
5
D8A
330
10E
100
AcDbEntity
8
ST-RB-PUNCH
100
AcDbLine
10
41350
20
24110
30
0
11
41350
21
24190
31
0
0
LINE
5
D8B
330
10E
100
AcDbEntity
8
ST-RB-PUNCH
100
AcDbLine
10
40750
20
24050
30
0
11
41350
21
24050
31
0
0
LINE
5
D8C
330
10E
100
AcDbEntity
8
ST-RB-PUNCH
100
AcDbLine
10
40750
20
24010
30
0
11
40750
21
24090
31
0
0
LINE
5
D8D
330
10E
100
AcDbEntity
8
ST-RB-PUNCH
100
AcDbLine
10
40850
20
24010
30
0
11
40850
21
24090
31
0
0
LINE
5
D8E
330
10E
100
AcDbEntity
8
ST-RB-PUNCH
100
AcDbLine
10
40950
20
24010
30
0
11
40950
21
24090
31
0
0
LINE
5
D8F
330
10E
100
AcDbEntity
8
ST-RB-PUNCH
100
AcDbLine
10
41050
20
24010
30
0
11
41050
21
24090
31
0
0
LINE
5
D90
330
10E
100
AcDbEntity
8
ST-RB-PUNCH
100
AcDbLine
10
41150
20
24010
30
0
11
41150
21
24090
31
0
0
LINE
5
D91
330
10E
100
AcDbEntity
8
ST-RB-PUNCH
100
AcDbLine
10
41250
20
24010
30
0
11
41250
21
24090
31
0
0
LINE
5
D92
330
10E
100
AcDbEntity
8
ST-RB-PUNCH
100
AcDbLine
10
41350
20
24010
30
0
11
41350
21
24090
31
0
0
LINE
5
D93
330
10E
100
AcDbEntity
8
ST-RB-PUNCH
100
AcDbLine
10
40750
20
23950
30
0
11
41350
21
23950
31
0
0
LINE
5
D94
330
10E
100
AcDbEntity
8
ST-RB-PUNCH
100
AcDbLine
10
40750
20
23910
30
0
11
40750
21
23990
31
0
0
LINE
5
D95
330
10E
100
AcDbEntity
8
ST-RB-PUNCH
100
AcDbLine
10
40850
20
23910
30
0
11
40850
21
23990
31
0
0
LINE
5
D96
330
10E
100
AcDbEntity
8
ST-RB-PUNCH
100
AcDbLine
10
40950
20
23910
30
0
11
40950
21
23990
31
0
0
LINE
5
D97
330
10E
100
AcDbEntity
8
ST-RB-PUNCH
100
AcDbLine
10
41050
20
23910
30
0
11
41050
21
23990
31
0
0
LINE
5
D98
330
10E
100
AcDbEntity
8
ST-RB-PUNCH
100
AcDbLine
10
41150
20
23910
30
0
11
41150
21
23990
31
0
0
LINE
5
D99
330
10E
100
AcDbEntity
8
ST-RB-PUNCH
100
AcDbLine
10
41250
20
23910
30
0
11
41250
21
23990
31
0
0
LINE
5
D9A
330
10E
100
AcDbEntity
8
ST-RB-PUNCH
100
AcDbLine
10
41350
20
23910
30
0
11
41350
21
23990
31
0
0
LINE
5
D9B
330
10E
100
AcDbEntity
8
ST-RB-PUNCH
100
AcDbLine
10
40750
20
23850
30
0
11
41350
21
23850
31
0
0
LINE
5
D9C
330
10E
100
AcDbEntity
8
ST-RB-PUNCH
100
AcDbLine
10
40750
20
23810
30
0
11
40750
21
23890
31
0
0
LINE
5
D9D
330
10E
100
AcDbEntity
8
ST-RB-PUNCH
100
AcDbLine
10
40850
20
23810
30
0
11
40850
21
23890
31
0
0
LINE
5
D9E
330
10E
100
AcDbEntity
8
ST-RB-PUNCH
100
AcDbLine
10
40950
20
23810
30
0
11
40950
21
23890
31
0
0
LINE
5
D9F
330
10E
100
AcDbEntity
8
ST-RB-PUNCH
100
AcDbLine
10
41050
20
23810
30
0
11
41050
21
23890
31
0
0
LINE
5
DA0
330
10E
100
AcDbEntity
8
ST-RB-PUNCH
100
AcDbLine
10
41150
20
23810
30
0
11
41150
21
23890
31
0
0
LINE
5
DA1
330
10E
100
AcDbEntity
8
ST-RB-PUNCH
100
AcDbLine
10
41250
20
23810
30
0
11
41250
21
23890
31
0
0
LINE
5
DA2
330
10E
100
AcDbEntity
8
ST-RB-PUNCH
100
AcDbLine
10
41350
20
23810
30
0
11
41350
21
23890
31
0
0
TEXT
5
DA3
330
10E
100
AcDbEntity
8
ST-RB-TEXT
100
AcDbText
10
41380
20
23750
30
0
40
160
1
5X7-T10-100
7
STANDARD
72
0
100
AcDbText
73
0
0
LINE
5
DA4
330
10E
100
AcDbEntity
8
ST-RB-PUNCH
100
AcDbLine
10
40750
20
25050
30
0
11
41350
21
25050
31
0
0
LINE
5
DA5
330
10E
100
AcDbEntity
8
ST-RB-PUNCH
100
AcDbLine
10
40750
20
25010
30
0
11
40750
21
25090
31
0
0
LINE
5
DA6
330
10E
100
AcDbEntity
8
ST-RB-PUNCH
100
AcDbLine
10
40850
20
25010
30
0
11
40850
21
25090
31
0
0
LINE
5
DA7
330
10E
100
AcDbEntity
8
ST-RB-PUNCH
100
AcDbLine
10
40950
20
25010
30
0
11
40950
21
25090
31
0
0
LINE
5
DA8
330
10E
100
AcDbEntity
8
ST-RB-PUNCH
100
AcDbLine
10
41050
20
25010
30
0
11
41050
21
25090
31
0
0
LINE
5
DA9
330
10E
100
AcDbEntity
8
ST-RB-PUNCH
100
AcDbLine
10
41150
20
25010
30
0
11
41150
21
25090
31
0
0
LINE
5
DAA
330
10E
100
AcDbEntity
8
ST-RB-PUNCH
100
AcDbLine
10
41250
20
25010
30
0
11
41250
21
25090
31
0
0
LINE
5
DAB
330
10E
100
AcDbEntity
8
ST-RB-PUNCH
100
AcDbLine
10
41350
20
25010
30
0
11
41350
21
25090
31
0
0
LINE
5
DAC
330
10E
100
AcDbEntity
8
ST-RB-PUNCH
100
AcDbLine
10
40750
20
25150
30
0
11
41350
21
25150
31
0
0
LINE
5
DAD
330
10E
100
AcDbEntity
8
ST-RB-PUNCH
100
AcDbLine
10
40750
20
25110
30
0
11
40750
21
25190
31
0
0
LINE
5
DAE
330
10E
100
AcDbEntity
8
ST-RB-PUNCH
100
AcDbLine
10
40850
20
25110
30
0
11
40850
21
25190
31
0
0
LINE
5
DAF
330
10E
100
AcDbEntity
8
ST-RB-PUNCH
100
AcDbLine
10
40950
20
25110
30
0
11
40950
21
25190
31
0
0
LINE
5
DB0
330
10E
100
AcDbEntity
8
ST-RB-PUNCH
100
AcDbLine
10
41050
20
25110
30
0
11
41050
21
25190
31
0
0
LINE
5
DB1
330
10E
100
AcDbEntity
8
ST-RB-PUNCH
100
AcDbLine
10
41150
20
25110
30
0
11
41150
21
25190
31
0
0
LINE
5
DB2
330
10E
100
AcDbEntity
8
ST-RB-PUNCH
100
AcDbLine
10
41250
20
25110
30
0
11
41250
21
25190
31
0
0
LINE
5
DB3
330
10E
100
AcDbEntity
8
ST-RB-PUNCH
100
AcDbLine
10
41350
20
25110
30
0
11
41350
21
25190
31
0
0
LINE
5
DB4
330
10E
100
AcDbEntity
8
ST-RB-PUNCH
100
AcDbLine
10
40750
20
25250
30
0
11
41350
21
25250
31
0
0
LINE
5
DB5
330
10E
100
AcDbEntity
8
ST-RB-PUNCH
100
AcDbLine
10
40750
20
25210
30
0
11
40750
21
25290
31
0
0
LINE
5
DB6
330
10E
100
AcDbEntity
8
ST-RB-PUNCH
100
AcDbLine
10
40850
20
25210
30
0
11
40850
21
25290
31
0
0
LINE
5
DB7
330
10E
100
AcDbEntity
8
ST-RB-PUNCH
100
AcDbLine
10
40950
20
25210
30
0
11
40950
21
25290
31
0
0
LINE
5
DB8
330
10E
100
AcDbEntity
8
ST-RB-PUNCH
100
AcDbLine
10
41050
20
25210
30
0
11
41050
21
25290
31
0
0
LINE
5
DB9
330
10E
100
AcDbEntity
8
ST-RB-PUNCH
100
AcDbLine
10
41150
20
25210
30
0
11
41150
21
25290
31
0
0
LINE
5
DBA
330
10E
100
AcDbEntity
8
ST-RB-PUNCH
100
AcDbLine
10
41250
20
25210
30
0
11
41250
21
25290
31
0
0
LINE
5
DBB
330
10E
100
AcDbEntity
8
ST-RB-PUNCH
100
AcDbLine
10
41350
20
25210
30
0
11
41350
21
25290
31
0
0
LINE
5
DBC
330
10E
100
AcDbEntity
8
ST-RB-PUNCH
100
AcDbLine
10
40750
20
25350
30
0
11
41350
21
25350
31
0
0
LINE
5
DBD
330
10E
100
AcDbEntity
8
ST-RB-PUNCH
100
AcDbLine
10
40750
20
25310
30
0
11
40750
21
25390
31
0
0
LINE
5
DBE
330
10E
100
AcDbEntity
8
ST-RB-PUNCH
100
AcDbLine
10
40850
20
25310
30
0
11
40850
21
25390
31
0
0
LINE
5
DBF
330
10E
100
AcDbEntity
8
ST-RB-PUNCH
100
AcDbLine
10
40950
20
25310
30
0
11
40950
21
25390
31
0
0
LINE
5
DC0
330
10E
100
AcDbEntity
8
ST-RB-PUNCH
100
AcDbLine
10
41050
20
25310
30
0
11
41050
21
25390
31
0
0
LINE
5
DC1
330
10E
100
AcDbEntity
8
ST-RB-PUNCH
100
AcDbLine
10
41150
20
25310
30
0
11
41150
21
25390
31
0
0
LINE
5
DC2
330
10E
100
AcDbEntity
8
ST-RB-PUNCH
100
AcDbLine
10
41250
20
25310
30
0
11
41250
21
25390
31
0
0
LINE
5
DC3
330
10E
100
AcDbEntity
8
ST-RB-PUNCH
100
AcDbLine
10
41350
20
25310
30
0
11
41350
21
25390
31
0
0
LINE
5
DC4
330
10E
100
AcDbEntity
8
ST-RB-PUNCH
100
AcDbLine
10
40750
20
25450
30
0
11
41350
21
25450
31
0
0
LINE
5
DC5
330
10E
100
AcDbEntity
8
ST-RB-PUNCH
100
AcDbLine
10
40750
20
25410
30
0
11
40750
21
25490
31
0
0
LINE
5
DC6
330
10E
100
AcDbEntity
8
ST-RB-PUNCH
100
AcDbLine
10
40850
20
25410
30
0
11
40850
21
25490
31
0
0
LINE
5
DC7
330
10E
100
AcDbEntity
8
ST-RB-PUNCH
100
AcDbLine
10
40950
20
25410
30
0
11
40950
21
25490
31
0
0
LINE
5
DC8
330
10E
100
AcDbEntity
8
ST-RB-PUNCH
100
AcDbLine
10
41050
20
25410
30
0
11
41050
21
25490
31
0
0
LINE
5
DC9
330
10E
100
AcDbEntity
8
ST-RB-PUNCH
100
AcDbLine
10
41150
20
25410
30
0
11
41150
21
25490
31
0
0
LINE
5
DCA
330
10E
100
AcDbEntity
8
ST-RB-PUNCH
100
AcDbLine
10
41250
20
25410
30
0
11
41250
21
25490
31
0
0
LINE
5
DCB
330
10E
100
AcDbEntity
8
ST-RB-PUNCH
100
AcDbLine
10
41350
20
25410
30
0
11
41350
21
25490
31
0
0
TEXT
5
DCC
330
10E
100
AcDbEntity
8
ST-RB-TEXT
100
AcDbText
10
41380
20
25550
30
0
40
160
1
5X7-T10-100
7
STANDARD
72
0
100
AcDbText
73
0
0
TEXT
5
DCD
330
10E
100
AcDbEntity
8
ST-RB-TYPE
100
AcDbText
10
40600
20
25100
30
0
40
250
1
PS1
7
STANDARD
72
2
11
40600
21
25100
31
0
100
AcDbText
73
0
0
LINE
5
DCE
330
10E
100
AcDbEntity
8
ST-RB-PUNCH
100
AcDbLine
10
48150
20
24350
30
0
11
48150
21
24950
31
0
0
LINE
5
DCF
330
10E
100
AcDbEntity
8
ST-RB-PUNCH
100
AcDbLine
10
48110
20
24350
30
0
11
48190
21
24350
31
0
0
LINE
5
DD0
330
10E
100
AcDbEntity
8
ST-RB-PUNCH
100
AcDbLine
10
48110
20
24450
30
0
11
48190
21
24450
31
0
0
LINE
5
DD1
330
10E
100
AcDbEntity
8
ST-RB-PUNCH
100
AcDbLine
10
48110
20
24550
30
0
11
48190
21
24550
31
0
0
LINE
5
DD2
330
10E
100
AcDbEntity
8
ST-RB-PUNCH
100
AcDbLine
10
48110
20
24650
30
0
11
48190
21
24650
31
0
0
LINE
5
DD3
330
10E
100
AcDbEntity
8
ST-RB-PUNCH
100
AcDbLine
10
48110
20
24750
30
0
11
48190
21
24750
31
0
0
LINE
5
DD4
330
10E
100
AcDbEntity
8
ST-RB-PUNCH
100
AcDbLine
10
48110
20
24850
30
0
11
48190
21
24850
31
0
0
LINE
5
DD5
330
10E
100
AcDbEntity
8
ST-RB-PUNCH
100
AcDbLine
10
48110
20
24950
30
0
11
48190
21
24950
31
0
0
LINE
5
DD6
330
10E
100
AcDbEntity
8
ST-RB-PUNCH
100
AcDbLine
10
48050
20
24350
30
0
11
48050
21
24950
31
0
0
LINE
5
DD7
330
10E
100
AcDbEntity
8
ST-RB-PUNCH
100
AcDbLine
10
48010
20
24350
30
0
11
48090
21
24350
31
0
0
LINE
5
DD8
330
10E
100
AcDbEntity
8
ST-RB-PUNCH
100
AcDbLine
10
48010
20
24450
30
0
11
48090
21
24450
31
0
0
LINE
5
DD9
330
10E
100
AcDbEntity
8
ST-RB-PUNCH
100
AcDbLine
10
48010
20
24550
30
0
11
48090
21
24550
31
0
0
LINE
5
DDA
330
10E
100
AcDbEntity
8
ST-RB-PUNCH
100
AcDbLine
10
48010
20
24650
30
0
11
48090
21
24650
31
0
0
LINE
5
DDB
330
10E
100
AcDbEntity
8
ST-RB-PUNCH
100
AcDbLine
10
48010
20
24750
30
0
11
48090
21
24750
31
0
0
LINE
5
DDC
330
10E
100
AcDbEntity
8
ST-RB-PUNCH
100
AcDbLine
10
48010
20
24850
30
0
11
48090
21
24850
31
0
0
LINE
5
DDD
330
10E
100
AcDbEntity
8
ST-RB-PUNCH
100
AcDbLine
10
48010
20
24950
30
0
11
48090
21
24950
31
0
0
LINE
5
DDE
330
10E
100
AcDbEntity
8
ST-RB-PUNCH
100
AcDbLine
10
47950
20
24350
30
0
11
47950
21
24950
31
0
0
LINE
5
DDF
330
10E
100
AcDbEntity
8
ST-RB-PUNCH
100
AcDbLine
10
47910
20
24350
30
0
11
47990
21
24350
31
0
0
LINE
5
DE0
330
10E
100
AcDbEntity
8
ST-RB-PUNCH
100
AcDbLine
10
47910
20
24450
30
0
11
47990
21
24450
31
0
0
LINE
5
DE1
330
10E
100
AcDbEntity
8
ST-RB-PUNCH
100
AcDbLine
10
47910
20
24550
30
0
11
47990
21
24550
31
0
0
LINE
5
DE2
330
10E
100
AcDbEntity
8
ST-RB-PUNCH
100
AcDbLine
10
47910
20
24650
30
0
11
47990
21
24650
31
0
0
LINE
5
DE3
330
10E
100
AcDbEntity
8
ST-RB-PUNCH
100
AcDbLine
10
47910
20
24750
30
0
11
47990
21
24750
31
0
0
LINE
5
DE4
330
10E
100
AcDbEntity
8
ST-RB-PUNCH
100
AcDbLine
10
47910
20
24850
30
0
11
47990
21
24850
31
0
0
LINE
5
DE5
330
10E
100
AcDbEntity
8
ST-RB-PUNCH
100
AcDbLine
10
47910
20
24950
30
0
11
47990
21
24950
31
0
0
LINE
5
DE6
330
10E
100
AcDbEntity
8
ST-RB-PUNCH
100
AcDbLine
10
47850
20
24350
30
0
11
47850
21
24950
31
0
0
LINE
5
DE7
330
10E
100
AcDbEntity
8
ST-RB-PUNCH
100
AcDbLine
10
47810
20
24350
30
0
11
47890
21
24350
31
0
0
LINE
5
DE8
330
10E
100
AcDbEntity
8
ST-RB-PUNCH
100
AcDbLine
10
47810
20
24450
30
0
11
47890
21
24450
31
0
0
LINE
5
DE9
330
10E
100
AcDbEntity
8
ST-RB-PUNCH
100
AcDbLine
10
47810
20
24550
30
0
11
47890
21
24550
31
0
0
LINE
5
DEA
330
10E
100
AcDbEntity
8
ST-RB-PUNCH
100
AcDbLine
10
47810
20
24650
30
0
11
47890
21
24650
31
0
0
LINE
5
DEB
330
10E
100
AcDbEntity
8
ST-RB-PUNCH
100
AcDbLine
10
47810
20
24750
30
0
11
47890
21
24750
31
0
0
LINE
5
DEC
330
10E
100
AcDbEntity
8
ST-RB-PUNCH
100
AcDbLine
10
47810
20
24850
30
0
11
47890
21
24850
31
0
0
LINE
5
DED
330
10E
100
AcDbEntity
8
ST-RB-PUNCH
100
AcDbLine
10
47810
20
24950
30
0
11
47890
21
24950
31
0
0
LINE
5
DEE
330
10E
100
AcDbEntity
8
ST-RB-PUNCH
100
AcDbLine
10
47750
20
24350
30
0
11
47750
21
24950
31
0
0
LINE
5
DEF
330
10E
100
AcDbEntity
8
ST-RB-PUNCH
100
AcDbLine
10
47710
20
24350
30
0
11
47790
21
24350
31
0
0
LINE
5
DF0
330
10E
100
AcDbEntity
8
ST-RB-PUNCH
100
AcDbLine
10
47710
20
24450
30
0
11
47790
21
24450
31
0
0
LINE
5
DF1
330
10E
100
AcDbEntity
8
ST-RB-PUNCH
100
AcDbLine
10
47710
20
24550
30
0
11
47790
21
24550
31
0
0
LINE
5
DF2
330
10E
100
AcDbEntity
8
ST-RB-PUNCH
100
AcDbLine
10
47710
20
24650
30
0
11
47790
21
24650
31
0
0
LINE
5
DF3
330
10E
100
AcDbEntity
8
ST-RB-PUNCH
100
AcDbLine
10
47710
20
24750
30
0
11
47790
21
24750
31
0
0
LINE
5
DF4
330
10E
100
AcDbEntity
8
ST-RB-PUNCH
100
AcDbLine
10
47710
20
24850
30
0
11
47790
21
24850
31
0
0
LINE
5
DF5
330
10E
100
AcDbEntity
8
ST-RB-PUNCH
100
AcDbLine
10
47710
20
24950
30
0
11
47790
21
24950
31
0
0
TEXT
5
DF6
330
10E
100
AcDbEntity
8
ST-RB-TEXT
100
AcDbText
10
47620
20
24980
30
0
40
160
1
5X7-T10-100
50
90
7
STANDARD
72
0
100
AcDbText
73
0
0
LINE
5
DF7
330
10E
100
AcDbEntity
8
ST-RB-PUNCH
100
AcDbLine
10
48950
20
24350
30
0
11
48950
21
24950
31
0
0
LINE
5
DF8
330
10E
100
AcDbEntity
8
ST-RB-PUNCH
100
AcDbLine
10
48910
20
24350
30
0
11
48990
21
24350
31
0
0
LINE
5
DF9
330
10E
100
AcDbEntity
8
ST-RB-PUNCH
100
AcDbLine
10
48910
20
24450
30
0
11
48990
21
24450
31
0
0
LINE
5
DFA
330
10E
100
AcDbEntity
8
ST-RB-PUNCH
100
AcDbLine
10
48910
20
24550
30
0
11
48990
21
24550
31
0
0
LINE
5
DFB
330
10E
100
AcDbEntity
8
ST-RB-PUNCH
100
AcDbLine
10
48910
20
24650
30
0
11
48990
21
24650
31
0
0
LINE
5
DFC
330
10E
100
AcDbEntity
8
ST-RB-PUNCH
100
AcDbLine
10
48910
20
24750
30
0
11
48990
21
24750
31
0
0
LINE
5
DFD
330
10E
100
AcDbEntity
8
ST-RB-PUNCH
100
AcDbLine
10
48910
20
24850
30
0
11
48990
21
24850
31
0
0
LINE
5
DFE
330
10E
100
AcDbEntity
8
ST-RB-PUNCH
100
AcDbLine
10
48910
20
24950
30
0
11
48990
21
24950
31
0
0
LINE
5
DFF
330
10E
100
AcDbEntity
8
ST-RB-PUNCH
100
AcDbLine
10
49050
20
24350
30
0
11
49050
21
24950
31
0
0
LINE
5
E00
330
10E
100
AcDbEntity
8
ST-RB-PUNCH
100
AcDbLine
10
49010
20
24350
30
0
11
49090
21
24350
31
0
0
LINE
5
E01
330
10E
100
AcDbEntity
8
ST-RB-PUNCH
100
AcDbLine
10
49010
20
24450
30
0
11
49090
21
24450
31
0
0
LINE
5
E02
330
10E
100
AcDbEntity
8
ST-RB-PUNCH
100
AcDbLine
10
49010
20
24550
30
0
11
49090
21
24550
31
0
0
LINE
5
E03
330
10E
100
AcDbEntity
8
ST-RB-PUNCH
100
AcDbLine
10
49010
20
24650
30
0
11
49090
21
24650
31
0
0
LINE
5
E04
330
10E
100
AcDbEntity
8
ST-RB-PUNCH
100
AcDbLine
10
49010
20
24750
30
0
11
49090
21
24750
31
0
0
LINE
5
E05
330
10E
100
AcDbEntity
8
ST-RB-PUNCH
100
AcDbLine
10
49010
20
24850
30
0
11
49090
21
24850
31
0
0
LINE
5
E06
330
10E
100
AcDbEntity
8
ST-RB-PUNCH
100
AcDbLine
10
49010
20
24950
30
0
11
49090
21
24950
31
0
0
LINE
5
E07
330
10E
100
AcDbEntity
8
ST-RB-PUNCH
100
AcDbLine
10
49150
20
24350
30
0
11
49150
21
24950
31
0
0
LINE
5
E08
330
10E
100
AcDbEntity
8
ST-RB-PUNCH
100
AcDbLine
10
49110
20
24350
30
0
11
49190
21
24350
31
0
0
LINE
5
E09
330
10E
100
AcDbEntity
8
ST-RB-PUNCH
100
AcDbLine
10
49110
20
24450
30
0
11
49190
21
24450
31
0
0
LINE
5
E0A
330
10E
100
AcDbEntity
8
ST-RB-PUNCH
100
AcDbLine
10
49110
20
24550
30
0
11
49190
21
24550
31
0
0
LINE
5
E0B
330
10E
100
AcDbEntity
8
ST-RB-PUNCH
100
AcDbLine
10
49110
20
24650
30
0
11
49190
21
24650
31
0
0
LINE
5
E0C
330
10E
100
AcDbEntity
8
ST-RB-PUNCH
100
AcDbLine
10
49110
20
24750
30
0
11
49190
21
24750
31
0
0
LINE
5
E0D
330
10E
100
AcDbEntity
8
ST-RB-PUNCH
100
AcDbLine
10
49110
20
24850
30
0
11
49190
21
24850
31
0
0
LINE
5
E0E
330
10E
100
AcDbEntity
8
ST-RB-PUNCH
100
AcDbLine
10
49110
20
24950
30
0
11
49190
21
24950
31
0
0
LINE
5
E0F
330
10E
100
AcDbEntity
8
ST-RB-PUNCH
100
AcDbLine
10
49250
20
24350
30
0
11
49250
21
24950
31
0
0
LINE
5
E10
330
10E
100
AcDbEntity
8
ST-RB-PUNCH
100
AcDbLine
10
49210
20
24350
30
0
11
49290
21
24350
31
0
0
LINE
5
E11
330
10E
100
AcDbEntity
8
ST-RB-PUNCH
100
AcDbLine
10
49210
20
24450
30
0
11
49290
21
24450
31
0
0
LINE
5
E12
330
10E
100
AcDbEntity
8
ST-RB-PUNCH
100
AcDbLine
10
49210
20
24550
30
0
11
49290
21
24550
31
0
0
LINE
5
E13
330
10E
100
AcDbEntity
8
ST-RB-PUNCH
100
AcDbLine
10
49210
20
24650
30
0
11
49290
21
24650
31
0
0
LINE
5
E14
330
10E
100
AcDbEntity
8
ST-RB-PUNCH
100
AcDbLine
10
49210
20
24750
30
0
11
49290
21
24750
31
0
0
LINE
5
E15
330
10E
100
AcDbEntity
8
ST-RB-PUNCH
100
AcDbLine
10
49210
20
24850
30
0
11
49290
21
24850
31
0
0
LINE
5
E16
330
10E
100
AcDbEntity
8
ST-RB-PUNCH
100
AcDbLine
10
49210
20
24950
30
0
11
49290
21
24950
31
0
0
LINE
5
E17
330
10E
100
AcDbEntity
8
ST-RB-PUNCH
100
AcDbLine
10
49350
20
24350
30
0
11
49350
21
24950
31
0
0
LINE
5
E18
330
10E
100
AcDbEntity
8
ST-RB-PUNCH
100
AcDbLine
10
49310
20
24350
30
0
11
49390
21
24350
31
0
0
LINE
5
E19
330
10E
100
AcDbEntity
8
ST-RB-PUNCH
100
AcDbLine
10
49310
20
24450
30
0
11
49390
21
24450
31
0
0
LINE
5
E1A
330
10E
100
AcDbEntity
8
ST-RB-PUNCH
100
AcDbLine
10
49310
20
24550
30
0
11
49390
21
24550
31
0
0
LINE
5
E1B
330
10E
100
AcDbEntity
8
ST-RB-PUNCH
100
AcDbLine
10
49310
20
24650
30
0
11
49390
21
24650
31
0
0
LINE
5
E1C
330
10E
100
AcDbEntity
8
ST-RB-PUNCH
100
AcDbLine
10
49310
20
24750
30
0
11
49390
21
24750
31
0
0
LINE
5
E1D
330
10E
100
AcDbEntity
8
ST-RB-PUNCH
100
AcDbLine
10
49310
20
24850
30
0
11
49390
21
24850
31
0
0
LINE
5
E1E
330
10E
100
AcDbEntity
8
ST-RB-PUNCH
100
AcDbLine
10
49310
20
24950
30
0
11
49390
21
24950
31
0
0
TEXT
5
E1F
330
10E
100
AcDbEntity
8
ST-RB-TEXT
100
AcDbText
10
49480
20
24980
30
0
40
160
1
5X7-T10-100
50
90
7
STANDARD
72
0
100
AcDbText
73
0
0
LINE
5
E20
330
10E
100
AcDbEntity
8
ST-RB-PUNCH
100
AcDbLine
10
48250
20
24250
30
0
11
48850
21
24250
31
0
0
LINE
5
E21
330
10E
100
AcDbEntity
8
ST-RB-PUNCH
100
AcDbLine
10
48250
20
24210
30
0
11
48250
21
24290
31
0
0
LINE
5
E22
330
10E
100
AcDbEntity
8
ST-RB-PUNCH
100
AcDbLine
10
48350
20
24210
30
0
11
48350
21
24290
31
0
0
LINE
5
E23
330
10E
100
AcDbEntity
8
ST-RB-PUNCH
100
AcDbLine
10
48450
20
24210
30
0
11
48450
21
24290
31
0
0
LINE
5
E24
330
10E
100
AcDbEntity
8
ST-RB-PUNCH
100
AcDbLine
10
48550
20
24210
30
0
11
48550
21
24290
31
0
0
LINE
5
E25
330
10E
100
AcDbEntity
8
ST-RB-PUNCH
100
AcDbLine
10
48650
20
24210
30
0
11
48650
21
24290
31
0
0
LINE
5
E26
330
10E
100
AcDbEntity
8
ST-RB-PUNCH
100
AcDbLine
10
48750
20
24210
30
0
11
48750
21
24290
31
0
0
LINE
5
E27
330
10E
100
AcDbEntity
8
ST-RB-PUNCH
100
AcDbLine
10
48850
20
24210
30
0
11
48850
21
24290
31
0
0
LINE
5
E28
330
10E
100
AcDbEntity
8
ST-RB-PUNCH
100
AcDbLine
10
48250
20
24150
30
0
11
48850
21
24150
31
0
0
LINE
5
E29
330
10E
100
AcDbEntity
8
ST-RB-PUNCH
100
AcDbLine
10
48250
20
24110
30
0
11
48250
21
24190
31
0
0
LINE
5
E2A
330
10E
100
AcDbEntity
8
ST-RB-PUNCH
100
AcDbLine
10
48350
20
24110
30
0
11
48350
21
24190
31
0
0
LINE
5
E2B
330
10E
100
AcDbEntity
8
ST-RB-PUNCH
100
AcDbLine
10
48450
20
24110
30
0
11
48450
21
24190
31
0
0
LINE
5
E2C
330
10E
100
AcDbEntity
8
ST-RB-PUNCH
100
AcDbLine
10
48550
20
24110
30
0
11
48550
21
24190
31
0
0
LINE
5
E2D
330
10E
100
AcDbEntity
8
ST-RB-PUNCH
100
AcDbLine
10
48650
20
24110
30
0
11
48650
21
24190
31
0
0
LINE
5
E2E
330
10E
100
AcDbEntity
8
ST-RB-PUNCH
100
AcDbLine
10
48750
20
24110
30
0
11
48750
21
24190
31
0
0
LINE
5
E2F
330
10E
100
AcDbEntity
8
ST-RB-PUNCH
100
AcDbLine
10
48850
20
24110
30
0
11
48850
21
24190
31
0
0
LINE
5
E30
330
10E
100
AcDbEntity
8
ST-RB-PUNCH
100
AcDbLine
10
48250
20
24050
30
0
11
48850
21
24050
31
0
0
LINE
5
E31
330
10E
100
AcDbEntity
8
ST-RB-PUNCH
100
AcDbLine
10
48250
20
24010
30
0
11
48250
21
24090
31
0
0
LINE
5
E32
330
10E
100
AcDbEntity
8
ST-RB-PUNCH
100
AcDbLine
10
48350
20
24010
30
0
11
48350
21
24090
31
0
0
LINE
5
E33
330
10E
100
AcDbEntity
8
ST-RB-PUNCH
100
AcDbLine
10
48450
20
24010
30
0
11
48450
21
24090
31
0
0
LINE
5
E34
330
10E
100
AcDbEntity
8
ST-RB-PUNCH
100
AcDbLine
10
48550
20
24010
30
0
11
48550
21
24090
31
0
0
LINE
5
E35
330
10E
100
AcDbEntity
8
ST-RB-PUNCH
100
AcDbLine
10
48650
20
24010
30
0
11
48650
21
24090
31
0
0
LINE
5
E36
330
10E
100
AcDbEntity
8
ST-RB-PUNCH
100
AcDbLine
10
48750
20
24010
30
0
11
48750
21
24090
31
0
0
LINE
5
E37
330
10E
100
AcDbEntity
8
ST-RB-PUNCH
100
AcDbLine
10
48850
20
24010
30
0
11
48850
21
24090
31
0
0
LINE
5
E38
330
10E
100
AcDbEntity
8
ST-RB-PUNCH
100
AcDbLine
10
48250
20
23950
30
0
11
48850
21
23950
31
0
0
LINE
5
E39
330
10E
100
AcDbEntity
8
ST-RB-PUNCH
100
AcDbLine
10
48250
20
23910
30
0
11
48250
21
23990
31
0
0
LINE
5
E3A
330
10E
100
AcDbEntity
8
ST-RB-PUNCH
100
AcDbLine
10
48350
20
23910
30
0
11
48350
21
23990
31
0
0
LINE
5
E3B
330
10E
100
AcDbEntity
8
ST-RB-PUNCH
100
AcDbLine
10
48450
20
23910
30
0
11
48450
21
23990
31
0
0
LINE
5
E3C
330
10E
100
AcDbEntity
8
ST-RB-PUNCH
100
AcDbLine
10
48550
20
23910
30
0
11
48550
21
23990
31
0
0
LINE
5
E3D
330
10E
100
AcDbEntity
8
ST-RB-PUNCH
100
AcDbLine
10
48650
20
23910
30
0
11
48650
21
23990
31
0
0
LINE
5
E3E
330
10E
100
AcDbEntity
8
ST-RB-PUNCH
100
AcDbLine
10
48750
20
23910
30
0
11
48750
21
23990
31
0
0
LINE
5
E3F
330
10E
100
AcDbEntity
8
ST-RB-PUNCH
100
AcDbLine
10
48850
20
23910
30
0
11
48850
21
23990
31
0
0
LINE
5
E40
330
10E
100
AcDbEntity
8
ST-RB-PUNCH
100
AcDbLine
10
48250
20
23850
30
0
11
48850
21
23850
31
0
0
LINE
5
E41
330
10E
100
AcDbEntity
8
ST-RB-PUNCH
100
AcDbLine
10
48250
20
23810
30
0
11
48250
21
23890
31
0
0
LINE
5
E42
330
10E
100
AcDbEntity
8
ST-RB-PUNCH
100
AcDbLine
10
48350
20
23810
30
0
11
48350
21
23890
31
0
0
LINE
5
E43
330
10E
100
AcDbEntity
8
ST-RB-PUNCH
100
AcDbLine
10
48450
20
23810
30
0
11
48450
21
23890
31
0
0
LINE
5
E44
330
10E
100
AcDbEntity
8
ST-RB-PUNCH
100
AcDbLine
10
48550
20
23810
30
0
11
48550
21
23890
31
0
0
LINE
5
E45
330
10E
100
AcDbEntity
8
ST-RB-PUNCH
100
AcDbLine
10
48650
20
23810
30
0
11
48650
21
23890
31
0
0
LINE
5
E46
330
10E
100
AcDbEntity
8
ST-RB-PUNCH
100
AcDbLine
10
48750
20
23810
30
0
11
48750
21
23890
31
0
0
LINE
5
E47
330
10E
100
AcDbEntity
8
ST-RB-PUNCH
100
AcDbLine
10
48850
20
23810
30
0
11
48850
21
23890
31
0
0
TEXT
5
E48
330
10E
100
AcDbEntity
8
ST-RB-TEXT
100
AcDbText
10
48880
20
23750
30
0
40
160
1
5X7-T10-100
7
STANDARD
72
0
100
AcDbText
73
0
0
LINE
5
E49
330
10E
100
AcDbEntity
8
ST-RB-PUNCH
100
AcDbLine
10
48250
20
25050
30
0
11
48850
21
25050
31
0
0
LINE
5
E4A
330
10E
100
AcDbEntity
8
ST-RB-PUNCH
100
AcDbLine
10
48250
20
25010
30
0
11
48250
21
25090
31
0
0
LINE
5
E4B
330
10E
100
AcDbEntity
8
ST-RB-PUNCH
100
AcDbLine
10
48350
20
25010
30
0
11
48350
21
25090
31
0
0
LINE
5
E4C
330
10E
100
AcDbEntity
8
ST-RB-PUNCH
100
AcDbLine
10
48450
20
25010
30
0
11
48450
21
25090
31
0
0
LINE
5
E4D
330
10E
100
AcDbEntity
8
ST-RB-PUNCH
100
AcDbLine
10
48550
20
25010
30
0
11
48550
21
25090
31
0
0
LINE
5
E4E
330
10E
100
AcDbEntity
8
ST-RB-PUNCH
100
AcDbLine
10
48650
20
25010
30
0
11
48650
21
25090
31
0
0
LINE
5
E4F
330
10E
100
AcDbEntity
8
ST-RB-PUNCH
100
AcDbLine
10
48750
20
25010
30
0
11
48750
21
25090
31
0
0
LINE
5
E50
330
10E
100
AcDbEntity
8
ST-RB-PUNCH
100
AcDbLine
10
48850
20
25010
30
0
11
48850
21
25090
31
0
0
LINE
5
E51
330
10E
100
AcDbEntity
8
ST-RB-PUNCH
100
AcDbLine
10
48250
20
25150
30
0
11
48850
21
25150
31
0
0
LINE
5
E52
330
10E
100
AcDbEntity
8
ST-RB-PUNCH
100
AcDbLine
10
48250
20
25110
30
0
11
48250
21
25190
31
0
0
LINE
5
E53
330
10E
100
AcDbEntity
8
ST-RB-PUNCH
100
AcDbLine
10
48350
20
25110
30
0
11
48350
21
25190
31
0
0
LINE
5
E54
330
10E
100
AcDbEntity
8
ST-RB-PUNCH
100
AcDbLine
10
48450
20
25110
30
0
11
48450
21
25190
31
0
0
LINE
5
E55
330
10E
100
AcDbEntity
8
ST-RB-PUNCH
100
AcDbLine
10
48550
20
25110
30
0
11
48550
21
25190
31
0
0
LINE
5
E56
330
10E
100
AcDbEntity
8
ST-RB-PUNCH
100
AcDbLine
10
48650
20
25110
30
0
11
48650
21
25190
31
0
0
LINE
5
E57
330
10E
100
AcDbEntity
8
ST-RB-PUNCH
100
AcDbLine
10
48750
20
25110
30
0
11
48750
21
25190
31
0
0
LINE
5
E58
330
10E
100
AcDbEntity
8
ST-RB-PUNCH
100
AcDbLine
10
48850
20
25110
30
0
11
48850
21
25190
31
0
0
LINE
5
E59
330
10E
100
AcDbEntity
8
ST-RB-PUNCH
100
AcDbLine
10
48250
20
25250
30
0
11
48850
21
25250
31
0
0
LINE
5
E5A
330
10E
100
AcDbEntity
8
ST-RB-PUNCH
100
AcDbLine
10
48250
20
25210
30
0
11
48250
21
25290
31
0
0
LINE
5
E5B
330
10E
100
AcDbEntity
8
ST-RB-PUNCH
100
AcDbLine
10
48350
20
25210
30
0
11
48350
21
25290
31
0
0
LINE
5
E5C
330
10E
100
AcDbEntity
8
ST-RB-PUNCH
100
AcDbLine
10
48450
20
25210
30
0
11
48450
21
25290
31
0
0
LINE
5
E5D
330
10E
100
AcDbEntity
8
ST-RB-PUNCH
100
AcDbLine
10
48550
20
25210
30
0
11
48550
21
25290
31
0
0
LINE
5
E5E
330
10E
100
AcDbEntity
8
ST-RB-PUNCH
100
AcDbLine
10
48650
20
25210
30
0
11
48650
21
25290
31
0
0
LINE
5
E5F
330
10E
100
AcDbEntity
8
ST-RB-PUNCH
100
AcDbLine
10
48750
20
25210
30
0
11
48750
21
25290
31
0
0
LINE
5
E60
330
10E
100
AcDbEntity
8
ST-RB-PUNCH
100
AcDbLine
10
48850
20
25210
30
0
11
48850
21
25290
31
0
0
LINE
5
E61
330
10E
100
AcDbEntity
8
ST-RB-PUNCH
100
AcDbLine
10
48250
20
25350
30
0
11
48850
21
25350
31
0
0
LINE
5
E62
330
10E
100
AcDbEntity
8
ST-RB-PUNCH
100
AcDbLine
10
48250
20
25310
30
0
11
48250
21
25390
31
0
0
LINE
5
E63
330
10E
100
AcDbEntity
8
ST-RB-PUNCH
100
AcDbLine
10
48350
20
25310
30
0
11
48350
21
25390
31
0
0
LINE
5
E64
330
10E
100
AcDbEntity
8
ST-RB-PUNCH
100
AcDbLine
10
48450
20
25310
30
0
11
48450
21
25390
31
0
0
LINE
5
E65
330
10E
100
AcDbEntity
8
ST-RB-PUNCH
100
AcDbLine
10
48550
20
25310
30
0
11
48550
21
25390
31
0
0
LINE
5
E66
330
10E
100
AcDbEntity
8
ST-RB-PUNCH
100
AcDbLine
10
48650
20
25310
30
0
11
48650
21
25390
31
0
0
LINE
5
E67
330
10E
100
AcDbEntity
8
ST-RB-PUNCH
100
AcDbLine
10
48750
20
25310
30
0
11
48750
21
25390
31
0
0
LINE
5
E68
330
10E
100
AcDbEntity
8
ST-RB-PUNCH
100
AcDbLine
10
48850
20
25310
30
0
11
48850
21
25390
31
0
0
LINE
5
E69
330
10E
100
AcDbEntity
8
ST-RB-PUNCH
100
AcDbLine
10
48250
20
25450
30
0
11
48850
21
25450
31
0
0
LINE
5
E6A
330
10E
100
AcDbEntity
8
ST-RB-PUNCH
100
AcDbLine
10
48250
20
25410
30
0
11
48250
21
25490
31
0
0
LINE
5
E6B
330
10E
100
AcDbEntity
8
ST-RB-PUNCH
100
AcDbLine
10
48350
20
25410
30
0
11
48350
21
25490
31
0
0
LINE
5
E6C
330
10E
100
AcDbEntity
8
ST-RB-PUNCH
100
AcDbLine
10
48450
20
25410
30
0
11
48450
21
25490
31
0
0
LINE
5
E6D
330
10E
100
AcDbEntity
8
ST-RB-PUNCH
100
AcDbLine
10
48550
20
25410
30
0
11
48550
21
25490
31
0
0
LINE
5
E6E
330
10E
100
AcDbEntity
8
ST-RB-PUNCH
100
AcDbLine
10
48650
20
25410
30
0
11
48650
21
25490
31
0
0
LINE
5
E6F
330
10E
100
AcDbEntity
8
ST-RB-PUNCH
100
AcDbLine
10
48750
20
25410
30
0
11
48750
21
25490
31
0
0
LINE
5
E70
330
10E
100
AcDbEntity
8
ST-RB-PUNCH
100
AcDbLine
10
48850
20
25410
30
0
11
48850
21
25490
31
0
0
TEXT
5
E71
330
10E
100
AcDbEntity
8
ST-RB-TEXT
100
AcDbText
10
48880
20
25550
30
0
40
160
1
5X7-T10-100
7
STANDARD
72
0
100
AcDbText
73
0
0
TEXT
5
E72
330
10E
100
AcDbEntity
8
ST-RB-TYPE
100
AcDbText
10
48100
20
25100
30
0
40
250
1
PS1
7
STANDARD
72
2
11
48100
21
25100
31
0
100
AcDbText
73
0
0
LWPOLYLINE
5
E73
330
10E
100
AcDbEntity
8
ST-SHEET-FRAME
100
AcDbPolyline
90
4
70
1
43
0
10
2000
20
1000
10
22866.666667
20
1000
10
22866.666667
20
13500
10
2000
20
13500
0
LINE
5
E74
330
10E
100
AcDbEntity
8
ST-SHEET-FRAME
100
AcDbLine
10
2000
20
12700
30
0
11
22866.666667
21
12700
31
0
0
CIRCLE
5
E75
330
10E
100
AcDbEntity
8
ST-CALLOUT
100
AcDbCircle
10
2700
20
13100
30
0
40
300
0
TEXT
5
E76
330
10E
100
AcDbEntity
8
ST-CALLOUT
100
AcDbText
10
2700
20
13100
30
0
40
220
1
1
7
STANDARD
72
1
11
2700
21
13100
31
0
100
AcDbText
73
2
0
TEXT
5
E77
330
10E
100
AcDbEntity
8
ST-SHEET-TEXT
100
AcDbText
10
3200
20
13100
30
0
40
240
1
PUNCHING LINK - SHAPE AND ARRANGEMENT
7
STANDARD
72
0
11
3200
21
13100
31
0
100
AcDbText
73
2
0
TEXT
5
E78
330
10E
100
AcDbEntity
8
ST-SHEET-TITLE
100
AcDbText
10
22666.666667
20
13100
30
0
40
180
1
1:12.5
7
STANDARD
72
2
11
22666.666667
21
13100
31
0
100
AcDbText
73
2
0
LWPOLYLINE
5
E79
330
10E
100
AcDbEntity
8
ST-RB-PUNCH
370
70
100
AcDbPolyline
90
4
70
0
43
0
10
9233.333333
20
7600
10
10113.333333
20
7600
10
10113.333333
20
6000
10
9233.333333
20
6000
0
LINE
5
E7A
330
10E
100
AcDbEntity
8
ST-RB-PUNCH
370
70
100
AcDbLine
10
9233.333333
20
7600
30
0
11
9233.333333
21
7120
31
0
0
LINE
5
E7B
330
10E
100
AcDbEntity
8
ST-RB-PUNCH
370
70
100
AcDbLine
10
9233.333333
20
6000
30
0
11
9233.333333
21
6480
31
0
0
LINE
5
E7C
330
10E
100
AcDbEntity
8
ST-DIM
100
AcDbLine
10
9233.333333
20
7600
30
0
11
9233.333333
21
8150
31
0
0
LINE
5
E7D
330
10E
100
AcDbEntity
8
ST-DIM
100
AcDbLine
10
10113.333333
20
7600
30
0
11
10113.333333
21
8150
31
0
0
LINE
5
E7E
330
10E
100
AcDbEntity
8
ST-DIM
100
AcDbLine
10
9233.333333
20
8000
30
0
11
10113.333333
21
8000
31
0
0
LINE
5
E7F
330
10E
100
AcDbEntity
8
ST-DIM
100
AcDbLine
10
9163.333333
20
7930
30
0
11
9303.333333
21
8070
31
0
0
LINE
5
E80
330
10E
100
AcDbEntity
8
ST-DIM
100
AcDbLine
10
10043.333333
20
7930
30
0
11
10183.333333
21
8070
31
0
0
TEXT
5
E81
330
10E
100
AcDbEntity
8
ST-DIM
100
AcDbText
10
9673.333333
20
8072
30
0
40
180
1
110
7
STANDARD
72
1
11
9673.333333
21
8072
31
0
100
AcDbText
73
0
0
LINE
5
E82
330
10E
100
AcDbEntity
8
ST-DIM
100
AcDbLine
10
10113.333333
20
7600
30
0
11
9863.333333
21
7600
31
0
0
LINE
5
E83
330
10E
100
AcDbEntity
8
ST-DIM
100
AcDbLine
10
10113.333333
20
6000
30
0
11
9863.333333
21
6000
31
0
0
LINE
5
E84
330
10E
100
AcDbEntity
8
ST-DIM
100
AcDbLine
10
9713.333333
20
7600
30
0
11
9713.333333
21
6000
31
0
0
LINE
5
E85
330
10E
100
AcDbEntity
8
ST-DIM
100
AcDbLine
10
9643.333333
20
7670
30
0
11
9783.333333
21
7530
31
0
0
LINE
5
E86
330
10E
100
AcDbEntity
8
ST-DIM
100
AcDbLine
10
9643.333333
20
6070
30
0
11
9783.333333
21
5930
31
0
0
TEXT
5
E87
330
10E
100
AcDbEntity
8
ST-DIM
100
AcDbText
10
9785.333333
20
6800
30
0
40
180
1
200
50
90
7
STANDARD
72
1
11
9785.333333
21
6800
31
0
100
AcDbText
73
0
0
LINE
5
E88
330
10E
100
AcDbEntity
8
ST-DIM
100
AcDbLine
10
9233.333333
20
6000
30
0
11
9233.333333
21
5750
31
0
0
LINE
5
E89
330
10E
100
AcDbEntity
8
ST-DIM
100
AcDbLine
10
10113.333333
20
6000
30
0
11
10113.333333
21
5750
31
0
0
LINE
5
E8A
330
10E
100
AcDbEntity
8
ST-DIM
100
AcDbLine
10
9233.333333
20
5600
30
0
11
10113.333333
21
5600
31
0
0
LINE
5
E8B
330
10E
100
AcDbEntity
8
ST-DIM
100
AcDbLine
10
9163.333333
20
5530
30
0
11
9303.333333
21
5670
31
0
0
LINE
5
E8C
330
10E
100
AcDbEntity
8
ST-DIM
100
AcDbLine
10
10043.333333
20
5530
30
0
11
10183.333333
21
5670
31
0
0
TEXT
5
E8D
330
10E
100
AcDbEntity
8
ST-DIM
100
AcDbText
10
9673.333333
20
5672
30
0
40
180
1
110
7
STANDARD
72
1
11
9673.333333
21
5672
31
0
100
AcDbText
73
0
0
TEXT
5
E8E
330
10E
100
AcDbEntity
8
ST-RB-TEXT
100
AcDbText
10
9673.333333
20
8560
30
0
40
180
1
T10 LINK
7
STANDARD
72
1
11
9673.333333
21
8560
31
0
100
AcDbText
73
0
0
LWPOLYLINE
5
E8F
330
10E
100
AcDbEntity
8
ST-COL
100
AcDbPolyline
90
4
70
1
43
0
10
14033.333333
20
5200
10
16433.333333
20
5200
10
16433.333333
20
7600
10
14033.333333
20
7600
0
SOLID
5
E90
330
10E
100
AcDbEntity
8
ST-COL-HATCH
100
AcDbTrace
10
14033.333333
20
5200
30
0
11
16433.333333
21
5200
31
0
12
14033.333333
22
7600
32
0
13
16433.333333
23
7600
33
0
0
LINE
5
E91
330
10E
100
AcDbEntity
8
ST-RB-PUNCH
100
AcDbLine
10
17233.333333
20
5200
30
0
11
17233.333333
21
7600
31
0
0
CIRCLE
5
E92
330
10E
100
AcDbEntity
8
ST-RB-PUNCH
100
AcDbCircle
10
17233.333333
20
5520
30
0
40
64
0
CIRCLE
5
E93
330
10E
100
AcDbEntity
8
ST-RB-PUNCH
100
AcDbCircle
10
17233.333333
20
5920
30
0
40
64
0
CIRCLE
5
E94
330
10E
100
AcDbEntity
8
ST-RB-PUNCH
100
AcDbCircle
10
17233.333333
20
6320
30
0
40
64
0
CIRCLE
5
E95
330
10E
100
AcDbEntity
8
ST-RB-PUNCH
100
AcDbCircle
10
17233.333333
20
6720
30
0
40
64
0
CIRCLE
5
E96
330
10E
100
AcDbEntity
8
ST-RB-PUNCH
100
AcDbCircle
10
17233.333333
20
7120
30
0
40
64
0
CIRCLE
5
E97
330
10E
100
AcDbEntity
8
ST-RB-PUNCH
100
AcDbCircle
10
17233.333333
20
7520
30
0
40
64
0
LINE
5
E98
330
10E
100
AcDbEntity
8
ST-RB-PUNCH
100
AcDbLine
10
18033.333333
20
5200
30
0
11
18033.333333
21
7600
31
0
0
CIRCLE
5
E99
330
10E
100
AcDbEntity
8
ST-RB-PUNCH
100
AcDbCircle
10
18033.333333
20
5520
30
0
40
64
0
CIRCLE
5
E9A
330
10E
100
AcDbEntity
8
ST-RB-PUNCH
100
AcDbCircle
10
18033.333333
20
5920
30
0
40
64
0
CIRCLE
5
E9B
330
10E
100
AcDbEntity
8
ST-RB-PUNCH
100
AcDbCircle
10
18033.333333
20
6320
30
0
40
64
0
CIRCLE
5
E9C
330
10E
100
AcDbEntity
8
ST-RB-PUNCH
100
AcDbCircle
10
18033.333333
20
6720
30
0
40
64
0
CIRCLE
5
E9D
330
10E
100
AcDbEntity
8
ST-RB-PUNCH
100
AcDbCircle
10
18033.333333
20
7120
30
0
40
64
0
CIRCLE
5
E9E
330
10E
100
AcDbEntity
8
ST-RB-PUNCH
100
AcDbCircle
10
18033.333333
20
7520
30
0
40
64
0
LINE
5
E9F
330
10E
100
AcDbEntity
8
ST-RB-PUNCH
100
AcDbLine
10
18833.333333
20
5200
30
0
11
18833.333333
21
7600
31
0
0
CIRCLE
5
EA0
330
10E
100
AcDbEntity
8
ST-RB-PUNCH
100
AcDbCircle
10
18833.333333
20
5520
30
0
40
64
0
CIRCLE
5
EA1
330
10E
100
AcDbEntity
8
ST-RB-PUNCH
100
AcDbCircle
10
18833.333333
20
5920
30
0
40
64
0
CIRCLE
5
EA2
330
10E
100
AcDbEntity
8
ST-RB-PUNCH
100
AcDbCircle
10
18833.333333
20
6320
30
0
40
64
0
CIRCLE
5
EA3
330
10E
100
AcDbEntity
8
ST-RB-PUNCH
100
AcDbCircle
10
18833.333333
20
6720
30
0
40
64
0
CIRCLE
5
EA4
330
10E
100
AcDbEntity
8
ST-RB-PUNCH
100
AcDbCircle
10
18833.333333
20
7120
30
0
40
64
0
CIRCLE
5
EA5
330
10E
100
AcDbEntity
8
ST-RB-PUNCH
100
AcDbCircle
10
18833.333333
20
7520
30
0
40
64
0
LINE
5
EA6
330
10E
100
AcDbEntity
8
ST-RB-PUNCH
100
AcDbLine
10
19633.333333
20
5200
30
0
11
19633.333333
21
7600
31
0
0
CIRCLE
5
EA7
330
10E
100
AcDbEntity
8
ST-RB-PUNCH
100
AcDbCircle
10
19633.333333
20
5520
30
0
40
64
0
CIRCLE
5
EA8
330
10E
100
AcDbEntity
8
ST-RB-PUNCH
100
AcDbCircle
10
19633.333333
20
5920
30
0
40
64
0
CIRCLE
5
EA9
330
10E
100
AcDbEntity
8
ST-RB-PUNCH
100
AcDbCircle
10
19633.333333
20
6320
30
0
40
64
0
CIRCLE
5
EAA
330
10E
100
AcDbEntity
8
ST-RB-PUNCH
100
AcDbCircle
10
19633.333333
20
6720
30
0
40
64
0
CIRCLE
5
EAB
330
10E
100
AcDbEntity
8
ST-RB-PUNCH
100
AcDbCircle
10
19633.333333
20
7120
30
0
40
64
0
CIRCLE
5
EAC
330
10E
100
AcDbEntity
8
ST-RB-PUNCH
100
AcDbCircle
10
19633.333333
20
7520
30
0
40
64
0
LINE
5
EAD
330
10E
100
AcDbEntity
8
ST-RB-PUNCH
100
AcDbLine
10
20433.333333
20
5200
30
0
11
20433.333333
21
7600
31
0
0
CIRCLE
5
EAE
330
10E
100
AcDbEntity
8
ST-RB-PUNCH
100
AcDbCircle
10
20433.333333
20
5520
30
0
40
64
0
CIRCLE
5
EAF
330
10E
100
AcDbEntity
8
ST-RB-PUNCH
100
AcDbCircle
10
20433.333333
20
5920
30
0
40
64
0
CIRCLE
5
EB0
330
10E
100
AcDbEntity
8
ST-RB-PUNCH
100
AcDbCircle
10
20433.333333
20
6320
30
0
40
64
0
CIRCLE
5
EB1
330
10E
100
AcDbEntity
8
ST-RB-PUNCH
100
AcDbCircle
10
20433.333333
20
6720
30
0
40
64
0
CIRCLE
5
EB2
330
10E
100
AcDbEntity
8
ST-RB-PUNCH
100
AcDbCircle
10
20433.333333
20
7120
30
0
40
64
0
CIRCLE
5
EB3
330
10E
100
AcDbEntity
8
ST-RB-PUNCH
100
AcDbCircle
10
20433.333333
20
7520
30
0
40
64
0
LINE
5
EB4
330
10E
100
AcDbEntity
8
ST-DIM
100
AcDbLine
10
16433.333333
20
7920
30
0
11
16433.333333
21
8370
31
0
0
LINE
5
EB5
330
10E
100
AcDbEntity
8
ST-DIM
100
AcDbLine
10
17233.333333
20
7920
30
0
11
17233.333333
21
8370
31
0
0
LINE
5
EB6
330
10E
100
AcDbEntity
8
ST-DIM
100
AcDbLine
10
16433.333333
20
8220
30
0
11
17233.333333
21
8220
31
0
0
LINE
5
EB7
330
10E
100
AcDbEntity
8
ST-DIM
100
AcDbLine
10
16363.333333
20
8150
30
0
11
16503.333333
21
8290
31
0
0
LINE
5
EB8
330
10E
100
AcDbEntity
8
ST-DIM
100
AcDbLine
10
17163.333333
20
8150
30
0
11
17303.333333
21
8290
31
0
0
TEXT
5
EB9
330
10E
100
AcDbEntity
8
ST-DIM
100
AcDbText
10
16833.333333
20
8292
30
0
40
180
1
100 (d/2)
7
STANDARD
72
1
11
16833.333333
21
8292
31
0
100
AcDbText
73
0
0
LINE
5
EBA
330
10E
100
AcDbEntity
8
ST-DIM
100
AcDbLine
10
16433.333333
20
4720
30
0
11
16433.333333
21
4570
31
0
0
LINE
5
EBB
330
10E
100
AcDbEntity
8
ST-DIM
100
AcDbLine
10
20433.333333
20
4720
30
0
11
20433.333333
21
4570
31
0
0
LINE
5
EBC
330
10E
100
AcDbEntity
8
ST-DIM
100
AcDbLine
10
16433.333333
20
4420
30
0
11
20433.333333
21
4420
31
0
0
LINE
5
EBD
330
10E
100
AcDbEntity
8
ST-DIM
100
AcDbLine
10
16363.333333
20
4350
30
0
11
16503.333333
21
4490
31
0
0
LINE
5
EBE
330
10E
100
AcDbEntity
8
ST-DIM
100
AcDbLine
10
20363.333333
20
4350
30
0
11
20503.333333
21
4490
31
0
0
TEXT
5
EBF
330
10E
100
AcDbEntity
8
ST-DIM
100
AcDbText
10
18433.333333
20
4492
30
0
40
180
1
5 ROWS
7
STANDARD
72
1
11
18433.333333
21
4492
31
0
100
AcDbText
73
0
0
TEXT
5
EC0
330
10E
100
AcDbEntity
8
ST-TEXT
62
7
100
AcDbText
10
15233.333333
20
6800
30
0
40
160
1
COL.
7
STANDARD
72
1
11
15233.333333
21
6800
31
0
100
AcDbText
73
2
0
TEXT
5
EC1
330
10E
100
AcDbEntity
8
ST-RB-TEXT
100
AcDbText
10
12433.333333
20
2960
30
0
40
170
1
LINKS T10: 5 ROWS @ 100 FROM FACE, LEGS @ 100 ALONG THE FACE
7
STANDARD
72
1
11
12433.333333
21
2960
31
0
100
AcDbText
73
0
0
LWPOLYLINE
5
EC2
330
10E
100
AcDbEntity
8
ST-SHEET-FRAME
100
AcDbPolyline
90
4
70
1
43
0
10
22866.666667
20
1000
10
43733.333333
20
1000
10
43733.333333
20
13500
10
22866.666667
20
13500
0
LINE
5
EC3
330
10E
100
AcDbEntity
8
ST-SHEET-FRAME
100
AcDbLine
10
22866.666667
20
12700
30
0
11
43733.333333
21
12700
31
0
0
CIRCLE
5
EC4
330
10E
100
AcDbEntity
8
ST-CALLOUT
100
AcDbCircle
10
23566.666667
20
13100
30
0
40
300
0
TEXT
5
EC5
330
10E
100
AcDbEntity
8
ST-CALLOUT
100
AcDbText
10
23566.666667
20
13100
30
0
40
220
1
2
7
STANDARD
72
1
11
23566.666667
21
13100
31
0
100
AcDbText
73
2
0
TEXT
5
EC6
330
10E
100
AcDbEntity
8
ST-SHEET-TEXT
100
AcDbText
10
24066.666667
20
13100
30
0
40
240
1
PUNCHING TYPES (PS)
7
STANDARD
72
0
11
24066.666667
21
13100
31
0
100
AcDbText
73
2
0
TEXT
5
EC7
330
10E
100
AcDbEntity
8
ST-SHEET-TITLE
100
AcDbText
10
43533.333333
20
13100
30
0
40
180
1

7
STANDARD
72
2
11
43533.333333
21
13100
31
0
100
AcDbText
73
2
0
LWPOLYLINE
5
EC8
330
10E
100
AcDbEntity
8
ST-SHEET-SCHEDULE
100
AcDbPolyline
90
4
70
1
43
0
10
23166.666667
20
12000
10
43433.333333
20
12000
10
43433.333333
20
12500
10
23166.666667
20
12500
0
TEXT
5
EC9
330
10E
100
AcDbEntity
8
ST-SHEET-SCHEDULE-TEXT
100
AcDbText
10
23866.666667
20
12250
30
0
40
140
1
TYPE
7
STANDARD
72
1
11
23866.666667
21
12250
31
0
100
AcDbText
73
2
0
TEXT
5
ECA
330
10E
100
AcDbEntity
8
ST-SHEET-SCHEDULE-TEXT
100
AcDbText
10
25866.666667
20
12250
30
0
40
140
1
COLUMN
7
STANDARD
72
1
11
25866.666667
21
12250
31
0
100
AcDbText
73
2
0
TEXT
5
ECB
330
10E
100
AcDbEntity
8
ST-SHEET-SCHEDULE-TEXT
100
AcDbText
10
31666.666667
20
12250
30
0
40
140
1
ROWS X LINKS - T - SPACING (PER FACE)
7
STANDARD
72
1
11
31666.666667
21
12250
31
0
100
AcDbText
73
2
0
TEXT
5
ECC
330
10E
100
AcDbEntity
8
ST-SHEET-SCHEDULE-TEXT
100
AcDbText
10
39800
20
12250
30
0
40
140
1
COLUMNS
7
STANDARD
72
1
11
39800
21
12250
31
0
100
AcDbText
73
2
0
TEXT
5
ECD
330
10E
100
AcDbEntity
8
ST-SHEET-SCHEDULE-TEXT
100
AcDbText
10
23866.666667
20
11800
30
0
40
150
1
PS1
7
STANDARD
72
1
11
23866.666667
21
11800
31
0
100
AcDbText
73
2
0
TEXT
5
ECE
330
10E
100
AcDbEntity
8
ST-SHEET-SCHEDULE-TEXT
100
AcDbText
10
25866.666667
20
11800
30
0
40
150
1
600x600
7
STANDARD
72
1
11
25866.666667
21
11800
31
0
100
AcDbText
73
2
0
TEXT
5
ECF
330
10E
100
AcDbEntity
8
ST-SHEET-SCHEDULE-TEXT
100
AcDbText
10
27266.666667
20
11800
30
0
40
150
1
5X7-T10-100
7
STANDARD
72
0
11
27266.666667
21
11800
31
0
100
AcDbText
73
2
0
TEXT
5
ED0
330
10E
100
AcDbEntity
8
ST-SHEET-SCHEDULE-TEXT
100
AcDbText
10
36266.666667
20
11800
30
0
40
150
1
A/4, B/4, C/4, D/4, A/3, B/3, C/3, \U+2026
7
STANDARD
72
0
11
36266.666667
21
11800
31
0
100
AcDbText
73
2
0
LINE
5
ED1
330
10E
100
AcDbEntity
8
ST-SHEET-SCHEDULE
370
5
100
AcDbLine
10
23166.666667
20
11600
30
0
11
43433.333333
21
11600
31
0
0
LINE
5
ED2
330
10E
100
AcDbEntity
8
ST-SHEET-SCHEDULE
100
AcDbLine
10
23166.666667
20
12500
30
0
11
23166.666667
21
11600
31
0
0
LINE
5
ED3
330
10E
100
AcDbEntity
8
ST-SHEET-SCHEDULE
100
AcDbLine
10
24566.666667
20
12500
30
0
11
24566.666667
21
11600
31
0
0
LINE
5
ED4
330
10E
100
AcDbEntity
8
ST-SHEET-SCHEDULE
100
AcDbLine
10
27166.666667
20
12500
30
0
11
27166.666667
21
11600
31
0
0
LINE
5
ED5
330
10E
100
AcDbEntity
8
ST-SHEET-SCHEDULE
100
AcDbLine
10
36166.666667
20
12500
30
0
11
36166.666667
21
11600
31
0
0
LINE
5
ED6
330
10E
100
AcDbEntity
8
ST-SHEET-SCHEDULE
100
AcDbLine
10
43433.333333
20
12500
30
0
11
43433.333333
21
11600
31
0
0
LINE
5
ED7
330
10E
100
AcDbEntity
8
ST-SHEET-SCHEDULE
100
AcDbLine
10
23166.666667
20
11600
30
0
11
43433.333333
21
11600
31
0
0
LWPOLYLINE
5
ED8
330
10E
100
AcDbEntity
8
ST-SHEET-SCHEDULE
100
AcDbPolyline
90
4
70
1
43
0
10
64600
20
52900
10
83100
20
52900
10
83100
20
53500
10
64600
20
53500
0
TEXT
5
ED9
330
10E
100
AcDbEntity
8
ST-SHEET-TEXT
100
AcDbText
10
73850
20
53200
30
0
40
260
1
BAR BENDING SCHEDULE
7
STANDARD
72
1
11
73850
21
53200
31
0
100
AcDbText
73
2
0
LWPOLYLINE
5
EDA
330
10E
100
AcDbEntity
8
ST-SHEET-SCHEDULE
100
AcDbPolyline
90
4
70
1
43
0
10
64600
20
52400
10
83100
20
52400
10
83100
20
52900
10
64600
20
52900
0
TEXT
5
EDB
330
10E
100
AcDbEntity
8
ST-SHEET-SCHEDULE-TEXT
100
AcDbText
10
65450
20
52650
30
0
40
160
1
MARK
7
STANDARD
72
1
11
65450
21
52650
31
0
100
AcDbText
73
2
0
TEXT
5
EDC
330
10E
100
AcDbEntity
8
ST-SHEET-SCHEDULE-TEXT
100
AcDbText
10
66700
20
52650
30
0
40
160
1
\U+00D8
7
STANDARD
72
1
11
66700
21
52650
31
0
100
AcDbText
73
2
0
TEXT
5
EDD
330
10E
100
AcDbEntity
8
ST-SHEET-SCHEDULE-TEXT
100
AcDbText
10
67750
20
52650
30
0
40
160
1
SHAPE
7
STANDARD
72
1
11
67750
21
52650
31
0
100
AcDbText
73
2
0
TEXT
5
EDE
330
10E
100
AcDbEntity
8
ST-SHEET-SCHEDULE-TEXT
100
AcDbText
10
69000
20
52650
30
0
40
160
1
SPAC.
7
STANDARD
72
1
11
69000
21
52650
31
0
100
AcDbText
73
2
0
TEXT
5
EDF
330
10E
100
AcDbEntity
8
ST-SHEET-SCHEDULE-TEXT
100
AcDbText
10
70450
20
52755
30
0
40
160
1
LENGTH
7
STANDARD
72
1
11
70450
21
52755
31
0
100
AcDbText
73
2
0
TEXT
5
EE0
330
10E
100
AcDbEntity
8
ST-SHEET-SCHEDULE-TEXT
100
AcDbText
10
70450
20
52545
30
0
40
160
1
(mm)
7
STANDARD
72
1
11
70450
21
52545
31
0
100
AcDbText
73
2
0
TEXT
5
EE1
330
10E
100
AcDbEntity
8
ST-SHEET-SCHEDULE-TEXT
100
AcDbText
10
71950
20
52650
30
0
40
160
1
QTY
7
STANDARD
72
1
11
71950
21
52650
31
0
100
AcDbText
73
2
0
TEXT
5
EE2
330
10E
100
AcDbEntity
8
ST-SHEET-SCHEDULE-TEXT
100
AcDbText
10
73400
20
52755
30
0
40
160
1
TOTAL
7
STANDARD
72
1
11
73400
21
52755
31
0
100
AcDbText
73
2
0
TEXT
5
EE3
330
10E
100
AcDbEntity
8
ST-SHEET-SCHEDULE-TEXT
100
AcDbText
10
73400
20
52545
30
0
40
160
1
(m)
7
STANDARD
72
1
11
73400
21
52545
31
0
100
AcDbText
73
2
0
TEXT
5
EE4
330
10E
100
AcDbEntity
8
ST-SHEET-SCHEDULE-TEXT
100
AcDbText
10
75050
20
52755
30
0
40
160
1
WT.
7
STANDARD
72
1
11
75050
21
52755
31
0
100
AcDbText
73
2
0
TEXT
5
EE5
330
10E
100
AcDbEntity
8
ST-SHEET-SCHEDULE-TEXT
100
AcDbText
10
75050
20
52545
30
0
40
160
1
(kg)
7
STANDARD
72
1
11
75050
21
52545
31
0
100
AcDbText
73
2
0
TEXT
5
EE6
330
10E
100
AcDbEntity
8
ST-SHEET-SCHEDULE-TEXT
100
AcDbText
10
79500
20
52650
30
0
40
160
1
ZONES / REMARKS
7
STANDARD
72
1
11
79500
21
52650
31
0
100
AcDbText
73
2
0
TEXT
5
EE7
330
10E
100
AcDbEntity
8
ST-SHEET-SCHEDULE-TEXT
100
AcDbText
10
65450
20
52200
30
0
40
170
1
PS-01
7
STANDARD
72
1
11
65450
21
52200
31
0
100
AcDbText
73
2
0
TEXT
5
EE8
330
10E
100
AcDbEntity
8
ST-SHEET-SCHEDULE-TEXT
100
AcDbText
10
66700
20
52200
30
0
40
170
1
10
7
STANDARD
72
1
11
66700
21
52200
31
0
100
AcDbText
73
2
0
TEXT
5
EE9
330
10E
100
AcDbEntity
8
ST-SHEET-SCHEDULE-TEXT
100
AcDbText
10
67750
20
52200
30
0
40
170
1
LINK
7
STANDARD
72
1
11
67750
21
52200
31
0
100
AcDbText
73
2
0
TEXT
5
EEA
330
10E
100
AcDbEntity
8
ST-SHEET-SCHEDULE-TEXT
100
AcDbText
10
69000
20
52200
30
0
40
170
1
100
7
STANDARD
72
1
11
69000
21
52200
31
0
100
AcDbText
73
2
0
TEXT
5
EEB
330
10E
100
AcDbEntity
8
ST-SHEET-SCHEDULE-TEXT
100
AcDbText
10
70450
20
52200
30
0
40
170
1
570
7
STANDARD
72
1
11
70450
21
52200
31
0
100
AcDbText
73
2
0
TEXT
5
EEC
330
10E
100
AcDbEntity
8
ST-SHEET-SCHEDULE-TEXT
100
AcDbText
10
71950
20
52200
30
0
40
170
1
2660
7
STANDARD
72
1
11
71950
21
52200
31
0
100
AcDbText
73
2
0
TEXT
5
EED
330
10E
100
AcDbEntity
8
ST-SHEET-SCHEDULE-TEXT
100
AcDbText
10
73400
20
52200
30
0
40
170
1
1516.2
7
STANDARD
72
1
11
73400
21
52200
31
0
100
AcDbText
73
2
0
TEXT
5
EEE
330
10E
100
AcDbEntity
8
ST-SHEET-SCHEDULE-TEXT
100
AcDbText
10
75050
20
52200
30
0
40
170
1
934.7
7
STANDARD
72
1
11
75050
21
52200
31
0
100
AcDbText
73
2
0
TEXT
5
EEF
330
10E
100
AcDbEntity
8
ST-SHEET-SCHEDULE-TEXT
100
AcDbText
10
76000
20
52200
30
0
40
170
1
PS1
7
STANDARD
72
0
11
76000
21
52200
31
0
100
AcDbText
73
2
0
LINE
5
EF0
330
10E
100
AcDbEntity
8
ST-SHEET-SCHEDULE
370
5
100
AcDbLine
10
64600
20
52000
30
0
11
83100
21
52000
31
0
0
LWPOLYLINE
5
EF1
330
10E
100
AcDbEntity
8
ST-SHEET-SCHEDULE
100
AcDbPolyline
90
4
70
1
43
0
10
64600
20
51550
10
83100
20
51550
10
83100
20
52000
10
64600
20
52000
0
TEXT
5
EF2
330
10E
100
AcDbEntity
8
ST-SHEET-SCHEDULE-TEXT
100
AcDbText
10
64800
20
51775
30
0
40
170
1
TOTAL 934.7 kg  \U+00B7  \U+00D810: 1516.2 m
7
STANDARD
72
0
11
64800
21
51775
31
0
100
AcDbText
73
2
0
LINE
5
EF3
330
10E
100
AcDbEntity
8
ST-SHEET-SCHEDULE
100
AcDbLine
10
64600
20
52900
30
0
11
64600
21
51550
31
0
0
LINE
5
EF4
330
10E
100
AcDbEntity
8
ST-SHEET-SCHEDULE
100
AcDbLine
10
66300
20
52900
30
0
11
66300
21
51550
31
0
0
LINE
5
EF5
330
10E
100
AcDbEntity
8
ST-SHEET-SCHEDULE
100
AcDbLine
10
67100
20
52900
30
0
11
67100
21
51550
31
0
0
LINE
5
EF6
330
10E
100
AcDbEntity
8
ST-SHEET-SCHEDULE
100
AcDbLine
10
68400
20
52900
30
0
11
68400
21
51550
31
0
0
LINE
5
EF7
330
10E
100
AcDbEntity
8
ST-SHEET-SCHEDULE
100
AcDbLine
10
69600
20
52900
30
0
11
69600
21
51550
31
0
0
LINE
5
EF8
330
10E
100
AcDbEntity
8
ST-SHEET-SCHEDULE
100
AcDbLine
10
71300
20
52900
30
0
11
71300
21
51550
31
0
0
LINE
5
EF9
330
10E
100
AcDbEntity
8
ST-SHEET-SCHEDULE
100
AcDbLine
10
72600
20
52900
30
0
11
72600
21
51550
31
0
0
LINE
5
EFA
330
10E
100
AcDbEntity
8
ST-SHEET-SCHEDULE
100
AcDbLine
10
74200
20
52900
30
0
11
74200
21
51550
31
0
0
LINE
5
EFB
330
10E
100
AcDbEntity
8
ST-SHEET-SCHEDULE
100
AcDbLine
10
75900
20
52900
30
0
11
75900
21
51550
31
0
0
LINE
5
EFC
330
10E
100
AcDbEntity
8
ST-SHEET-SCHEDULE
100
AcDbLine
10
83100
20
52900
30
0
11
83100
21
51550
31
0
0
LINE
5
EFD
330
10E
100
AcDbEntity
8
ST-SHEET-SCHEDULE
100
AcDbLine
10
64600
20
51550
30
0
11
83100
21
51550
31
0
0
TEXT
5
EFE
330
10E
100
AcDbEntity
8
ST-SHEET-TITLE
100
AcDbText
10
64800
20
57950
30
0
40
220
1
KEY PLAN
7
STANDARD
72
0
100
AcDbText
73
0
0
LWPOLYLINE
5
EFF
330
10E
100
AcDbEntity
8
ST-SHEET-TITLE
100
AcDbPolyline
90
4
70
1
43
0
10
68600
20
54100
10
79100
20
54100
10
79100
20
57800
10
68600
20
57800
0
LWPOLYLINE
5
F00
330
10E
100
AcDbEntity
8
ST-SLAB-EDGE
100
AcDbPolyline
90
6
70
1
43
0
10
71912.5
20
54400
10
75787.5
20
54400
10
75787.5
20
56903.846154
10
75191.346154
20
56903.846154
10
75191.346154
20
57500
10
71912.5
20
57500
0
HATCH
5
F01
330
10E
100
AcDbEntity
8
ST-HATCH
100
AcDbHatch
10
0
20
0
30
0
210
0
220
0
230
1
2
ANSI31
70
0
71
0
91
1
92
3
72
0
73
1
93
6
10
71912.5
20
54400
10
75787.5
20
54400
10
75787.5
20
56903.846154
10
75191.346154
20
56903.846154
10
75191.346154
20
57500
10
71912.5
20
57500
97
0
75
1
76
1
52
0
41
37.795276
77
0
78
1
53
45
43
0
44
0
45
-84.852814
46
84.852814
79
0
47
1
98
0
0
CIRCLE
5
F02
330
10E
100
AcDbEntity
8
ST-TEXT
100
AcDbCircle
10
81100
20
55800
30
0
40
600
0
SOLID
5
F03
330
10E
100
AcDbEntity
8
ST-TEXT
100
AcDbTrace
10
81100
20
56300
30
0
11
80850
21
55450
31
0
12
81350
22
55450
32
0
13
81100
23
55680
33
0
0
TEXT
5
F04
330
10E
100
AcDbEntity
8
ST-TEXT
100
AcDbText
10
81100
20
56550
30
0
40
250
1
N
7
STANDARD
72
1
11
81100
21
56550
31
0
100
AcDbText
73
0
0
TEXT
5
F05
330
10E
100
AcDbEntity
8
ST-SHEET-TEXT
100
AcDbText
10
64900
20
39180
30
0
40
240
1
GENERAL NOTES
7
STANDARD
72
0
100
AcDbText
73
0
0
TEXT
5
F06
330
10E
100
AcDbEntity
8
ST-SHEET-TEXT
100
AcDbText
10
82800
20
39180
30
0
40
220
1
\U+0645\U+0644\U+0627\U+062D\U+0638\U+0627\U+062A \U+0639\U+0627\U+0645\U+0629
7
STANDARD
72
2
11
82800
21
39180
31
0
100
AcDbText
73
0
0
LINE
5
F07
330
10E
100
AcDbEntity
8
ST-SHEET-NOTES
100
AcDbLine
10
64900
20
39070
30
0
11
82800
21
39070
31
0
0
MTEXT
5
F08
330
10E
100
AcDbEntity
8
ST-SHEET-NOTES
100
AcDbMText
10
64900
20
38940
30
0
40
175
41
17800
71
1
72
1
1
1. ALL DIMENSIONS ARE IN MILLIMETRES, LEVELS IN METRES UNLESS NOTED OTHERWISE. DO NOT SCALE; FOLLOW THE WRITTEN DIMENSIONS.
7
STANDARD
44
1
0
MTEXT
5
F09
330
10E
100
AcDbEntity
8
ST-SHEET-NOTES
100
AcDbMText
10
64900
20
38635
30
0
40
175
41
17800
71
1
72
1
1
2. CONCRETE f'c = 35 MPa (drawing). REINFORCEMENT: DEFORMED BARS fy = 420 MPa (drawing). CLEAR COVER 25 mm TOP AND BOTTOM (drawing).
7
STANDARD
44
1
0
MTEXT
5
F0A
330
10E
100
AcDbEntity
8
ST-SHEET-NOTES
100
AcDbMText
10
64900
20
38058.75
30
0
40
175
41
17800
71
1
72
1
1
3. SLAB THICKNESS 250 mm. THIS SHEET IS TO BE READ WITH THE CONSULTANT'S STRUCTURAL DRAWINGS (G.A.) AND THE PT LAYOUT; DISCREPANCIES TO BE REFERRED TO THE ENGINEER BEFORE FABRICATION.
7
STANDARD
44
1
0
MTEXT
5
F0B
330
10E
100
AcDbEntity
8
ST-SHEET-NOTES
100
AcDbMText
10
64900
20
37482.5
30
0
40
175
41
17800
71
1
72
1
3
4. PRELIMINARY: PUNCHING LINKS ARE SHOWN AS THE MINIMUM DETAILING ARRANGEMENT (SBC 304-18 \U+00A78.7.6 / \U+00A722.6.8): T10 CLOSED LINKS, FIRST ROW AT d/2 = 100 mm FROM THE COLUMN FACE, ROWS AT d/2, LEGS AT 100 mm ALONG THE FACE, EXTENDING 500 mm (2
1
h) BEYOND THE FACE. THE NUMBER OF ROWS AND LINK SIZE ARE TO BE CONFIRMED AGAINST THE PUNCHING DESIGN (Vu) BEFORE FABRICATION.
7
STANDARD
44
1
0
MTEXT
5
F0C
330
10E
100
AcDbEntity
8
ST-SHEET-NOTES
100
AcDbMText
10
64900
20
36635
30
0
40
175
41
17800
71
1
72
1
1
5. CALL-OUT PER FACE: [ROWS] X [LINKS PER ROW] - T[\U+00D8] - [ROW SPACING]. FACES AT A SLAB EDGE CARRY NO LINKS. LINKS ENCLOSE THE TOP AND BOTTOM BARS.
7
STANDARD
44
1
0
MTEXT
5
F0D
330
10E
100
AcDbEntity
8
ST-SHEET-NOTES
100
AcDbMText
10
64900
20
36058.75
30
0
40
175
41
17800
71
1
72
1
1
6. PS TYPES GROUP COLUMNS WITH THE SAME ARRANGEMENT (TABLE, DETAIL 2).
7
STANDARD
44
1
0
TEXT
5
F0E
330
10E
100
AcDbEntity
8
ST-SHEET-TEXT
100
AcDbText
10
64900
20
35433.75
30
0
40
240
1
ASSUMPTIONS
7
STANDARD
72
0
100
AcDbText
73
0
0
TEXT
5
F0F
330
10E
100
AcDbEntity
8
ST-SHEET-TEXT
100
AcDbText
10
82800
20
35433.75
30
0
40
220
1
\U+0627\U+0641\U+062A\U+0631\U+0627\U+0636\U+0627\U+062A
7
STANDARD
72
2
11
82800
21
35433.75
31
0
100
AcDbText
73
0
0
LINE
5
F10
330
10E
100
AcDbEntity
8
ST-SHEET-NOTES
100
AcDbLine
10
64900
20
35323.75
30
0
11
82800
21
35323.75
31
0
0
MTEXT
5
F11
330
10E
100
AcDbEntity
8
ST-SHEET-NOTES
100
AcDbMText
10
64900
20
35193.75
30
0
40
165
41
17800
71
1
72
1
1
A1. PUNCHING SHEAR DEMAND (Vu) NOT AVAILABLE: LINK ROWS SET BY MINIMUM DETAILING AND 2h EXTENT; SUBJECT TO DESIGN CONFIRMATION.
7
STANDARD
44
1
0
MTEXT
5
F12
330
10E
100
AcDbEntity
8
ST-SHEET-NOTES
100
AcDbMText
10
64900
20
34898.75
30
0
40
165
41
17800
71
1
72
1
1
A2. Bottom mesh not specified: T12@200 both ways assumed as bonded reinforcement in PT zones.
7
STANDARD
44
1
0
MTEXT
5
F13
330
10E
100
AcDbEntity
8
ST-SHEET-NOTES
100
AcDbMText
10
64900
20
34603.75
30
0
40
165
41
17800
71
1
72
1
1
A3. Edge U-bars not specified: T12@200 with 1200 mm legs assumed at PT anchorage edges.
7
STANDARD
44
1
0
MTEXT
5
F14
330
10E
100
AcDbEntity
8
ST-SHEET-NOTES
100
AcDbMText
10
64900
20
34308.75
30
0
40
165
41
17800
71
1
72
1
1
A4. Opening trimmers not specified: 2T16 T&B each side + 2T12 diagonals at corners assumed.
7
STANDARD
44
1
0
MTEXT
5
F15
330
10E
100
AcDbEntity
8
ST-SHEET-NOTES
100
AcDbMText
10
64900
20
34013.75
30
0
40
165
41
17800
71
1
72
1
1
A5. Void trimmers not specified: 2T12 T&B each side assumed.
7
STANDARD
44
1
0
TEXT
5
F16
330
10E
100
AcDbEntity
8
ST-SHEET-TEXT
100
AcDbText
10
64900
20
33398.75
30
0
40
240
1
CODE REFERENCE
7
STANDARD
72
0
100
AcDbText
73
0
0
TEXT
5
F17
330
10E
100
AcDbEntity
8
ST-SHEET-TEXT
100
AcDbText
10
82800
20
33398.75
30
0
40
220
1
\U+0627\U+0644\U+0645\U+0631\U+062C\U+0639 \U+0627\U+0644\U+0643\U+0648\U+062F\U+064A
7
STANDARD
72
2
11
82800
21
33398.75
31
0
100
AcDbText
73
0
0
LINE
5
F18
330
10E
100
AcDbEntity
8
ST-SHEET-NOTES
100
AcDbLine
10
64900
20
33288.75
30
0
11
82800
21
33288.75
31
0
0
MTEXT
5
F19
330
10E
100
AcDbEntity
8
ST-SHEET-NOTES
100
AcDbMText
10
64900
20
33158.75
30
0
40
175
41
17800
71
1
72
1
1
SBC 304-18 AS STATED ON THE STRUCTURAL DRAWINGS. DEVELOPMENT, ANCHORAGE AND LAP LENGTHS PER SBC 304-18 CHAPTER 25 (ACI 318-14 BASIS).
7
STANDARD
44
1
0
TEXT
5
F1A
330
10E
100
AcDbEntity
8
ST-SHEET-TEXT
100
AcDbText
10
64900
20
32262.5
30
0
40
240
1
LEGEND
7
STANDARD
72
0
100
AcDbText
73
0
0
TEXT
5
F1B
330
10E
100
AcDbEntity
8
ST-SHEET-TEXT
100
AcDbText
10
82800
20
32262.5
30
0
40
220
1
\U+0645\U+0641\U+062A\U+0627\U+062D \U+0627\U+0644\U+0631\U+0645\U+0648\U+0632
7
STANDARD
72
2
11
82800
21
32262.5
31
0
100
AcDbText
73
0
0
LINE
5
F1C
330
10E
100
AcDbEntity
8
ST-SHEET-NOTES
100
AcDbLine
10
64900
20
32152.5
30
0
11
82800
21
32152.5
31
0
0
LINE
5
F1D
330
10E
100
AcDbEntity
8
ST-RB-PUNCH
370
50
100
AcDbLine
10
64900
20
31852.5
30
0
11
65700
21
31852.5
31
0
0
TEXT
5
F1E
330
10E
100
AcDbEntity
8
ST-SHEET-NOTES
100
AcDbText
10
65900
20
31802.5
30
0
40
170
1
ROW OF LINKS
7
STANDARD
72
0
100
AcDbText
73
0
0
LINE
5
F1F
330
10E
100
AcDbEntity
8
ST-RB-TYPE
100
AcDbLine
10
64900
20
31552.5
30
0
11
65700
21
31552.5
31
0
0
TEXT
5
F20
330
10E
100
AcDbEntity
8
ST-SHEET-NOTES
100
AcDbText
10
65900
20
31502.5
30
0
40
170
1
PS TYPE LABEL
7
STANDARD
72
0
100
AcDbText
73
0
0
SOLID
5
F21
330
10E
100
AcDbEntity
8
ST-COL-HATCH
100
AcDbTrace
10
64900
20
31122.5
30
0
11
65700
21
31122.5
31
0
12
64900
22
31382.5
32
0
13
65700
23
31382.5
33
0
0
TEXT
5
F22
330
10E
100
AcDbEntity
8
ST-SHEET-NOTES
100
AcDbText
10
65900
20
31202.5
30
0
40
170
1
COLUMN
7
STANDARD
72
0
100
AcDbText
73
0
0
LINE
5
F23
330
10E
100
AcDbEntity
8
ST-SHEET-TITLE
100
AcDbLine
10
64600
20
20700
30
0
11
83100
21
20700
31
0
0
TEXT
5
F24
330
10E
100
AcDbEntity
8
ST-SHEET-TITLE
100
AcDbText
10
73850
20
20950
30
0
40
170
1
COORDINATED WITH THE FOLLOWING DISCIPLINES
7
STANDARD
72
1
11
73850
21
20950
31
0
100
AcDbText
73
2
0
LINE
5
F25
330
10E
100
AcDbEntity
8
ST-SHEET-TITLE
100
AcDbLine
10
64600
20
20100
30
0
11
83100
21
20100
31
0
0
TEXT
5
F26
330
10E
100
AcDbEntity
8
ST-SHEET-TITLE
100
AcDbText
10
64750
20
20480
30
0
40
150
1
ARCH.
7
STANDARD
72
0
100
AcDbText
73
0
0
TEXT
5
F27
330
10E
100
AcDbEntity
8
ST-SHEET-TEXT
100
AcDbText
10
66912.5
20
20200
30
0
40
160
1

7
STANDARD
72
1
11
66912.5
21
20200
31
0
100
AcDbText
73
0
0
LINE
5
F28
330
10E
100
AcDbEntity
8
ST-SHEET-TITLE
100
AcDbLine
10
69225
20
20100
30
0
11
69225
21
20700
31
0
0
TEXT
5
F29
330
10E
100
AcDbEntity
8
ST-SHEET-TITLE
100
AcDbText
10
69375
20
20480
30
0
40
150
1
STRUCT.
7
STANDARD
72
0
100
AcDbText
73
0
0
TEXT
5
F2A
330
10E
100
AcDbEntity
8
ST-SHEET-TEXT
100
AcDbText
10
71537.5
20
20200
30
0
40
160
1

7
STANDARD
72
1
11
71537.5
21
20200
31
0
100
AcDbText
73
0
0
LINE
5
F2B
330
10E
100
AcDbEntity
8
ST-SHEET-TITLE
100
AcDbLine
10
73850
20
20100
30
0
11
73850
21
20700
31
0
0
TEXT
5
F2C
330
10E
100
AcDbEntity
8
ST-SHEET-TITLE
100
AcDbText
10
74000
20
20480
30
0
40
150
1
MEP
7
STANDARD
72
0
100
AcDbText
73
0
0
TEXT
5
F2D
330
10E
100
AcDbEntity
8
ST-SHEET-TEXT
100
AcDbText
10
76162.5
20
20200
30
0
40
160
1

7
STANDARD
72
1
11
76162.5
21
20200
31
0
100
AcDbText
73
0
0
LINE
5
F2E
330
10E
100
AcDbEntity
8
ST-SHEET-TITLE
100
AcDbLine
10
78475
20
20100
30
0
11
78475
21
20700
31
0
0
TEXT
5
F2F
330
10E
100
AcDbEntity
8
ST-SHEET-TITLE
100
AcDbText
10
78625
20
20480
30
0
40
150
1
EL.
7
STANDARD
72
0
100
AcDbText
73
0
0
TEXT
5
F30
330
10E
100
AcDbEntity
8
ST-SHEET-TEXT
100
AcDbText
10
80787.5
20
20200
30
0
40
160
1

7
STANDARD
72
1
11
80787.5
21
20200
31
0
100
AcDbText
73
0
0
LINE
5
F31
330
10E
100
AcDbEntity
8
ST-SHEET-TITLE
100
AcDbLine
10
64600
20
19600
30
0
11
83100
21
19600
31
0
0
TEXT
5
F32
330
10E
100
AcDbEntity
8
ST-SHEET-TITLE
100
AcDbText
10
73850
20
19850
30
0
40
170
1
CONTRACT DRAWING REFERENCES
7
STANDARD
72
1
11
73850
21
19850
31
0
100
AcDbText
73
2
0
LINE
5
F33
330
10E
100
AcDbEntity
8
ST-SHEET-TITLE
100
AcDbLine
10
64600
20
19200
30
0
11
83100
21
19200
31
0
0
TEXT
5
F34
330
10E
100
AcDbEntity
8
ST-SHEET-TITLE
100
AcDbText
10
67683.333333
20
19400
30
0
40
150
1
ARCHITECTURAL
7
STANDARD
72
1
11
67683.333333
21
19400
31
0
100
AcDbText
73
2
0
LINE
5
F35
330
10E
100
AcDbEntity
8
ST-SHEET-TITLE
100
AcDbLine
10
70766.666667
20
19200
30
0
11
70766.666667
21
19600
31
0
0
TEXT
5
F36
330
10E
100
AcDbEntity
8
ST-SHEET-TITLE
100
AcDbText
10
73850
20
19400
30
0
40
150
1
STRUCTURAL
7
STANDARD
72
1
11
73850
21
19400
31
0
100
AcDbText
73
2
0
LINE
5
F37
330
10E
100
AcDbEntity
8
ST-SHEET-TITLE
100
AcDbLine
10
76933.333333
20
19200
30
0
11
76933.333333
21
19600
31
0
0
TEXT
5
F38
330
10E
100
AcDbEntity
8
ST-SHEET-TITLE
100
AcDbText
10
80016.666667
20
19400
30
0
40
150
1
MEP
7
STANDARD
72
1
11
80016.666667
21
19400
31
0
100
AcDbText
73
2
0
LINE
5
F39
330
10E
100
AcDbEntity
8
ST-SHEET-TITLE
100
AcDbLine
10
64600
20
18800
30
0
11
83100
21
18800
31
0
0
LINE
5
F3A
330
10E
100
AcDbEntity
8
ST-SHEET-TITLE
100
AcDbLine
10
69566.666667
20
18800
30
0
11
69566.666667
21
19200
31
0
0
TEXT
5
F3B
330
10E
100
AcDbEntity
8
ST-SHEET-TITLE
100
AcDbText
10
64750
20
18930
30
0
40
130
1
DRAWING No.
7
STANDARD
72
0
100
AcDbText
73
0
0
TEXT
5
F3C
330
10E
100
AcDbEntity
8
ST-SHEET-TITLE
100
AcDbText
10
70166.666667
20
18930
30
0
40
130
1
REV.
7
STANDARD
72
1
11
70166.666667
21
18930
31
0
100
AcDbText
73
0
0
LINE
5
F3D
330
10E
100
AcDbEntity
8
ST-SHEET-TITLE
100
AcDbLine
10
70766.666667
20
18800
30
0
11
70766.666667
21
19200
31
0
0
LINE
5
F3E
330
10E
100
AcDbEntity
8
ST-SHEET-TITLE
100
AcDbLine
10
75733.333333
20
18800
30
0
11
75733.333333
21
19200
31
0
0
TEXT
5
F3F
330
10E
100
AcDbEntity
8
ST-SHEET-TITLE
100
AcDbText
10
70916.666667
20
18930
30
0
40
130
1
DRAWING No.
7
STANDARD
72
0
100
AcDbText
73
0
0
TEXT
5
F40
330
10E
100
AcDbEntity
8
ST-SHEET-TITLE
100
AcDbText
10
76333.333333
20
18930
30
0
40
130
1
REV.
7
STANDARD
72
1
11
76333.333333
21
18930
31
0
100
AcDbText
73
0
0
LINE
5
F41
330
10E
100
AcDbEntity
8
ST-SHEET-TITLE
100
AcDbLine
10
76933.333333
20
18800
30
0
11
76933.333333
21
19200
31
0
0
LINE
5
F42
330
10E
100
AcDbEntity
8
ST-SHEET-TITLE
100
AcDbLine
10
81900
20
18800
30
0
11
81900
21
19200
31
0
0
TEXT
5
F43
330
10E
100
AcDbEntity
8
ST-SHEET-TITLE
100
AcDbText
10
77083.333333
20
18930
30
0
40
130
1
DRAWING No.
7
STANDARD
72
0
100
AcDbText
73
0
0
TEXT
5
F44
330
10E
100
AcDbEntity
8
ST-SHEET-TITLE
100
AcDbText
10
82500
20
18930
30
0
40
130
1
REV.
7
STANDARD
72
1
11
82500
21
18930
31
0
100
AcDbText
73
0
0
LINE
5
F45
330
10E
100
AcDbEntity
8
ST-SHEET-TITLE
100
AcDbLine
10
64600
20
18400
30
0
11
83100
21
18400
31
0
0
LINE
5
F46
330
10E
100
AcDbEntity
8
ST-SHEET-TITLE
100
AcDbLine
10
69566.666667
20
18400
30
0
11
69566.666667
21
18800
31
0
0
LINE
5
F47
330
10E
100
AcDbEntity
8
ST-SHEET-TITLE
100
AcDbLine
10
70766.666667
20
18400
30
0
11
70766.666667
21
18800
31
0
0
LINE
5
F48
330
10E
100
AcDbEntity
8
ST-SHEET-TITLE
100
AcDbLine
10
75733.333333
20
18400
30
0
11
75733.333333
21
18800
31
0
0
LINE
5
F49
330
10E
100
AcDbEntity
8
ST-SHEET-TITLE
100
AcDbLine
10
76933.333333
20
18400
30
0
11
76933.333333
21
18800
31
0
0
LINE
5
F4A
330
10E
100
AcDbEntity
8
ST-SHEET-TITLE
100
AcDbLine
10
81900
20
18400
30
0
11
81900
21
18800
31
0
0
LINE
5
F4B
330
10E
100
AcDbEntity
8
ST-SHEET-TITLE
100
AcDbLine
10
64600
20
18000
30
0
11
83100
21
18000
31
0
0
LINE
5
F4C
330
10E
100
AcDbEntity
8
ST-SHEET-TITLE
100
AcDbLine
10
69566.666667
20
18000
30
0
11
69566.666667
21
18400
31
0
0
LINE
5
F4D
330
10E
100
AcDbEntity
8
ST-SHEET-TITLE
100
AcDbLine
10
70766.666667
20
18000
30
0
11
70766.666667
21
18400
31
0
0
LINE
5
F4E
330
10E
100
AcDbEntity
8
ST-SHEET-TITLE
100
AcDbLine
10
75733.333333
20
18000
30
0
11
75733.333333
21
18400
31
0
0
LINE
5
F4F
330
10E
100
AcDbEntity
8
ST-SHEET-TITLE
100
AcDbLine
10
76933.333333
20
18000
30
0
11
76933.333333
21
18400
31
0
0
LINE
5
F50
330
10E
100
AcDbEntity
8
ST-SHEET-TITLE
100
AcDbLine
10
81900
20
18000
30
0
11
81900
21
18400
31
0
0
LINE
5
F51
330
10E
100
AcDbEntity
8
ST-SHEET-TITLE
100
AcDbLine
10
64600
20
17600
30
0
11
83100
21
17600
31
0
0
TEXT
5
F52
330
10E
100
AcDbEntity
8
ST-SHEET-TITLE
100
AcDbText
10
65200
20
17800
30
0
40
140
1
REV.
7
STANDARD
72
1
11
65200
21
17800
31
0
100
AcDbText
73
2
0
LINE
5
F53
330
10E
100
AcDbEntity
8
ST-SHEET-TITLE
100
AcDbLine
10
65800
20
17600
30
0
11
65800
21
18000
31
0
0
TEXT
5
F54
330
10E
100
AcDbEntity
8
ST-SHEET-TITLE
100
AcDbText
10
71700
20
17800
30
0
40
140
1
DESCRIPTION
7
STANDARD
72
1
11
71700
21
17800
31
0
100
AcDbText
73
2
0
LINE
5
F55
330
10E
100
AcDbEntity
8
ST-SHEET-TITLE
100
AcDbLine
10
77600
20
17600
30
0
11
77600
21
18000
31
0
0
TEXT
5
F56
330
10E
100
AcDbEntity
8
ST-SHEET-TITLE
100
AcDbText
10
79100
20
17800
30
0
40
140
1
DATE
7
STANDARD
72
1
11
79100
21
17800
31
0
100
AcDbText
73
2
0
LINE
5
F57
330
10E
100
AcDbEntity
8
ST-SHEET-TITLE
100
AcDbLine
10
80600
20
17600
30
0
11
80600
21
18000
31
0
0
TEXT
5
F58
330
10E
100
AcDbEntity
8
ST-SHEET-TITLE
100
AcDbText
10
81850
20
17800
30
0
40
140
1
BY
7
STANDARD
72
1
11
81850
21
17800
31
0
100
AcDbText
73
2
0
LINE
5
F59
330
10E
100
AcDbEntity
8
ST-SHEET-TITLE
100
AcDbLine
10
64600
20
17200
30
0
11
83100
21
17200
31
0
0
TEXT
5
F5A
330
10E
100
AcDbEntity
8
ST-SHEET-TEXT
100
AcDbText
10
65200
20
17300
30
0
40
150
1
00
7
STANDARD
72
1
11
65200
21
17300
31
0
100
AcDbText
73
0
0
LINE
5
F5B
330
10E
100
AcDbEntity
8
ST-SHEET-TITLE
100
AcDbLine
10
65800
20
17200
30
0
11
65800
21
17600
31
0
0
TEXT
5
F5C
330
10E
100
AcDbEntity
8
ST-SHEET-TEXT
100
AcDbText
10
65950
20
17300
30
0
40
150
1
ISSUED FOR APPROVAL
7
STANDARD
72
0
100
AcDbText
73
0
0
LINE
5
F5D
330
10E
100
AcDbEntity
8
ST-SHEET-TITLE
100
AcDbLine
10
77600
20
17200
30
0
11
77600
21
17600
31
0
0
TEXT
5
F5E
330
10E
100
AcDbEntity
8
ST-SHEET-TEXT
100
AcDbText
10
79100
20
17300
30
0
40
150
1
2026-09-26
7
STANDARD
72
1
11
79100
21
17300
31
0
100
AcDbText
73
0
0
LINE
5
F5F
330
10E
100
AcDbEntity
8
ST-SHEET-TITLE
100
AcDbLine
10
80600
20
17200
30
0
11
80600
21
17600
31
0
0
TEXT
5
F60
330
10E
100
AcDbEntity
8
ST-SHEET-TEXT
100
AcDbText
10
81850
20
17300
30
0
40
150
1

7
STANDARD
72
1
11
81850
21
17300
31
0
100
AcDbText
73
0
0
LINE
5
F61
330
10E
100
AcDbEntity
8
ST-SHEET-TITLE
100
AcDbLine
10
64600
20
16800
30
0
11
83100
21
16800
31
0
0
LINE
5
F62
330
10E
100
AcDbEntity
8
ST-SHEET-TITLE
100
AcDbLine
10
65800
20
16800
30
0
11
65800
21
17200
31
0
0
LINE
5
F63
330
10E
100
AcDbEntity
8
ST-SHEET-TITLE
100
AcDbLine
10
77600
20
16800
30
0
11
77600
21
17200
31
0
0
LINE
5
F64
330
10E
100
AcDbEntity
8
ST-SHEET-TITLE
100
AcDbLine
10
80600
20
16800
30
0
11
80600
21
17200
31
0
0
LINE
5
F65
330
10E
100
AcDbEntity
8
ST-SHEET-TITLE
100
AcDbLine
10
64600
20
16400
30
0
11
83100
21
16400
31
0
0
LINE
5
F66
330
10E
100
AcDbEntity
8
ST-SHEET-TITLE
100
AcDbLine
10
65800
20
16400
30
0
11
65800
21
16800
31
0
0
LINE
5
F67
330
10E
100
AcDbEntity
8
ST-SHEET-TITLE
100
AcDbLine
10
77600
20
16400
30
0
11
77600
21
16800
31
0
0
LINE
5
F68
330
10E
100
AcDbEntity
8
ST-SHEET-TITLE
100
AcDbLine
10
80600
20
16400
30
0
11
80600
21
16800
31
0
0
LINE
5
F69
330
10E
100
AcDbEntity
8
ST-SHEET-TITLE
100
AcDbLine
10
64600
20
16000
30
0
11
83100
21
16000
31
0
0
LINE
5
F6A
330
10E
100
AcDbEntity
8
ST-SHEET-TITLE
100
AcDbLine
10
65800
20
16000
30
0
11
65800
21
16400
31
0
0
LINE
5
F6B
330
10E
100
AcDbEntity
8
ST-SHEET-TITLE
100
AcDbLine
10
77600
20
16000
30
0
11
77600
21
16400
31
0
0
LINE
5
F6C
330
10E
100
AcDbEntity
8
ST-SHEET-TITLE
100
AcDbLine
10
80600
20
16000
30
0
11
80600
21
16400
31
0
0
LINE
5
F6D
330
10E
100
AcDbEntity
8
ST-SHEET-TITLE
100
AcDbLine
10
64600
20
14500
30
0
11
83100
21
14500
31
0
0
TEXT
5
F6E
330
10E
100
AcDbEntity
8
ST-SHEET-TITLE
100
AcDbText
10
64750
20
15700
30
0
40
150
1
PROJECT
7
STANDARD
72
0
100
AcDbText
73
0
0
TEXT
5
F6F
330
10E
100
AcDbEntity
8
ST-SHEET-TEXT
100
AcDbText
10
64750
20
15380
30
0
40
210
1
PROPOSED MIXED-USE BUILDING
7
STANDARD
72
0
100
AcDbText
73
0
0
TEXT
5
F70
330
10E
100
AcDbEntity
8
ST-SHEET-TITLE
100
AcDbText
10
64750
20
14630
30
0
40
170
1
RIYADH, KSA
7
STANDARD
72
0
100
AcDbText
73
0
0
LINE
5
F71
330
10E
100
AcDbEntity
8
ST-SHEET-TITLE
100
AcDbLine
10
64600
20
13600
30
0
11
83100
21
13600
31
0
0
TEXT
5
F72
330
10E
100
AcDbEntity
8
ST-SHEET-TITLE
100
AcDbText
10
64750
20
14200
30
0
40
150
1
THE CLIENT
7
STANDARD
72
0
100
AcDbText
73
0
0
TEXT
5
F73
330
10E
100
AcDbEntity
8
ST-SHEET-TEXT
100
AcDbText
10
64750
20
13880
30
0
40
220
1
DEMO CLIENT
7
STANDARD
72
0
100
AcDbText
73
0
0
LINE
5
F74
330
10E
100
AcDbEntity
8
ST-SHEET-TITLE
100
AcDbLine
10
64600
20
12700
30
0
11
83100
21
12700
31
0
0
TEXT
5
F75
330
10E
100
AcDbEntity
8
ST-SHEET-TITLE
100
AcDbText
10
64750
20
13300
30
0
40
150
1
THE ENGINEER (CONSULTANT)
7
STANDARD
72
0
100
AcDbText
73
0
0
LINE
5
F76
330
10E
100
AcDbEntity
8
ST-SHEET-TITLE
100
AcDbLine
10
64600
20
11800
30
0
11
83100
21
11800
31
0
0
TEXT
5
F77
330
10E
100
AcDbEntity
8
ST-SHEET-TITLE
100
AcDbText
10
64750
20
12400
30
0
40
150
1
MAIN CONTRACTOR
7
STANDARD
72
0
100
AcDbText
73
0
0
LINE
5
F78
330
10E
100
AcDbEntity
8
ST-SHEET-TITLE
100
AcDbLine
10
64600
20
10200
30
0
11
83100
21
10200
31
0
0
TEXT
5
F79
330
10E
100
AcDbEntity
8
ST-SHEET-TITLE
100
AcDbText
10
64750
20
11500
30
0
40
150
1
POST-TENSION SUB-CONTRACTOR / SHOP DRAWINGS BY
7
STANDARD
72
0
100
AcDbText
73
0
0
TEXT
5
F7A
330
10E
100
AcDbEntity
8
ST-SHEET-TEXT
100
AcDbText
10
73850
20
10950
30
0
40
400
1
SPAN TECH CONTRACTING
7
STANDARD
72
1
11
73850
21
10950
31
0
100
AcDbText
73
2
0
TEXT
5
F7B
330
10E
100
AcDbEntity
8
ST-SHEET-TITLE
100
AcDbText
10
73850
20
10450
30
0
40
170
1
POST-TENSIONED SLABS \U+00B7 KSA \U+00B7 EGYPT \U+00B7 QATAR
7
STANDARD
72
1
11
73850
21
10450
31
0
100
AcDbText
73
2
0
LINE
5
F7C
330
10E
100
AcDbEntity
8
ST-SHEET-TITLE
100
AcDbLine
10
64600
20
8200
30
0
11
83100
21
8200
31
0
0
TEXT
5
F7D
330
10E
100
AcDbEntity
8
ST-SHEET-TITLE
100
AcDbText
10
64750
20
9900
30
0
40
150
1
DRAWING TITLE
7
STANDARD
72
0
100
AcDbText
73
0
0
TEXT
5
F7E
330
10E
100
AcDbEntity
8
ST-SHEET-TEXT
100
AcDbText
10
64750
20
9450
30
0
40
290
1
PUNCHING SHEAR REINFORCEMENT PLAN
7
STANDARD
72
0
100
AcDbText
73
0
0
TEXT
5
F7F
330
10E
100
AcDbEntity
8
ST-SHEET-TEXT
100
AcDbText
10
64750
20
9060
30
0
40
290
1
(PRELIMINARY)
7
STANDARD
72
0
100
AcDbText
73
0
0
TEXT
5
F80
330
10E
100
AcDbEntity
8
ST-SHEET-TITLE
100
AcDbText
10
64750
20
8330
30
0
40
200
1
L01 - FIRST FLOOR SLAB PLAN
7
STANDARD
72
0
100
AcDbText
73
0
0
LINE
5
F81
330
10E
100
AcDbEntity
8
ST-SHEET-TITLE
100
AcDbLine
10
64600
20
7100
30
0
11
83100
21
7100
31
0
0
LINE
5
F82
330
10E
100
AcDbEntity
8
ST-SHEET-TITLE
100
AcDbLine
10
73850
20
7100
30
0
11
73850
21
8200
31
0
0
LINE
5
F83
330
10E
100
AcDbEntity
8
ST-SHEET-TITLE
100
AcDbLine
10
77920
20
7100
30
0
11
77920
21
8200
31
0
0
TEXT
5
F84
330
10E
100
AcDbEntity
8
ST-SHEET-TITLE
100
AcDbText
10
64750
20
7900
30
0
40
150
1
DRAWING No.
7
STANDARD
72
0
100
AcDbText
73
0
0
TEXT
5
F85
330
10E
100
AcDbEntity
8
ST-SHEET-TEXT
100
AcDbText
10
64750
20
7480
30
0
40
320
1
ST-SD-L01-08
7
STANDARD
72
0
100
AcDbText
73
0
0
TEXT
5
F86
330
10E
100
AcDbEntity
8
ST-SHEET-TITLE
100
AcDbText
10
74000
20
7900
30
0
40
150
1
REV.
7
STANDARD
72
0
100
AcDbText
73
0
0
TEXT
5
F87
330
10E
100
AcDbEntity
8
ST-SHEET-TEXT
100
AcDbText
10
74000
20
7480
30
0
40
320
1
00
7
STANDARD
72
0
100
AcDbText
73
0
0
TEXT
5
F88
330
10E
100
AcDbEntity
8
ST-SHEET-TITLE
100
AcDbText
10
78070
20
7900
30
0
40
150
1
DATE
7
STANDARD
72
0
100
AcDbText
73
0
0
TEXT
5
F89
330
10E
100
AcDbEntity
8
ST-SHEET-TEXT
100
AcDbText
10
78070
20
7560
30
0
40
240
1
2026-09-26
7
STANDARD
72
0
100
AcDbText
73
0
0
LINE
5
F8A
330
10E
100
AcDbEntity
8
ST-SHEET-TITLE
100
AcDbLine
10
64600
20
6000
30
0
11
83100
21
6000
31
0
0
LINE
5
F8B
330
10E
100
AcDbEntity
8
ST-SHEET-TITLE
100
AcDbLine
10
72000
20
6000
30
0
11
72000
21
7100
31
0
0
LINE
5
F8C
330
10E
100
AcDbEntity
8
ST-SHEET-TITLE
100
AcDbLine
10
76810
20
6000
30
0
11
76810
21
7100
31
0
0
TEXT
5
F8D
330
10E
100
AcDbEntity
8
ST-SHEET-TITLE
100
AcDbText
10
64750
20
6800
30
0
40
150
1
SCALE (A1)
7
STANDARD
72
0
100
AcDbText
73
0
0
TEXT
5
F8E
330
10E
100
AcDbEntity
8
ST-SHEET-TEXT
100
AcDbText
10
64750
20
6460
30
0
40
240
1
1:100 (DETAILS AS NOTED)
7
STANDARD
72
0
100
AcDbText
73
0
0
TEXT
5
F8F
330
10E
100
AcDbEntity
8
ST-SHEET-TITLE
100
AcDbText
10
72150
20
6800
30
0
40
150
1
SHEET
7
STANDARD
72
0
100
AcDbText
73
0
0
TEXT
5
F90
330
10E
100
AcDbEntity
8
ST-SHEET-TEXT
100
AcDbText
10
72150
20
6460
30
0
40
240
1
9 OF 17
7
STANDARD
72
0
100
AcDbText
73
0
0
TEXT
5
F91
330
10E
100
AcDbEntity
8
ST-SHEET-TITLE
100
AcDbText
10
76960
20
6800
30
0
40
150
1
GRID REFERENCE
7
STANDARD
72
0
100
AcDbText
73
0
0
TEXT
5
F92
330
10E
100
AcDbEntity
8
ST-SHEET-TEXT
100
AcDbText
10
76960
20
6480
30
0
40
220
1
A-E / 1-4
7
STANDARD
72
0
100
AcDbText
73
0
0
LINE
5
F93
330
10E
100
AcDbEntity
8
ST-SHEET-TITLE
100
AcDbLine
10
64600
20
4500
30
0
11
83100
21
4500
31
0
0
LINE
5
F94
330
10E
100
AcDbEntity
8
ST-SHEET-TITLE
100
AcDbLine
10
70766.666667
20
4500
30
0
11
70766.666667
21
6000
31
0
0
LINE
5
F95
330
10E
100
AcDbEntity
8
ST-SHEET-TITLE
100
AcDbLine
10
76933.333333
20
4500
30
0
11
76933.333333
21
6000
31
0
0
TEXT
5
F96
330
10E
100
AcDbEntity
8
ST-SHEET-TITLE
100
AcDbText
10
64750
20
5700
30
0
40
150
1
PREPARED
7
STANDARD
72
0
100
AcDbText
73
0
0
TEXT
5
F97
330
10E
100
AcDbEntity
8
ST-SHEET-TEXT
100
AcDbText
10
64750
20
5250
30
0
40
200
1
SPAN TECH DESIGN OFFICE
7
STANDARD
72
0
100
AcDbText
73
0
0
TEXT
5
F98
330
10E
100
AcDbEntity
8
ST-SHEET-TITLE
100
AcDbText
10
64750
20
4630
30
0
40
140
1
SIGN / DATE: ..........
7
STANDARD
72
0
100
AcDbText
73
0
0
TEXT
5
F99
330
10E
100
AcDbEntity
8
ST-SHEET-TITLE
100
AcDbText
10
70916.666667
20
5700
30
0
40
150
1
CHECKED
7
STANDARD
72
0
100
AcDbText
73
0
0
TEXT
5
F9A
330
10E
100
AcDbEntity
8
ST-SHEET-TEXT
100
AcDbText
10
70916.666667
20
5250
30
0
40
200
1

7
STANDARD
72
0
100
AcDbText
73
0
0
TEXT
5
F9B
330
10E
100
AcDbEntity
8
ST-SHEET-TITLE
100
AcDbText
10
70916.666667
20
4630
30
0
40
140
1
SIGN / DATE: ..........
7
STANDARD
72
0
100
AcDbText
73
0
0
TEXT
5
F9C
330
10E
100
AcDbEntity
8
ST-SHEET-TITLE
100
AcDbText
10
77083.333333
20
5700
30
0
40
150
1
APPROVED
7
STANDARD
72
0
100
AcDbText
73
0
0
TEXT
5
F9D
330
10E
100
AcDbEntity
8
ST-SHEET-TEXT
100
AcDbText
10
77083.333333
20
5250
30
0
40
200
1

7
STANDARD
72
0
100
AcDbText
73
0
0
TEXT
5
F9E
330
10E
100
AcDbEntity
8
ST-SHEET-TITLE
100
AcDbText
10
77083.333333
20
4630
30
0
40
140
1
SIGN / DATE: ..........
7
STANDARD
72
0
100
AcDbText
73
0
0
LINE
5
F9F
330
10E
100
AcDbEntity
8
ST-SHEET-TITLE
100
AcDbLine
10
64600
20
3500
30
0
11
83100
21
3500
31
0
0
LINE
5
FA0
330
10E
100
AcDbEntity
8
ST-SHEET-TITLE
100
AcDbLine
10
70150
20
3500
30
0
11
70150
21
4500
31
0
0
LINE
5
FA1
330
10E
100
AcDbEntity
8
ST-SHEET-TITLE
100
AcDbLine
10
76070
20
3500
30
0
11
76070
21
4500
31
0
0
TEXT
5
FA2
330
10E
100
AcDbEntity
8
ST-SHEET-TITLE
100
AcDbText
10
64750
20
4200
30
0
40
150
1
DRAWING INDEX
7
STANDARD
72
0
100
AcDbText
73
0
0
TEXT
5
FA3
330
10E
100
AcDbEntity
8
ST-SHEET-TEXT
100
AcDbText
10
64750
20
3900
30
0
40
200
1
ST-SD-000
7
STANDARD
72
0
100
AcDbText
73
0
0
TEXT
5
FA4
330
10E
100
AcDbEntity
8
ST-SHEET-TITLE
100
AcDbText
10
70300
20
4200
30
0
40
150
1
CODE REFERENCE
7
STANDARD
72
0
100
AcDbText
73
0
0
TEXT
5
FA5
330
10E
100
AcDbEntity
8
ST-SHEET-TEXT
100
AcDbText
10
70300
20
3920
30
0
40
180
1
SBC 304-18 (ON DRAWINGS)
7
STANDARD
72
0
100
AcDbText
73
0
0
TEXT
5
FA6
330
10E
100
AcDbEntity
8
ST-SHEET-TITLE
100
AcDbText
10
76220
20
4200
30
0
40
150
1
BLOCK / XREF
7
STANDARD
72
0
100
AcDbText
73
0
0
TEXT
5
FA7
330
10E
100
AcDbEntity
8
ST-SHEET-TEXT
100
AcDbText
10
76220
20
3960
30
0
40
140
1
FRAMING_REBAR_PUNCHING_LINKS_L01
7
STANDARD
72
0
100
AcDbText
73
0
0
TEXT
5
FA8
330
10E
100
AcDbEntity
8
ST-SHEET-TEXT
100
AcDbText
10
73850
20
2250
30
0
40
230
1
SHOP DRAWING - FOR CONSULTANT APPROVAL
7
STANDARD
72
1
11
73850
21
2250
31
0
100
AcDbText
73
2
0
LWPOLYLINE
5
FA9
330
10E
100
AcDbEntity
8
ST-SHEET-TITLE
370
50
100
AcDbPolyline
90
4
70
1
43
0
10
64600
20
1000
10
83100
20
1000
10
83100
20
16000
10
64600
20
16000
0
CIRCLE
5
FAA
330
10E
100
AcDbEntity
8
ST-CALLOUT
100
AcDbCircle
10
3400
20
14220
30
0
40
400
0
TEXT
5
FAB
330
10E
100
AcDbEntity
8
ST-CALLOUT
100
AcDbText
10
3400
20
14220
30
0
40
320
1
1
7
STANDARD
72
1
11
3400
21
14220
31
0
100
AcDbText
73
2
0
TEXT
5
FAC
330
10E
100
AcDbEntity
8
ST-SHEET-TEXT
100
AcDbText
10
4100
20
14100
30
0
40
340
1
FIRST FLOOR SLAB PLAN - PUNCHING SHEAR REINFORCEMENT PLAN (PRELIMINARY)
7
STANDARD
72
0
100
AcDbText
73
0
0
LINE
5
FAD
330
10E
100
AcDbEntity
8
ST-SHEET-TITLE
370
35
100
AcDbLine
10
4100
20
13980
30
0
11
22560
21
13980
31
0
0
TEXT
5
FAE
330
10E
100
AcDbEntity
8
ST-SHEET-TITLE
100
AcDbText
10
4100
20
13680
30
0
40
200
1
SCALE : 1:100
7
STANDARD
72
0
100
AcDbText
73
0
0
ENDBLK
5
FAF
330
10E
100
AcDbEntity
8
0
100
AcDbBlockEnd
0
ENDSEC
0
SECTION
2
ENTITIES
0
INSERT
5
FB0
330
108
100
AcDbEntity
8
0
100
AcDbBlockReference
2
FRAMING_REBAR_PUNCHING_LINKS_L01
10
0
20
0
30
0
41
1
42
1
43
1
50
0
0
ENDSEC
0
SECTION
2
OBJECTS
0
DICTIONARY
5
100
330
0
100
AcDbDictionary
281
1
3
ACAD_GROUP
350
101
3
ACAD_LAYOUT
350
104
3
ACAD_PLOTSTYLENAME
350
102
0
DICTIONARY
5
101
330
100
100
AcDbDictionary
281
1
0
ACDBDICTIONARYWDFLT
5
102
330
100
100
AcDbDictionary
281
1
3
Normal
350
103
100
AcDbDictionaryWithDefault
340
103
0
ACDBPLACEHOLDER
5
103
330
102
0
DICTIONARY
5
104
330
100
100
AcDbDictionary
281
1
3
Model
350
105
3
Layout1
350
106
0
LAYOUT
5
105
330
104
100
AcDbPlotSettings
1

2
none_device
4

6

40
0
41
0
42
0
43
0
44
0
45
0
46
0
47
0
48
0
49
0
140
0
141
0
142
1
143
1
70
1712
72
0
73
0
74
5
7

75
16
147
1
148
0
149
0
100
AcDbLayout
1
Model
70
1
71
0
10
0
20
0
11
12
21
9
12
0
22
0
32
0
14
0
24
0
34
0
15
0
25
0
35
0
146
0
13
0
23
0
33
0
16
1
26
0
36
0
17
0
27
1
37
0
76
0
330
108
0
LAYOUT
5
106
330
104
100
AcDbPlotSettings
1

2
none_device
4

6

40
0
41
0
42
0
43
0
44
0
45
0
46
0
47
0
48
0
49
0
140
0
141
0
142
1
143
1
70
688
72
0
73
0
74
5
7

75
16
147
1
148
0
149
0
100
AcDbLayout
1
Layout1
70
1
71
1
10
0
20
0
11
12
21
9
12
0
22
0
32
0
14
0
24
0
34
0
15
0
25
0
35
0
146
0
13
0
23
0
33
0
16
1
26
0
36
0
17
0
27
1
37
0
76
0
330
109
0
ENDSEC
0
EOF
